mtllib snag.mtl
o tmpb54r9h_aply
usemtl material8
v -0.9943677186965942 0.18460726737976074 -0.18912476301193237
v -0.9927895665168762 0.1849079430103302 -0.2190677374601364
v -0.9948972463607788 0.18053758144378662 -0.20467759668827057
v -1.0000766515731812 0.22844304144382477 -0.2103426605463028
v -1.0003139972686768 0.23048187792301178 -0.19903230667114258
v -0.9966491460800171 0.22529493272304535 -0.22177211940288544
v -0.9896217584609985 0.2600513994693756 -0.17947044968605042
v -0.9791737794876099 0.17101742327213287 -0.23541757464408875
v -0.9843717217445374 0.18333053588867188 -0.16841764748096466
v -0.9939503073692322 0.20963044464588165 -0.18010829389095306
v -0.9885894060134888 0.20324912667274475 -0.2327171266078949
v -0.9887481927871704 0.2353469282388687 -0.23602542281150818
v -0.9942513108253479 0.26976481080055237 -0.2185259461402893
v -0.9941394925117493 0.2762354910373688 -0.20023292303085327
v -0.9772366881370544 0.13734550774097443 -0.18859060108661652
v -0.9703323841094971 0.14068663120269775 -0.22957512736320496
v -0.9864290952682495 0.15445645153522491 -0.20412731170654297
v -0.9865562319755554 0.15906952321529388 -0.18786272406578064
v -0.9810068607330322 0.16064348816871643 -0.17199325561523438
v -0.987058162689209 0.1681094467639923 -0.22168132662773132
v -0.9860982894897461 0.21476289629936218 -0.16883917152881622
v -0.9756535291671753 0.2048567831516266 -0.158998042345047
v -0.9781628251075745 0.21199096739292145 -0.24538639187812805
v -0.9745888113975525 0.22480016946792603 -0.16013693809509277
v -0.986892819404602 0.26752492785453796 -0.23463359475135803
v -0.9792609810829163 0.2731836140155792 -0.17174477875232697
v -0.9844158887863159 0.30050066113471985 -0.19101430475711823
v -0.9810377359390259 0.31753087043762207 -0.2121841013431549
v -0.9668424129486084 0.1886332631111145 -0.24912488460540771
v -0.9704528450965881 0.264080673456192 -0.1644739806652069
v -0.9651883840560913 0.24273894727230072 -0.253059983253479
v -0.9810692667961121 0.26473405957221985 -0.2420240044593811
v -0.9729272723197937 0.29306140542030334 -0.24381902813911438
v -0.9788824319839478 0.3100896179676056 -0.22938279807567596
v -0.969825267791748 0.33605191111564636 -0.19509878754615784
v -0.9692440629005432 0.1255653202533722 -0.21376270055770874
v -0.9700261354446411 0.15511614084243774 -0.1594613790512085
v -0.9675190448760986 0.18133442103862762 -0.1535627841949463
v -0.9572468996047974 0.18717847764492035 -0.15002307295799255
v -0.9632836580276489 0.21305391192436218 -0.15441805124282837
v -0.9584720134735107 0.27206316590309143 -0.2539992928504944
v -0.9678846597671509 0.3361346125602722 -0.228410542011261
v -0.967558741569519 0.3209817111492157 -0.179221972823143
v -0.9626476764678955 0.12509258091449738 -0.16732658445835114
v -0.9651022553443909 0.15091127157211304 -0.24144874513149261
v -0.9584287405014038 0.14708319306373596 -0.1516057252883911
v -0.9558209776878357 0.15808330476284027 -0.2491631805896759
v -0.9556204676628113 0.23932641744613647 -0.2549104392528534
v -0.9559223651885986 0.22869326174259186 -0.1559980809688568
v -0.9577321410179138 0.2810327410697937 -0.1634729653596878
v -0.9631863236427307 0.29828202724456787 -0.1678857058286667
v -0.9579306840896606 0.30905836820602417 -0.2503482699394226
v -0.9633939266204834 0.32787665724754333 -0.24024569988250732
v -0.961134672164917 0.35602614283561707 -0.216631218791008
v -0.9169856309890747 0.06345114856958389 -0.21920517086982727
v -0.9708011150360107 0.12480705976486206 -0.19993411004543304
v -0.9499908685684204 0.09946604818105698 -0.1766628623008728
v -0.9506381750106812 0.11011593043804169 -0.22791652381420135
v -0.947987973690033 0.15242300927639008 -0.14566569030284882
v -0.942317545413971 0.15389032661914825 -0.2514450252056122
v -0.9515417218208313 0.19843919575214386 -0.2538282871246338
v -0.9472686648368835 0.2755970060825348 -0.25468510389328003
v -0.9478757977485657 0.21438932418823242 -0.15432177484035492
v -0.9470508098602295 0.27905791997909546 -0.16343244910240173
v -0.9431413412094116 0.31335964798927307 -0.25331297516822815
v -0.9487183690071106 0.3431923985481262 -0.17548775672912598
v -0.9469701647758484 0.33892443776130676 -0.2479468435049057
v -0.9469723701477051 0.37740230560302734 -0.2083413004875183
v -0.9474657773971558 0.36094751954078674 -0.18474629521369934
v -0.9311190247535706 0.07229208946228027 -0.20663616061210632
v -0.9367735385894775 0.10581707209348679 -0.23862430453300476
v -0.9357373714447021 0.11320089548826218 -0.14478138089179993
v -0.9505864977836609 0.1294315755367279 -0.24273855984210968
v -0.9358112215995789 0.16530226171016693 -0.25154995918273926
v -0.9313299655914307 0.18772846460342407 -0.2497091144323349
v -0.9422921538352966 0.2092960774898529 -0.2531658411026001
v -0.939201831817627 0.2179219126701355 -0.15761098265647888
v -0.9395681619644165 0.26899316906929016 -0.16455607116222382
v -0.9346679449081421 0.29392027854919434 -0.2523835301399231
v -0.9339140057563782 0.29653578996658325 -0.16798141598701477
v -0.941979169845581 0.32449576258659363 -0.16905856132507324
v -0.9344910383224487 0.33885395526885986 -0.2511271834373474
v -0.9447371959686279 0.37090158462524414 -0.23214371502399445
v -0.9476789236068726 0.3750705122947693 -0.22025913000106812
v -0.9555990695953369 0.36254942417144775 -0.20066499710083008
v -0.938513994216919 0.09530403465032578 -0.1556542068719864
v -0.9301267862319946 0.10951557755470276 -0.24435998499393463
v -0.9326702356338501 0.18383987247943878 -0.15161027014255524
v -0.9395986795425415 0.2520224153995514 -0.2522379159927368
v -0.9311650395393372 0.2488466054201126 -0.1677030324935913
v -0.929378867149353 0.3253096640110016 -0.25119689106941223
v -0.9274083971977234 0.3607501983642578 -0.24788911640644073
v -0.9308260679244995 0.37933918833732605 -0.18338041007518768
v -0.9380664229393005 0.3817901909351349 -0.19213348627090454
v -0.9215779900550842 0.4073810279369354 -0.22402098774909973
v -0.9270890355110168 0.06266707926988602 -0.18198896944522858
v -0.9162123799324036 0.056392084807157516 -0.16346247494220734
v -0.913122296333313 0.06142966449260712 -0.153050035238266
v -0.926089882850647 0.08743814378976822 -0.1468137502670288
v -0.9308341145515442 0.1250624805688858 -0.24876244366168976
v -0.9332979917526245 0.1397799700498581 -0.14278267323970795
v -0.9314020872116089 0.23152035474777222 -0.24762718379497528
v -0.9309884905815125 0.2557452619075775 -0.24788229167461395
v -0.9226574897766113 0.2717949450016022 -0.24142900109291077
v -0.9242772459983826 0.27248674631118774 -0.1760333776473999
v -0.923057496547699 0.3129701614379883 -0.24772219359874725
v -0.9310411810874939 0.32268404960632324 -0.17021623253822327
v -0.9185348153114319 0.347734659910202 -0.17581649124622345
v -0.9311555027961731 0.35520827770233154 -0.17430132627487183
v -0.9175690412521362 0.3696307837963104 -0.17794251441955566
v -0.9217957854270935 0.38081181049346924 -0.18088191747665405
v -0.9356482625007629 0.37149083614349365 -0.24121205508708954
v -0.9174975156784058 0.41192907094955444 -0.19831252098083496
v -0.9098927974700928 0.04462345689535141 -0.20060458779335022
v -0.939434289932251 0.1667664349079132 -0.14618399739265442
v -0.912417471408844 0.15564082562923431 -0.15069977939128876
v -0.9293375015258789 0.206556037068367 -0.16048724949359894
v -0.9215823411941528 0.2044595628976822 -0.24087782204151154
v -0.9101102948188782 0.18602973222732544 -0.170419842004776
v -0.9145487546920776 0.21393445134162903 -0.18095408380031586
v -0.9204429984092712 0.2136383205652237 -0.17082783579826355
v -0.91864413022995 0.25689971446990967 -0.18528974056243896
v -0.9224771857261658 0.24095405638217926 -0.17585331201553345
v -0.9233443737030029 0.2546924948692322 -0.2401258498430252
v -0.9119473695755005 0.2862023413181305 -0.2237875610589981
v -0.9177879691123962 0.26423200964927673 -0.23184746503829956
v -0.9126019477844238 0.30623865127563477 -0.18858374655246735
v -0.9143232107162476 0.3057256042957306 -0.2374437004327774
v -0.9205175638198853 0.3194310665130615 -0.17582811415195465
v -0.9185694456100464 0.35150668025016785 -0.24859154224395752
v -0.9153985977172852 0.372024804353714 -0.24675793945789337
v -0.9215779900550842 0.38055166602134705 -0.2438880354166031
v -0.9098753333091736 0.3982316553592682 -0.2421877533197403
v -0.9185891151428223 0.40415868163108826 -0.23278385400772095
v -0.9016803503036499 0.05757252499461174 -0.14525645971298218
v -0.9141138792037964 0.06889735907316208 -0.22799576818943024
v -0.9125320315361023 0.08442601561546326 -0.23912812769412994
v -0.9168334007263184 0.12655118107795715 -0.24879850447177887
v -0.9119479060173035 0.10858656466007233 -0.24717071652412415
v -0.9031984210014343 0.11683550477027893 -0.13959506154060364
v -0.918323278427124 0.17570210993289948 -0.2431325763463974
v -0.9126338958740234 0.17452795803546906 -0.16063307225704193
v -0.9150987267494202 0.21768642961978912 -0.22873443365097046
v -0.9102529883384705 0.22315393388271332 -0.20787426829338074
v -0.9121302962303162 0.24953171610832214 -0.20629535615444183
v -0.9170784950256348 0.24639998376369476 -0.22904257476329803
v -0.9122124910354614 0.26593875885009766 -0.2119019478559494
v -0.9071380496025085 0.3031962513923645 -0.21223871409893036
v -0.9120141863822937 0.2845519781112671 -0.19799953699111938
v -0.9088881015777588 0.3413033187389374 -0.18371005356311798
v -0.9089743494987488 0.3425156772136688 -0.24126355350017548
v -0.9044678807258606 0.360343337059021 -0.1834343820810318
v -0.9035895466804504 0.35936862230300903 -0.2418552041053772
v -0.9037011861801147 0.375134140253067 -0.1824137270450592
v -0.9121249914169312 0.41108381748199463 -0.191401869058609
v -0.925665020942688 0.40537548065185547 -0.2159651219844818
v -0.9192512631416321 0.4129377007484436 -0.20819924771785736
v -0.9006803035736084 0.4208698570728302 -0.19155585765838623
v -0.912190854549408 0.09213654696941376 -0.1385425478219986
v -0.9176932573318481 0.1599787324666977 -0.2457391619682312
v -0.8999617695808411 0.1281326413154602 -0.24319523572921753
v -0.8990859389305115 0.13059410452842712 -0.14565834403038025
v -0.8992992639541626 0.1609131544828415 -0.22884276509284973
v -0.8937788009643555 0.160978302359581 -0.17308558523654938
v -0.9083548784255981 0.18440720438957214 -0.22914499044418335
v -0.8962329030036926 0.17664770781993866 -0.20142722129821777
v -0.9023119211196899 0.1825091689825058 -0.1809946894645691
v -0.900859534740448 0.18194478750228882 -0.21330559253692627
v -0.906184196472168 0.2025282233953476 -0.19711871445178986
v -0.9029098749160767 0.3364536762237549 -0.22992533445358276
v -0.8995124697685242 0.3359512984752655 -0.21606428921222687
v -0.9033342003822327 0.32380738854408264 -0.20401889085769653
v -0.9013758897781372 0.3401942551136017 -0.19518043100833893
v -0.9043868780136108 0.3835742473602295 -0.2441580444574356
v -0.8942520022392273 0.4144786596298218 -0.18784506618976593
v -0.8920847773551941 0.031135685741901398 -0.20487628877162933
v -0.9123912453651428 0.04565218463540077 -0.17909887433052063
v -0.8859034180641174 0.04963292181491852 -0.23382015526294708
v -0.9036197662353516 0.09748805314302444 -0.1372169703245163
v -0.8960497379302979 0.14292405545711517 -0.1541406512260437
v -0.8837141990661621 0.1451423317193985 -0.21662087738513947
v -0.8879501819610596 0.3694230020046234 -0.21859347820281982
v -0.8914223909378052 0.3774031102657318 -0.1917850375175476
v -0.8941948413848877 0.38702717423439026 -0.24039576947689056
v -0.8937082290649414 0.3975178301334381 -0.1862177848815918
v -0.9035106897354126 0.3977643549442291 -0.1839417666196823
v -0.8949108123779297 0.4157693386077881 -0.23906663060188293
v -0.8931519389152527 0.4293784499168396 -0.23311391472816467
v -0.8816933035850525 0.45214083790779114 -0.2083549201488495
v -0.8892908096313477 0.03932614624500275 -0.22188310325145721
v -0.8913447260856628 0.05912851542234421 -0.13877959549427032
v -0.8865587115287781 0.09259184449911118 -0.24334052205085754
v -0.8803563117980957 0.12462776154279709 -0.15253858268260956
v -0.8824230432510376 0.1483229398727417 -0.1807907521724701
v -0.8840489983558655 0.1523624211549759 -0.20439337193965912
v -0.8917438387870789 0.35899364948272705 -0.20821978151798248
v -0.8862171769142151 0.38072288036346436 -0.22867253422737122
v -0.8868052959442139 0.3768669068813324 -0.20017537474632263
v -0.8828487992286682 0.4055527150630951 -0.19076403975486755
v -0.8757495284080505 0.41175493597984314 -0.23322978615760803
v -0.8850389719009399 0.4172493815422058 -0.23870401084423065
v -0.8850458860397339 0.4340009093284607 -0.2347392737865448
v -0.8812428116798401 0.45276105403900146 -0.21604998409748077
v -0.8856725096702576 0.44450506567955017 -0.20012177526950836
v -0.8869306445121765 0.024006644263863564 -0.18940940499305725
v -0.8821115493774414 0.027485935017466545 -0.15925130248069763
v -0.8962981700897217 0.08547186106443405 -0.24362297356128693
v -0.8694906234741211 0.08453437685966492 -0.13591276109218597
v -0.880207896232605 0.12540403008460999 -0.22992199659347534
v -0.884242057800293 0.14037755131721497 -0.16395746171474457
v -0.8809187412261963 0.14932824671268463 -0.19238828122615814
v -0.8758946657180786 0.4283440411090851 -0.23656512796878815
v -0.8787159323692322 0.42301586270332336 -0.1908252090215683
v -0.8779133558273315 0.4392169117927551 -0.1933659166097641
v -0.8845049142837524 0.44603097438812256 -0.22444134950637817
v -0.8759439587593079 0.4523182809352875 -0.20028693974018097
v -0.8702418208122253 0.0146032078191638 -0.19813081622123718
v -0.873866081237793 0.01635175198316574 -0.1736775040626526
v -0.8730493783950806 0.022216251119971275 -0.2137254774570465
v -0.865642786026001 0.05184738710522652 -0.24078992009162903
v -0.8713793754577637 0.05652789771556854 -0.13335292041301727
v -0.8579082489013672 0.06048169359564781 -0.13141986727714539
v -0.873835027217865 0.09619291871786118 -0.2396797388792038
v -0.8615809679031372 0.1217455267906189 -0.20820248126983643
v -0.8761560320854187 0.39584141969680786 -0.20826417207717896
v -0.8631943464279175 0.4225597381591797 -0.22486203908920288
v -0.870712399482727 0.41391506791114807 -0.19921502470970154
v -0.8664008975028992 0.43429479002952576 -0.1945541352033615
v -0.8686790466308594 0.4463904798030853 -0.19476661086082458
v -0.8597479462623596 0.02698049508035183 -0.22835442423820496
v -0.8719761967658997 0.03207044675946236 -0.143270805478096
v -0.8647662401199341 0.11602280288934708 -0.22147126495838165
v -0.8578019738197327 0.10850002616643906 -0.15578438341617584
v -0.8711257576942444 0.40567973256111145 -0.22005651891231537
v -0.8581905364990234 0.4267353117465973 -0.2079472839832306
v -0.8666619658470154 0.432167649269104 -0.2339630424976349
v -0.8606520295143127 0.4483944773674011 -0.19562509655952454
v -0.8665717244148254 0.454727441072464 -0.2310897707939148
v -0.860661506652832 0.4598054587841034 -0.1982007473707199
v -0.8505896925926208 0.001462774584069848 -0.18203741312026978
v -0.851219892501831 0.005180030129849911 -0.15845069289207458
v -0.8589303493499756 0.01685800589621067 -0.14796316623687744
v -0.8411885499954224 0.06450044363737106 -0.2382192611694336
v -0.8563979864120483 0.09396760165691376 -0.14395096898078918
v -0.8503980040550232 0.11248882859945297 -0.17277827858924866
v -0.862700879573822 0.12787020206451416 -0.19168682396411896
v -0.852438747882843 0.4434087574481964 -0.19952821731567383
v -0.8574802875518799 0.45178931951522827 -0.23327073454856873
v -0.8528015613555908 0.4519455134868622 -0.19723588228225708
v -0.8528015613555908 0.4598054587841034 -0.1973206102848053
v -0.8528015613555908 0.4676653742790222 -0.2290678769350052
v -0.8606176972389221 0.4677742123603821 -0.22408170998096466
v -0.8530719876289368 0.46812042593955994 -0.19989007711410522
v -0.8361243009567261 0.4909098148345947 -0.21601833403110504
v -0.8467856645584106 0.0028876299038529396 -0.20097975432872772
v -0.8309168815612793 0.003399831475690007 -0.1412576138973236
v -0.8409873843193054 0.01530427485704422 -0.13712674379348755
v -0.8399524092674255 0.027581168338656425 -0.23366521298885345
v -0.8273487687110901 0.0350266732275486 -0.1259538233280182
v -0.8306505680084229 0.10014694184064865 -0.18801313638687134
v -0.856119692325592 0.42875900864601135 -0.21613971889019012
v -0.844984769821167 0.4441410303115845 -0.20828793942928314
v -0.8437008261680603 0.4516788721084595 -0.22623448073863983
v -0.8454207181930542 0.4523678421974182 -0.20059643685817719
v -0.8501449823379517 0.4601227641105652 -0.2317800372838974
v -0.8434816002845764 0.459547221660614 -0.19904808700084686
v -0.8457854390144348 0.47318893671035767 -0.20017322897911072
v -0.8445401191711426 -0.0014790092827752233 -0.173799067735672
v -0.8155695796012878 -0.004064745735377073 -0.21217714250087738
v -0.8386268019676208 0.009803008288145065 -0.2202559858560562
v -0.8435080647468567 0.02988537773489952 -0.13083620369434357
v -0.8419154286384583 0.04830585792660713 -0.23993033170700073
v -0.8523750901222229 0.08986912667751312 -0.23207786679267883
v -0.8347731232643127 0.09796912223100662 -0.2072540670633316
v -0.8281794190406799 0.08401767164468765 -0.2205844521522522
v -0.8406651616096497 0.0968213602900505 -0.15603068470954895
v -0.835494339466095 0.454767107963562 -0.21608710289001465
v -0.837123453617096 0.45415377616882324 -0.2082025706768036
v -0.8410747647285461 0.46769046783447266 -0.23018452525138855
v -0.8399466276168823 0.4753130078315735 -0.22923405468463898
v -0.8503281474113464 0.47854122519493103 -0.20825117826461792
v -0.8334150910377502 0.4892997145652771 -0.20660123229026794
v -0.8231030702590942 0.030669206753373146 -0.23592522740364075
v -0.8414581418037415 0.06724441796541214 -0.13325537741184235
v -0.8362422585487366 0.4591059386730194 -0.22525237500667572
v -0.827357292175293 0.47165486216545105 -0.22734805941581726
v -0.8339361548423767 0.4742821753025055 -0.20109830796718597
v -0.8330564498901367 0.48719045519828796 -0.22556783258914948
v -0.804145872592926 0.0006281049572862685 -0.22186064720153809
v -0.8245998620986938 0.04338129609823227 -0.23739786446094513
v -0.8092532157897949 0.05209001526236534 -0.23249876499176025
v -0.8114749789237976 0.08173540979623795 -0.15367138385772705
v -0.8167265057563782 0.09218127280473709 -0.1749347597360611
v -0.8247631788253784 0.47020387649536133 -0.20637090504169464
v -0.8244296908378601 0.4854876697063446 -0.22886349260807037
v -0.8243391513824463 0.4852968156337738 -0.2035551816225052
v -0.8115223050117493 0.500084400177002 -0.2275034338235855
v -0.7957483530044556 -0.01238708570599556 -0.1405065655708313
v -0.8194590210914612 0.0562409833073616 -0.12894459068775177
v -0.825581431388855 0.06858143955469131 -0.23113559186458588
v -0.804335355758667 0.0867583230137825 -0.1805431842803955
v -0.8165079355239868 0.478563129901886 -0.2255198359489441
v -0.8075509071350098 0.4911353588104248 -0.22900208830833435
v -0.8158876895904541 0.5029406547546387 -0.21602579951286316
v -0.8144118189811707 0.49910634756088257 -0.20809508860111237
v -0.8130125999450684 -0.012087871320545673 -0.19385145604610443
v -0.8198531270027161 -0.011736709624528885 -0.17544029653072357
v -0.8173086643218994 -0.010440602898597717 -0.15580876171588898
v -0.7921537756919861 -0.004243524745106697 -0.12944823503494263
v -0.7983408570289612 0.010340481996536255 -0.22908520698547363
v -0.7771888375282288 0.023678399622440338 -0.1180945411324501
v -0.7983214259147644 0.074196457862854 -0.21185605227947235
v -0.7913254499435425 0.08070659637451172 -0.1694193035364151
v -0.793057382106781 -0.4279373288154602 -0.21383875608444214
v -0.8029252886772156 -0.3636787235736847 -0.21921639144420624
v -0.7987890839576721 -0.35702788829803467 -0.20420901477336884
v -0.8028014302253723 -0.3569941520690918 -0.24483875930309296
v -0.8042376041412354 -0.3567972481250763 -0.23088452219963074
v -0.8025274872779846 -0.34472930431365967 -0.2234320044517517
v -0.7970734238624573 -0.3362101912498474 -0.24534352123737335
v -0.8093249797821045 0.0087110111489892 -0.1276630014181137
v -0.7859171032905579 0.01722257398068905 -0.2310682237148285
v -0.7865210175514221 0.029298152774572372 -0.23235023021697998
v -0.8171842694282532 0.045821335166692734 -0.12547090649604797
v -0.8211780786514282 0.0716826543211937 -0.13925911486148834
v -0.795931875705719 0.0812477171421051 -0.19371505081653595
v -0.7819903492927551 0.07390514016151428 -0.20076429843902588
v -0.8157547116279602 0.4747515916824341 -0.2160937339067459
v -0.8071685433387756 0.4886569380760193 -0.20668822526931763
v -0.8011305332183838 0.500291645526886 -0.20682737231254578
v -0.7954487204551697 -0.42607343196868896 -0.22906601428985596
v -0.7888768315315247 -0.45427170395851135 -0.2189120203256607
v -0.7891955971717834 -0.42424845695495605 -0.2536349892616272
v -0.7897474765777588 -0.4386652112007141 -0.20864363014698029
v -0.7978292107582092 -0.40199708938598633 -0.24451954662799835
v -0.7957080602645874 -0.3677813410758972 -0.25803470611572266
v -0.792367160320282 -0.35054871439933777 -0.19732758402824402
v -0.7943226099014282 -0.34588706493377686 -0.25753894448280334
v -0.7899587154388428 -0.32453954219818115 -0.2323382943868637
v -0.7961899042129517 -0.3365134596824646 -0.2114284485578537
v -0.7730640172958374 0.007314994465559721 -0.11864475905895233
v -0.7885921597480774 0.055487990379333496 -0.22496847808361053
v -0.7799147367477417 0.06626728177070618 -0.1403452306985855
v -0.7970558404922485 0.4904486835002899 -0.2251269668340683
v -0.7922329306602478 0.4915878474712372 -0.21635578572750092
v -0.790912926197052 0.5024943947792053 -0.2293684184551239
v -0.7819352746009827 0.4985981285572052 -0.2251954972743988
v -0.7899221777915955 0.4991050660610199 -0.21025998890399933
v -0.793877124786377 0.5070804357528687 -0.21040688455104828
v -0.7943243384361267 0.5106019973754883 -0.2247450053691864
v -0.7873224020004272 0.5134365558624268 -0.21624340116977692
v -0.7830504775047302 -0.47186025977134705 -0.2358900010585785
v -0.7917907238006592 -0.43666642904281616 -0.23977455496788025
v -0.7902742624282837 -0.399527370929718 -0.2004794180393219
v -0.7815724015235901 -0.4106176495552063 -0.1946018636226654
v -0.7779764533042908 -0.37427785992622375 -0.18561141192913055
v -0.7898151874542236 -0.3668621778488159 -0.19256548583507538
v -0.7790781259536743 -0.36391836404800415 -0.18641674518585205
v -0.7815241813659668 -0.3382442891597748 -0.1972331553697586
v -0.7647581100463867 0.03939155489206314 -0.11989963799715042
v -0.7720557451248169 0.03844344988465309 -0.22872422635555267
v -0.7852000594139099 0.05545646324753761 -0.1291486769914627
v -0.7770280838012695 0.07756069302558899 -0.17673908174037933
v -0.7784931063652039 0.5069926977157593 -0.21197295188903809
v -0.771873950958252 -0.5116266012191772 -0.23753079771995544
v -0.7743901610374451 -0.5030726194381714 -0.22062957286834717
v -0.7755699157714844 -0.4861446022987366 -0.24690499901771545
v -0.7707152366638184 -0.48476642370224 -0.25597450137138367
v -0.7806831002235413 -0.44821152091026306 -0.19969132542610168
v -0.775303304195404 -0.4304027259349823 -0.1944783627986908
v -0.7742343544960022 -0.38470685482025146 -0.27176186442375183
v -0.7744801044464111 -0.3829435110092163 -0.05294919013977051
v -0.7778556942939758 -0.36229610443115234 -0.02113582007586956
v -0.7781724333763123 -0.3715328574180603 -0.03886919096112251
v -0.7760404944419861 -0.34963855147361755 -0.2697344422340393
v -0.7781257629394531 -0.35771825909614563 -0.044257622212171555
v -0.7757470607757568 -0.3515204191207886 -0.017281636595726013
v -0.7758173942565918 -0.3452872931957245 -0.0409407913684845
v -0.777141809463501 -0.3292648494243622 -0.2585785686969757
v -0.7798534035682678 -0.317443311214447 -0.22990524768829346
v -0.778251051902771 -0.31899526715278625 -0.21962636709213257
v -0.7796239256858826 -0.3194352686405182 -0.24393655359745026
v -0.7906838059425354 -0.020543377846479416 -0.1683296114206314
v -0.7782827019691467 0.07403770834207535 -0.156002014875412
v -0.777722179889679 0.507110059261322 -0.22967880964279175
v -0.7807182669639587 0.4987986087799072 -0.21525660157203674
v -0.7741559743881226 0.5146611928939819 -0.21688704192638397
v -0.766000509262085 -0.5089550018310547 -0.20368292927742004
v -0.7744883894920349 -0.4854668378829956 -0.20830516517162323
v -0.764013946056366 -0.4916611909866333 -0.19771014153957367
v -0.7614077925682068 -0.4906637668609619 -0.26400861144065857
v -0.7566476464271545 -0.4807102084159851 -0.19125021994113922
v -0.7759220004081726 -0.4348059594631195 -0.2641386091709137
v -0.7646461725234985 -0.4240082800388336 -0.04718166962265968
v -0.7715246677398682 -0.41822245717048645 -0.19096484780311584
v -0.7730528712272644 -0.4009142816066742 -0.03434552252292633
v -0.7727620601654053 -0.39816564321517944 -0.02201385796070099
v -0.7661262154579163 -0.39942625164985657 -0.010284881107509136
v -0.7581447958946228 -0.3874015212059021 -0.2837073504924774
v -0.7739120721817017 -0.37030479311943054 -0.012147832661867142
v -0.7609814405441284 -0.3738505244255066 -0.18579496443271637
v -0.7677947282791138 -0.3756678104400635 -0.06792809814214706
v -0.7708485722541809 -0.3612257242202759 -0.06530001014471054
v -0.7671295404434204 -0.35844066739082336 -0.28276291489601135
v -0.7669469714164734 -0.3429359793663025 -0.2788630723953247
v -0.7648779153823853 -0.3456588387489319 -0.19134609401226044
v -0.7640087604522705 -0.35520559549331665 -0.00375602045096457
v -0.7710193395614624 -0.34113529324531555 -0.02131710946559906
v -0.7767236232757568 -0.02300788089632988 -0.18065199255943298
v -0.7676479816436768 -0.0036343284882605076 -0.12101724743843079
v -0.7725708484649658 0.05698093771934509 -0.2190750241279602
v -0.7641835808753967 0.0635375902056694 -0.20925135910511017
v -0.7637158632278442 0.5071749091148376 -0.2234085649251938
v -0.7714313268661499 0.5155386924743652 -0.2254839837551117
v -0.7635527849197388 0.5154793858528137 -0.2211601734161377
v -0.7543620467185974 -0.5430988669395447 -0.22726601362228394
v -0.7651745676994324 -0.526427149772644 -0.21812163293361664
v -0.7607438564300537 -0.5341470837593079 -0.2537849247455597
v -0.7621030807495117 -0.5131257772445679 -0.2608039677143097
v -0.7433159947395325 -0.47076836228370667 -0.1857524961233139
v -0.7584924697875977 -0.4377959668636322 -0.19026914238929749
v -0.7604203224182129 -0.4376870095729828 -0.019398408010601997
v -0.7450345158576965 -0.4414428472518921 -0.2803199589252472
v -0.748877763748169 -0.4258438050746918 -0.189215749502182
v -0.7634102702140808 -0.4109812080860138 -0.057949427515268326
v -0.7515131831169128 -0.39520519971847534 0.00341606792062521
v -0.7666826248168945 -0.37050873041152954 -0.004542688373476267
v -0.7622600793838501 -0.3627161383628845 -0.18720707297325134
v -0.7589500546455383 -0.35334500670433044 -0.28766414523124695
v -0.7546413540840149 -0.34794381260871887 0.0014035147614777088
v -0.7594947814941406 -0.3364538550376892 -0.28148770332336426
v -0.7514792680740356 -0.33581432700157166 -0.005394838284701109
v -0.7663072347640991 -0.347993403673172 -0.06436871737241745
v -0.7678666114807129 -0.3376959264278412 -0.04834019020199776
v -0.7816994786262512 -0.32876279950141907 -0.206083744764328
v -0.7537341117858887 -0.3083440363407135 -0.224017933011055
v -0.7569237947463989 -0.3082191050052643 -0.23608706891536713
v -0.783502459526062 -0.018268097192049026 -0.1968158781528473
v -0.760487973690033 -0.016431467607617378 -0.2086663693189621
v -0.7646591067314148 -0.024905376136302948 -0.1520189344882965
v -0.7575974464416504 -0.003509892150759697 -0.2223602831363678
v -0.7516007423400879 0.07125552743673325 -0.1866280734539032
v -0.7505781054496765 -0.5466662645339966 -0.26772305369377136
v -0.7563793659210205 -0.5335081219673157 -0.2677226662635803
v -0.7524171471595764 -0.5271839499473572 -0.19285951554775238
v -0.750088095664978 -0.5023704171180725 -0.27237021923065186
v -0.7542486786842346 -0.5080426335334778 -0.1888275146484375
v -0.7555364370346069 -0.4531816244125366 -0.0518328920006752
v -0.7537279725074768 -0.4679102301597595 -0.040654513984918594
v -0.7514105439186096 -0.4536033272743225 -0.05936911329627037
v -0.7592408657073975 -0.44753921031951904 -0.027550246566534042
v -0.7507503628730774 -0.4736132025718689 -0.2731252610683441
v -0.7523044347763062 -0.4135642349720001 -0.06850986182689667
v -0.7642154097557068 -0.4086487591266632 -0.27535831928253174
v -0.7506642937660217 -0.4118728041648865 -0.2834007143974304
v -0.760132372379303 -0.4201556146144867 -0.009531772695481777
v -0.7442421317100525 -0.41494470834732056 0.00801108404994011
v -0.7420035004615784 -0.4180280268192291 -0.19065134227275848
v -0.7651394605636597 -0.3936142921447754 -0.18619458377361298
v -0.7606762647628784 -0.3961470425128937 -0.06833906471729279
v -0.7533086538314819 -0.3850025236606598 -0.07829805463552475
v -0.750245213508606 -0.38895654678344727 0.004630286246538162
v -0.7507106065750122 -0.37710317969322205 -0.2869288921356201
v -0.7545920014381409 -0.37091177701950073 -0.07904041558504105
v -0.7555481791496277 -0.35348576307296753 -0.07546462118625641
v -0.7506847381591797 -0.3447648882865906 -0.2873070240020752
v -0.7505446076393127 -0.331321656703949 -0.2819599211215973
v -0.7474672794342041 -0.32385313510894775 -0.05208761245012283
v -0.7667971253395081 -0.3362334668636322 -0.023001788184046745
v -0.7632532715797424 -0.33058205246925354 -0.035937462002038956
v -0.7445312142372131 -0.31904229521751404 -0.27101969718933105
v -0.7650727033615112 -0.017725057899951935 -0.13198961317539215
v -0.7443625926971436 -0.012018142268061638 -0.11909347027540207
v -0.7419418692588806 0.02001514472067356 -0.22615180909633636
v -0.7379525303840637 0.028733231127262115 -0.11299480497837067
v -0.7586997151374817 0.05777856335043907 -0.13183605670928955
v -0.7431356906890869 -0.5473529696464539 -0.2792874872684479
v -0.7508101463317871 -0.5496003031730652 -0.24968597292900085
v -0.7450869679450989 -0.5415030717849731 -0.19600068032741547
v -0.7413228750228882 -0.5354292392730713 -0.1769280880689621
v -0.7462299466133118 -0.5202085971832275 -0.1803293526172638
v -0.7383929491043091 -0.5072997212409973 -0.28099432587623596
v -0.743665337562561 -0.507107675075531 -0.03928282856941223
v -0.7435123920440674 -0.5007632374763489 -0.01402132399380207
v -0.7425379157066345 -0.49459362030029297 -0.1814705729484558
v -0.7439200282096863 -0.5089517831802368 -0.02945881150662899
v -0.7509228587150574 -0.4592767059803009 -0.008377088233828545
v -0.7341172695159912 -0.46369668841362 -0.18444359302520752
v -0.7380968332290649 -0.4331374168395996 -0.07340911775827408
v -0.7424368262290955 -0.4249853789806366 -0.2833664119243622
v -0.7422384023666382 -0.39826101064682007 -0.28830933570861816
v -0.7473631501197815 -0.35482507944107056 -0.191599503159523
v -0.7427752017974854 -0.34017032384872437 -0.2842891812324524
v -0.7384694814682007 -0.3239341676235199 -0.27893298864364624
v -0.7437456250190735 -0.3219507932662964 -0.014581159688532352
v -0.7634485960006714 -0.32493001222610474 -0.2617223858833313
v -0.74588942527771 -0.3311777412891388 -0.19642414152622223
v -0.7484571933746338 -0.3191050589084625 -0.043204404413700104
v -0.7417802214622498 -0.18219542503356934 -0.23796549439430237
v -0.7408635020256042 -0.13407395780086517 -0.25386032462120056
v -0.746978223323822 -0.15067121386528015 -0.21733438968658447
v -0.7469356656074524 -0.12495388090610504 -0.1981014907360077
v -0.7464847564697266 -0.1460595726966858 -0.2325872778892517
v -0.7414894104003906 -0.11628953367471695 -0.03343110531568527
v -0.7427672147750854 -0.11046001315116882 -0.23793745040893555
v -0.7465751767158508 -0.11255906522274017 -0.20820552110671997
v -0.7447758316993713 -0.13212990760803223 -0.05873112380504608
v -0.7301543951034546 -0.02915196493268013 -0.18187126517295837
v -0.731303870677948 -0.025377148762345314 -0.197256401181221
v -0.7483921647071838 0.06736248731613159 -0.19789272546768188
v -0.7531009316444397 0.07301349937915802 -0.16851802170276642
v -0.7397086024284363 0.0672079399228096 -0.14756211638450623
v -0.7417250275611877 -0.5554125308990479 -0.2559741735458374
v -0.7317016124725342 -0.5539296865463257 -0.21119263768196106
v -0.7444624304771423 -0.5338871479034424 -0.2847127318382263
v -0.7235848903656006 -0.5271792411804199 -0.29605627059936523
v -0.735965371131897 -0.5264484286308289 -0.1678280085325241
v -0.7422318458557129 -0.5151792168617249 -0.17604300379753113
v -0.7424766421318054 -0.4968341290950775 -0.05047622323036194
v -0.7329429984092712 -0.5205801129341125 -0.005876206327229738
v -0.74104905128479 -0.486179381608963 -0.0042033991776406765
v -0.7339476943016052 -0.46962761878967285 -0.2802734375
v -0.7420937418937683 -0.4816592335700989 -0.05895485728979111
v -0.7306690812110901 -0.4866207540035248 -0.06790312379598618
v -0.7414525747299194 -0.45954039692878723 -0.06684979796409607
v -0.727083146572113 -0.46120718121528625 0.01306024007499218
v -0.7347840666770935 -0.43943431973457336 -0.2821412682533264
v -0.7317166328430176 -0.4202216565608978 -0.28226733207702637
v -0.7396204471588135 -0.4356054961681366 -0.1891181617975235
v -0.7380146384239197 -0.4099741578102112 -0.07728994637727737
v -0.7358800768852234 -0.3832738399505615 0.022662067785859108
v -0.740453839302063 -0.3735571801662445 -0.2841934263706207
v -0.7388395071029663 -0.35273006558418274 -0.08162657916545868
v -0.7399693727493286 -0.3533352017402649 0.01768414117395878
v -0.739932119846344 -0.334136039018631 0.011766909621655941
v -0.7505853772163391 -0.31404945254325867 -0.21226702630519867
v -0.7276920676231384 -0.3050149381160736 -0.043143708258867264
v -0.7475349307060242 -0.31720879673957825 -0.03284227475523949
v -0.726649284362793 -0.3025401830673218 -0.035388585180044174
v -0.7324215769767761 -0.2911600172519684 -0.22818538546562195
v -0.739669680595398 -0.1905793398618698 -0.21865151822566986
v -0.7359832525253296 -0.18764826655387878 -0.1952018141746521
v -0.7335708141326904 -0.1920655518770218 -0.06060418114066124
v -0.7400856614112854 -0.1731153279542923 -0.2526080012321472
v -0.7379368543624878 -0.1845620572566986 -0.02780279703438282
v -0.740361213684082 -0.16585958003997803 -0.06106845661997795
v -0.7435854077339172 -0.15756212174892426 -0.1949947327375412
v -0.7417846918106079 -0.13822433352470398 -0.08455802500247955
v -0.7432180643081665 -0.1508518010377884 -0.037566669285297394
v -0.7288768887519836 -0.15076178312301636 0.0023067924194037914
v -0.7424534559249878 -0.12819062173366547 -0.1765209436416626
v -0.7389781475067139 -0.1436193734407425 -0.01610482670366764
v -0.7428314685821533 -0.12184114754199982 -0.08395189791917801
v -0.7407450079917908 -0.09920809417963028 -0.1826346516609192
v -0.7415894269943237 -0.09981323778629303 -0.07845597714185715
v -0.7340328693389893 -0.11522995680570602 -0.010271166451275349
v -0.7359229326248169 -0.10645085573196411 -0.164134219288826
v -0.7382380962371826 -0.08352208137512207 -0.054718680679798126
v -0.7366662621498108 -0.08333852142095566 -0.08708924055099487
v -0.7396798133850098 -0.08408575505018234 -0.20601093769073486
v -0.7627713680267334 -0.025950167328119278 -0.1672559231519699
v -0.7398386597633362 -0.023433761671185493 -0.13129949569702148
v -0.7437868714332581 -0.01155142579227686 -0.21669833362102509
v -0.7432656288146973 0.0070954966358840466 -0.2251635193824768
v -0.7321178317070007 0.04682522639632225 -0.12074380367994308
v -0.7231723666191101 0.06023809686303139 -0.13312406837940216
v -0.7346421480178833 -0.5551794171333313 -0.27573248744010925
v -0.7188475728034973 -0.5565990805625916 -0.285833477973938
v -0.728341281414032 -0.5579162240028381 -0.26061925292015076
v -0.7215115427970886 -0.5579932332038879 -0.18278126418590546
v -0.7316447496414185 -0.5492581129074097 -0.17434026300907135
v -0.7177379131317139 -0.5389387011528015 -0.29889824986457825
v -0.7296836972236633 -0.5406240224838257 -0.042588021606206894
v -0.7303205728530884 -0.534382700920105 -0.015693221241235733
v -0.7317984700202942 -0.528243899345398 -0.05574517324566841
v -0.7209402918815613 -0.5197756886482239 -0.1584724634885788
v -0.7244077324867249 -0.4994777739048004 -0.28265145421028137
v -0.7358986735343933 -0.5036014318466187 -0.17556555569171906
v -0.7243623733520508 -0.5056694149971008 -0.06996654719114304
v -0.7345386743545532 -0.5082966685295105 -0.05867287144064903
v -0.7239288091659546 -0.5053690671920776 0.012553627602756023
v -0.7283524870872498 -0.48988470435142517 -0.2810695767402649
v -0.7315702438354492 -0.4817778468132019 -0.1820250153541565
v -0.7297202348709106 -0.46890223026275635 -0.07099594175815582
v -0.7327448129653931 -0.4296662211418152 0.014116153120994568
v -0.7110424041748047 -0.4178149402141571 -0.26480916142463684
v -0.7283286452293396 -0.41945958137512207 -0.0781826376914978
v -0.7260316610336304 -0.4288250803947449 0.018769126385450363
v -0.7352917194366455 -0.4022359848022461 0.02003565803170204
v -0.7348281145095825 -0.3978648781776428 -0.2860505282878876
v -0.7178936004638672 -0.4141693115234375 -0.20037470757961273
v -0.7262693047523499 -0.38514789938926697 -0.0797087773680687
v -0.7270298004150391 -0.3966560661792755 0.025511015206575394
v -0.7324928641319275 -0.3868488669395447 -0.19377879798412323
v -0.7392630577087402 -0.38442614674568176 -0.08433784544467926
v -0.7278547883033752 -0.3788805305957794 -0.27900904417037964
v -0.7268239855766296 -0.34897711873054504 -0.0809168815612793
v -0.7257959842681885 -0.3410148620605469 -0.27497079968452454
v -0.7276797890663147 -0.3400404453277588 0.014953726902604103
v -0.736797571182251 -0.33818119764328003 -0.19384215772151947
v -0.7267136573791504 -0.32541459798812866 -0.19492878019809723
v -0.7283519506454468 -0.32213789224624634 0.007329741958528757
v -0.7223823666572571 -0.30457693338394165 -0.018714644014835358
v -0.7279986143112183 -0.30233898758888245 -0.20677155256271362
v -0.7196254134178162 -0.29847827553749084 -0.025926847010850906
v -0.7527746558189392 -0.30963873863220215 -0.24670688807964325
v -0.7229885458946228 -0.2855583131313324 -0.24329763650894165
v -0.7294932007789612 -0.20739983022212982 -0.04419628158211708
v -0.7324672937393188 -0.202716663479805 -0.2514062523841858
v -0.7268128991127014 -0.1956070512533188 -0.2687445282936096
v -0.7178052663803101 -0.22263984382152557 -0.19130678474903107
v -0.7266535758972168 -0.19425919651985168 -0.00457752775400877
v -0.7253558039665222 -0.17026586830615997 -0.27834612131118774
v -0.7353169322013855 -0.16964882612228394 -0.0838887169957161
v -0.7293168306350708 -0.15533694624900818 -0.10440652817487717
v -0.7365817427635193 -0.139780655503273 -0.09894053637981415
v -0.731001079082489 -0.16910569369792938 -0.002501680050045252
v -0.7359164357185364 -0.13129320740699768 -0.1630062758922577
v -0.7253081798553467 -0.12464115023612976 -0.11901921778917313
v -0.7336424589157104 -0.10085556656122208 -0.106553815305233
v -0.7330323457717896 -0.09857045859098434 -0.25723719596862793
v -0.7292128205299377 -0.08055011183023453 -0.2506762742996216
v -0.7271275520324707 -0.0766909122467041 -0.15879184007644653
v -0.7201590538024902 -0.08841262012720108 -0.13869935274124146
v -0.7345059514045715 -0.079061359167099 -0.1800757646560669
v -0.7329853773117065 -0.08423935621976852 -0.027659406885504723
v -0.7258867025375366 -0.059111785143613815 -0.04772183299064636
v -0.7326776385307312 -0.07012338936328888 -0.2271629124879837
v -0.7279040813446045 -0.056177057325839996 -0.20527280867099762
v -0.7358956336975098 -0.07685969024896622 -0.1882890909910202
v -0.7198734283447266 -0.05987462401390076 -0.10351933538913727
v -0.7283253073692322 -0.06270237267017365 -0.07891274988651276
v -0.7184289693832397 -0.032309167087078094 -0.1674835979938507
v -0.7048923373222351 -0.021640658378601074 -0.1174301952123642
v -0.7237519025802612 -0.004079649690538645 -0.10943801701068878
v -0.7174643874168396 0.0247409176081419 -0.10759197920560837
v -0.7077405452728271 0.03014339879155159 -0.21955782175064087
v -0.7091649770736694 -0.557991623878479 -0.2761297821998596
v -0.7199125289916992 -0.5471134781837463 -0.05626297369599342
v -0.7167299389839172 -0.5518056750297546 -0.0374305360019207
v -0.7231448292732239 -0.5362029075622559 -0.06599100679159164
v -0.7167845964431763 -0.5375539064407349 0.026133207604289055
v -0.7248489856719971 -0.5361033082008362 -0.15985801815986633
v -0.726961612701416 -0.5329553484916687 0.010069837793707848
v -0.717832624912262 -0.5259485244750977 0.02601110376417637
v -0.7267744541168213 -0.5032845735549927 -0.17145675420761108
v -0.7200412750244141 -0.4868960380554199 0.01583719439804554
v -0.7254377007484436 -0.4641714096069336 -0.2791551649570465
v -0.7209675908088684 -0.4651374816894531 -0.07358834892511368
v -0.7192875742912292 -0.4512709975242615 0.018710829317569733
v -0.7194187641143799 -0.3949491083621979 0.025615928694605827
v -0.720451295375824 -0.35349804162979126 -0.07974987477064133
v -0.7036769986152649 -0.3579222857952118 -0.27067434787750244
v -0.7281713485717773 -0.3442622125148773 -0.1959790140390396
v -0.7237644195556641 -0.37664058804512024 0.02541980892419815
v -0.7158412933349609 -0.3263672888278961 0.01014010887593031
v -0.7321105003356934 -0.3325776755809784 -0.2789936065673828
v -0.7160221934318542 -0.32644838094711304 -0.06885967403650284
v -0.7388458847999573 -0.32772573828697205 -0.06090433523058891
v -0.7291677594184875 -0.30993959307670593 -0.27114710211753845
v -0.7225230932235718 -0.27943238615989685 -0.23286600410938263
v -0.7169270515441895 -0.26754191517829895 -0.2276744544506073
v -0.7264896631240845 -0.22520171105861664 -0.23481135070323944
v -0.7232717871665955 -0.23224644362926483 -0.2203933447599411
v -0.7304466962814331 -0.20235678553581238 -0.02263787016272545
v -0.7228085994720459 -0.20619526505470276 -0.007472895085811615
v -0.7240524291992188 -0.18483833968639374 -0.16856801509857178
v -0.7261357307434082 -0.18809671700000763 -0.08601737022399902
v -0.7327316403388977 -0.16411039233207703 -0.16914109885692596
v -0.7115183472633362 -0.15036876499652863 -0.12763534486293793
v -0.7134672999382019 -0.1483120620250702 -0.13980214297771454
v -0.729033350944519 -0.14199575781822205 -0.2751792073249817
v -0.7272651791572571 -0.11080854386091232 -0.1493871659040451
v -0.7184059619903564 -0.11924576014280319 -0.12918153405189514
v -0.7256466746330261 -0.1022195965051651 -0.2696467936038971
v -0.7207148671150208 -0.10512571036815643 -0.13797831535339355
v -0.7210766673088074 -0.11443064361810684 0.008109812624752522
v -0.7178133130073547 -0.08278115838766098 -0.12985950708389282
v -0.7204018235206604 -0.09767625480890274 -0.12872061133384705
v -0.7224778532981873 -0.07795603573322296 -0.11613565683364868
v -0.7247415781021118 -0.08968501538038254 -0.00600062683224678
v -0.7259312868118286 -0.07664655894041061 -0.01750028133392334
v -0.7221660614013672 -0.060523517429828644 -0.16489948332309723
v -0.7133647203445435 -0.04884191229939461 -0.030507825314998627
v -0.718406081199646 -0.04492538049817085 -0.18577857315540314
v -0.7195485234260559 -0.029406316578388214 -0.1909414678812027
v -0.7100521326065063 -0.03205104172229767 -0.14836439490318298
v -0.7220672369003296 -0.020049523562192917 -0.2078993320465088
v -0.714611828327179 -0.027055462822318077 -0.1999591439962387
v -0.7057459354400635 -0.004840688779950142 -0.21820589900016785
v -0.7119241952896118 0.04003680869936943 -0.11182102560997009
v -0.7156243324279785 0.07083065062761307 -0.17689794301986694
v -0.71060711145401 0.06836647540330887 -0.14778009057044983
v -0.7182502150535583 -0.5575376152992249 -0.22958773374557495
v -0.7037034034729004 -0.5548813343048096 -0.16307049989700317
v -0.7060312032699585 -0.5578224062919617 0.0007667766185477376
v -0.7209619879722595 -0.5504024624824524 0.003370782593265176
v -0.7096163034439087 -0.5478898286819458 -0.06858501583337784
v -0.7143082022666931 -0.5311951041221619 -0.07627212256193161
v -0.7077245116233826 -0.49754852056503296 0.021288979798555374
v -0.7105655670166016 -0.47919830679893494 -0.2672041952610016
v -0.7219038605690002 -0.49235889315605164 -0.17961537837982178
v -0.7145726680755615 -0.4942930042743683 -0.0752875804901123
v -0.7044107913970947 -0.48836180567741394 -0.0755234956741333
v -0.7115503549575806 -0.46724972128868103 0.018919484689831734
v -0.7130308151245117 -0.4321102499961853 -0.20118793845176697
v -0.7112894058227539 -0.4325055480003357 0.019529789686203003
v -0.7175771594047546 -0.4199272096157074 0.022030780091881752
v -0.7273108959197998 -0.40664663910865784 -0.07840627431869507
v -0.689272940158844 -0.4061339199542999 -0.06030800938606262
v -0.7002906799316406 -0.3672065734863281 -0.2068144828081131
v -0.7077550292015076 -0.3629080057144165 0.014981518499553204
v -0.6954460740089417 -0.3506695032119751 -0.20198383927345276
v -0.7085108160972595 -0.33567705750465393 -0.07459311932325363
v -0.7152144908905029 -0.31242525577545166 0.006288967560976744
v -0.7189865708351135 -0.3095460832118988 -0.2793755531311035
v -0.7044227123260498 -0.2880854904651642 -0.26394644379615784
v -0.7155338525772095 -0.300265908241272 -0.05105596408247948
v -0.712236225605011 -0.29115867614746094 -0.04361790791153908
v -0.7263578772544861 -0.29063257575035095 -0.21682173013687134
v -0.7075936794281006 -0.2841082215309143 -0.027483895421028137
v -0.710985004901886 -0.2753199338912964 -0.24829211831092834
v -0.7104771137237549 -0.2745406925678253 -0.20225703716278076
v -0.7141124606132507 -0.2674518823623657 -0.23904483020305634
v -0.7174338102340698 -0.27515798807144165 -0.21583299338817596
v -0.7147244215011597 -0.25997477769851685 -0.21019600331783295
v -0.7181534767150879 -0.24272866547107697 -0.2423471212387085
v -0.7170335650444031 -0.2545353174209595 -0.2314027100801468
v -0.7191756963729858 -0.23527149856090546 -0.206609308719635
v -0.712104082107544 -0.24932119250297546 -0.2524335980415344
v -0.710480272769928 -0.24166303873062134 -0.05255350470542908
v -0.7121198177337646 -0.2409602552652359 -0.037368301302194595
v -0.7174524664878845 -0.22230742871761322 -0.2646833658218384
v -0.7179164290428162 -0.19001489877700806 -0.28045031428337097
v -0.7239550948143005 -0.21052248775959015 -0.06259817630052567
v -0.7093580365180969 -0.18036343157291412 -0.28680914640426636
v -0.712285578250885 -0.18775799870491028 -0.10518954694271088
v -0.7058031558990479 -0.17444400489330292 0.018633650615811348
v -0.720413088798523 -0.17202600836753845 0.00888714101165533
v -0.7090393304824829 -0.1130916103720665 -0.28514984250068665
v -0.7147769927978516 -0.07190647721290588 -0.1373068392276764
v -0.7161742448806763 -0.07460889220237732 -0.26437050104141235
v -0.7235466241836548 -0.061206888407468796 -0.23970180749893188
v -0.7111640572547913 -0.04331333562731743 -0.16874420642852783
v -0.7178296446800232 -0.044799402356147766 -0.21566888689994812
v -0.7114434242248535 -0.03536964952945709 -0.20131739974021912
v -0.7125194072723389 -0.03538170084357262 -0.1911526918411255
v -0.7120720148086548 -0.03524767979979515 -0.17381125688552856
v -0.7096079587936401 -0.020748039707541466 -0.21000973880290985
v -0.7142803072929382 -0.013777916319668293 -0.21397759020328522
v -0.7046120166778564 -0.012169424444437027 -0.10694088786840439
v -0.7226279377937317 0.006349464412778616 -0.10744670033454895
v -0.7064872980117798 0.012109428644180298 -0.22154197096824646
v -0.7228621244430542 0.04697226732969284 -0.21479932963848114
v -0.7217801809310913 0.06030677631497383 -0.20305359363555908
v -0.6905747652053833 0.06572915613651276 -0.1909734308719635
v -0.7102157473564148 -0.5593398213386536 -0.1842193901538849
v -0.7092101573944092 -0.5532875657081604 -0.05163155868649483
v -0.6969440579414368 -0.5597200393676758 -0.0017996208043769002
v -0.7167468667030334 -0.5479459166526794 -0.2964285910129547
v -0.7116621732711792 -0.547324538230896 -0.15645718574523926
v -0.6953351497650146 -0.5534332990646362 -0.06369102746248245
v -0.7103257775306702 -0.5498839020729065 0.022931337356567383
v -0.6985558867454529 -0.537849485874176 -0.14818479120731354
v -0.6976900696754456 -0.5346338152885437 -0.0845271423459053
v -0.6990066170692444 -0.5182988047599792 0.03421524539589882
v -0.7112434506416321 -0.5202569961547852 -0.2978366017341614
v -0.7136474251747131 -0.5067330002784729 -0.28647398948669434
v -0.6985126733779907 -0.5180390477180481 -0.08434710651636124
v -0.6971957087516785 -0.49680376052856445 -0.16689813137054443
v -0.7122256755828857 -0.49082502722740173 -0.27337735891342163
v -0.6994630694389343 -0.49155548214912415 -0.25694581866264343
v -0.7133078575134277 -0.4978902041912079 -0.17312093079090118
v -0.708698570728302 -0.4824906587600708 -0.19168901443481445
v -0.7101483345031738 -0.4389343559741974 -0.2629205882549286
v -0.7084737420082092 -0.4577038288116455 -0.19869031012058258
v -0.7100937366485596 -0.448481947183609 -0.07193633913993835
v -0.7009115219116211 -0.4580344557762146 0.01599823497235775
v -0.7179715633392334 -0.4299299120903015 -0.0767592340707779
v -0.7035002112388611 -0.4246595501899719 -0.20899277925491333
v -0.7035713791847229 -0.39470428228378296 -0.20965224504470825
v -0.6986891627311707 -0.41186144948005676 0.015760796144604683
v -0.7138294577598572 -0.33584311604499817 -0.27343451976776123
v -0.7122287154197693 -0.3377586603164673 0.008612718433141708
v -0.7125412821769714 -0.33238688111305237 -0.19366130232810974
v -0.6929236054420471 -0.31895849108695984 -0.07305984199047089
v -0.7130261659622192 -0.31462132930755615 -0.28098639845848083
v -0.7028763890266418 -0.31058400869369507 -0.1903303861618042
v -0.6993996500968933 -0.2932363748550415 -0.2790781855583191
v -0.708473801612854 -0.29681482911109924 -0.19599832594394684
v -0.6974760293960571 -0.297156423330307 0.005289511289447546
v -0.7017701864242554 -0.28147822618484497 -0.192331925034523
v -0.7018494009971619 -0.2860482931137085 -0.057912129908800125
v -0.7086910009384155 -0.2835965156555176 -0.0380830317735672
v -0.7009600400924683 -0.2839857041835785 -0.013285450637340546
v -0.7023405432701111 -0.2698417007923126 -0.25861191749572754
v -0.7050264477729797 -0.26401814818382263 -0.044161248952150345
v -0.7038452625274658 -0.2641075849533081 -0.025923147797584534
v -0.7046880722045898 -0.2584327459335327 -0.05173163488507271
v -0.7077471017837524 -0.24368807673454285 -0.017785176634788513
v -0.7022414803504944 -0.24394670128822327 -0.26942747831344604
v -0.7060593366622925 -0.23428001999855042 -0.07235468924045563
v -0.7012690901756287 -0.2261650115251541 -0.17287449538707733
v -0.7041632533073425 -0.2358027696609497 -0.0043073962442576885
v -0.7064221501350403 -0.2132415920495987 -0.09159891307353973
v -0.710800051689148 -0.20833541452884674 0.004799768794327974
v -0.7036116719245911 -0.15466487407684326 0.02335367351770401
v -0.7070093750953674 -0.13336919248104095 0.02082967944443226
v -0.6978541612625122 -0.10682230442762375 0.021990766748785973
v -0.7031863331794739 -0.08143152296543121 -0.2783016562461853
v -0.7060050964355469 -0.08464314788579941 0.010614353232085705
v -0.7050727605819702 -0.057712260633707047 -0.13191992044448853
v -0.7057542204856873 -0.05578324571251869 -0.25802865624427795
v -0.7079281806945801 -0.05597145855426788 -0.11997020989656448
v -0.7051047086715698 -0.02839074656367302 -0.21032476425170898
v -0.716208279132843 -0.04476167634129524 -0.0772709921002388
v -0.6958848237991333 -0.5482722520828247 -0.296479195356369
v -0.688162624835968 -0.5472522974014282 -0.15136167407035828
v -0.6961284279823303 -0.543437123298645 0.0355011411011219
v -0.6956688165664673 -0.5353955626487732 -0.3009883463382721
v -0.7064294815063477 -0.5313787460327148 -0.14988377690315247
v -0.696114182472229 -0.5053126811981201 -0.2860054075717926
v -0.7017108798027039 -0.510218620300293 -0.15398845076560974
v -0.7054527401924133 -0.5000405311584473 -0.2757284343242645
v -0.6959985494613647 -0.4991181492805481 0.02181786671280861
v -0.6931102871894836 -0.4959651827812195 -0.2576623260974884
v -0.6961112022399902 -0.4845929741859436 -0.20555196702480316
v -0.6966328024864197 -0.491247296333313 -0.19025768339633942
v -0.701593816280365 -0.4757097363471985 -0.20076945424079895
v -0.6920952796936035 -0.4786548316478729 0.014271185733377934
v -0.6970894932746887 -0.4436038136482239 -0.23161183297634125
v -0.6957654356956482 -0.4826655983924866 -0.21763555705547333
v -0.7114266753196716 -0.4668221175670624 -0.0724705308675766
v -0.6988269090652466 -0.4516162872314453 -0.2433026283979416
v -0.6866059303283691 -0.43982869386672974 -0.0602823831140995
v -0.698016881942749 -0.4298224151134491 -0.24383185803890228
v -0.6972931027412415 -0.4446572959423065 -0.2235744297504425
v -0.6996430158615112 -0.4434032142162323 -0.21358317136764526
v -0.6976106762886047 -0.39660993218421936 -0.21602612733840942
v -0.7044104933738708 -0.3946163058280945 -0.2619810402393341
v -0.6968716979026794 -0.3782072067260742 -0.21106337010860443
v -0.6978799104690552 -0.3430578410625458 -0.07294046133756638
v -0.6986521482467651 -0.31580373644828796 -0.2788374722003937
v -0.689839780330658 -0.3238586485385895 -0.18913114070892334
v -0.6868006587028503 -0.328875333070755 0.007711129263043404
v -0.7105680108070374 -0.30812156200408936 -0.06089479848742485
v -0.705256462097168 -0.31517013907432556 0.011607390828430653
v -0.6856074333190918 -0.3007788062095642 -0.18230421841144562
v -0.6981664299964905 -0.2962276041507721 -0.06508786231279373
v -0.691453754901886 -0.29844969511032104 0.012793520465493202
v -0.6976221799850464 -0.27113229036331177 -0.06343140453100204
v -0.6955516934394836 -0.25404760241508484 -0.0741448700428009
v -0.6992735862731934 -0.25533199310302734 -0.18185091018676758
v -0.6967447996139526 -0.2630869746208191 -0.008383719250559807
v -0.6742708086967468 -0.19193433225154877 -0.2944890260696411
v -0.6946799755096436 -0.19478818774223328 -0.14834542572498322
v -0.7106920480728149 -0.17046388983726501 -0.14760689437389374
v -0.6930341124534607 -0.18513275682926178 -0.12746480107307434
v -0.660302996635437 -0.17189812660217285 -0.2996971607208252
v -0.7083485722541809 -0.14582915604114532 -0.2887977361679077
v -0.6853845715522766 -0.033000797033309937 -0.2507734000682831
v -0.6972110271453857 -0.03138468414545059 -0.2306707203388214
v -0.7077404856681824 -0.03491077199578285 -0.15566904842853546
v -0.6984997987747192 -0.043238312005996704 -0.13976192474365234
v -0.7132034301757812 -0.046414051204919815 -0.09604297578334808
v -0.6962424516677856 -0.034570395946502686 -0.13908998668193817
v -0.7011014819145203 -0.02834755927324295 -0.06136661022901535
v -0.6982196569442749 -0.02355063147842884 -0.21637989580631256
v -0.6870772838592529 -0.017687126994132996 -0.046276502311229706
v -0.6984827518463135 -0.012799398973584175 -0.21680963039398193
v -0.6941749453544617 -0.022338492795825005 -0.10850986838340759
v -0.6952393651008606 -0.008949914015829563 -0.0991014763712883
v -0.691667377948761 0.004538050852715969 -0.22066472470760345
v -0.7118671536445618 0.051938023418188095 -0.12086625397205353
v -0.715684711933136 0.07077691704034805 -0.16111966967582703
v -0.7067751288414001 -0.5597842931747437 -0.20318421721458435
v -0.6616946458816528 -0.5552260279655457 -0.16549499332904816
v -0.6927745938301086 -0.5554805397987366 0.025056244805455208
v -0.6865864992141724 -0.5485308170318604 -0.3002428114414215
v -0.6972702741622925 -0.5278543829917908 0.037190768867731094
v -0.6812397837638855 -0.5271931290626526 -0.139546737074852
v -0.6852386593818665 -0.5081493854522705 -0.1437053680419922
v -0.6973335146903992 -0.5004234910011292 -0.07742219418287277
v -0.6802244782447815 -0.49432173371315 -0.15107309818267822
v -0.6954789161682129 -0.4825669527053833 -0.24039095640182495
v -0.6881120800971985 -0.4890264570713043 -0.19715270400047302
v -0.6803959608078003 -0.48349571228027344 -0.061602115631103516
v -0.6871940493583679 -0.4713823199272156 -0.06217449903488159
v -0.6972962021827698 -0.42386844754219055 -0.21902473270893097
v -0.6919910907745361 -0.40307432413101196 -0.2351827472448349
v -0.6857109069824219 -0.40504470467567444 0.008605299517512321
v -0.6963760852813721 -0.3987371325492859 -0.24973195791244507
v -0.6832770705223083 -0.3785223960876465 -0.23918859660625458
v -0.6834098100662231 -0.3785640597343445 -0.23115040361881256
v -0.6857834458351135 -0.3696388006210327 -0.2158728986978531
v -0.6906914114952087 -0.3606380820274353 -0.26230302453041077
v -0.6814839243888855 -0.3696194291114807 -0.24929045140743256
v -0.6879563331604004 -0.35184767842292786 0.009558367542922497
v -0.6825342178344727 -0.3357979655265808 -0.0725398138165474
v -0.6955669522285461 -0.33109626173973083 -0.07360447943210602
v -0.6840154528617859 -0.31482580304145813 -0.18529550731182098
v -0.6888899803161621 -0.3127886950969696 0.012719823978841305
v -0.6861801743507385 -0.2896044850349426 -0.07421579211950302
v -0.6927042603492737 -0.2948862612247467 -0.28480252623558044
v -0.6877431869506836 -0.28688716888427734 -0.2837390899658203
v -0.6828375458717346 -0.286854088306427 -0.17778903245925903
v -0.6860848665237427 -0.2786131203174591 -0.2773081958293915
v -0.6963185667991638 -0.2767302393913269 -0.2650022804737091
v -0.6845022439956665 -0.2606896758079529 -0.27805545926094055
v -0.6980168223381042 -0.22771325707435608 -0.08953278511762619
v -0.6868138909339905 -0.22556494176387787 -0.16114403307437897
v -0.6966763734817505 -0.23062750697135925 0.006276940926909447
v -0.6956930160522461 -0.22010266780853271 -0.2821137309074402
v -0.6928301453590393 -0.20166203379631042 -0.11311954259872437
v -0.6963569521903992 -0.06923891603946686 0.008615263737738132
v -0.7081760168075562 -0.05929018557071686 -0.008189585991203785
v -0.6905267834663391 -0.03643965348601341 -0.1241883933544159
v -0.6930012702941895 -0.028096288442611694 -0.10610412061214447
v -0.6921984553337097 -0.02141506038606167 -0.09134916961193085
v -0.6875011324882507 -0.011587973684072495 -0.0911588966846466
v -0.6953023672103882 0.01171676442027092 -0.09677886962890625
v -0.6815765500068665 0.05984039977192879 -0.19988174736499786
v -0.6866506338119507 0.07117139548063278 -0.1755964607000351
v -0.6950280070304871 -0.559543788433075 0.010968021117150784
v -0.6706187725067139 -0.5559341907501221 0.028392130509018898
v -0.6866133213043213 -0.5480104684829712 -0.07909154146909714
v -0.6695312857627869 -0.5374372601509094 0.04156384617090225
v -0.6802326440811157 -0.5358402132987976 -0.30762213468551636
v -0.6714237928390503 -0.5264996290206909 0.04206421598792076
v -0.6770656108856201 -0.5170176029205322 -0.3051433861255646
v -0.6906850337982178 -0.5096451640129089 -0.2935539484024048
v -0.6803707480430603 -0.497816264629364 -0.28350797295570374
v -0.671710193157196 -0.49995964765548706 -0.14523731172084808
v -0.680024266242981 -0.4931161105632782 -0.2704841196537018
v -0.6889342069625854 -0.49256351590156555 -0.23957885801792145
v -0.6887821555137634 -0.493656724691391 -0.21454794704914093
v -0.6863951086997986 -0.5054738521575928 0.02785075642168522
v -0.6796079277992249 -0.48815828561782837 -0.1728721559047699
v -0.6726446151733398 -0.47445613145828247 -0.05141393840312958
v -0.6775810122489929 -0.450486421585083 -0.05307992547750473
v -0.6864272356033325 -0.4497378468513489 0.007798166945576668
v -0.6820691823959351 -0.3627372086048126 -0.06200409680604935
v -0.6906706094741821 -0.3873409628868103 -0.22369277477264404
v -0.6758747100830078 -0.368251234292984 0.0042640408501029015
v -0.6668515205383301 -0.3551226556301117 -0.21561580896377563
v -0.6897326111793518 -0.3474005162715912 -0.2660374045372009
v -0.6797369718551636 -0.3274702727794647 -0.2741844654083252
v -0.6693933606147766 -0.31519484519958496 -0.2753068208694458
v -0.6818784475326538 -0.30091962218284607 0.016758156940340996
v -0.6967360973358154 -0.3013172745704651 -0.2842903435230255
v -0.6790422797203064 -0.2838267683982849 -0.2882708013057709
v -0.6830692291259766 -0.264285683631897 -0.08384483307600021
v -0.6876291632652283 -0.283459335565567 0.0049268691800534725
v -0.6772703528404236 -0.28319212794303894 0.015388469211757183
v -0.6780774593353271 -0.23929934203624725 -0.2873886823654175
v -0.6837930083274841 -0.2175978273153305 0.01820284314453602
v -0.6763020753860474 -0.22900386154651642 -0.10459556430578232
v -0.6765201091766357 -0.21066038310527802 -0.14737677574157715
v -0.6749178767204285 -0.20792169868946075 -0.12061319500207901
v -0.6742388606071472 -0.20386819541454315 -0.13768623769283295
v -0.6954363584518433 -0.18296034634113312 -0.13759684562683105
v -0.6741592884063721 -0.20296534895896912 -0.1292792707681656
v -0.6850733757019043 -0.13535791635513306 0.02987293154001236
v -0.67818683385849 -0.013482031412422657 -0.03304801508784294
v -0.6855242848396301 -0.008193328976631165 -0.22248812019824982
v -0.682832658290863 -0.00636475021019578 -0.08565672487020493
v -0.6875081658363342 -0.013505510985851288 -0.08199729770421982
v -0.6771647334098816 0.020552899688482285 -0.2201746553182602
v -0.6785712242126465 0.043339651077985764 -0.2122737467288971
v -0.6887086033821106 0.07092440128326416 -0.14621101319789886
v -0.6844696402549744 -0.5550218820571899 -0.28491294384002686
v -0.6741660833358765 -0.558323323726654 -0.2248484045267105
v -0.6786218285560608 -0.5593120455741882 -0.009265938773751259
v -0.672282338142395 -0.5473436117172241 -0.14772023260593414
v -0.669188916683197 -0.5475128293037415 0.03797759488224983
v -0.6672075986862183 -0.5251200795173645 -0.30956265330314636
v -0.6721195578575134 -0.5380235910415649 -0.13966655731201172
v -0.6613889932632446 -0.5170735120773315 -0.09020368754863739
v -0.667285144329071 -0.5038037896156311 -0.29727089405059814
v -0.6673453450202942 -0.5201845169067383 -0.14000387489795685
v -0.6798741221427917 -0.5101162791252136 0.035346925258636475
v -0.6777085065841675 -0.4909232258796692 -0.22147148847579956
v -0.6812262535095215 -0.49525177478790283 -0.07001852989196777
v -0.6693278551101685 -0.49001720547676086 0.006808763835579157
v -0.6714170575141907 -0.4914727509021759 -0.2710670232772827
v -0.6801865696907043 -0.4904800355434418 -0.24979063868522644
v -0.6777371168136597 -0.4875551760196686 0.008379189297556877
v -0.6710364818572998 -0.47442182898521423 -0.19818875193595886
v -0.6729581356048584 -0.4795019328594208 -0.005384708289057016
v -0.6797149777412415 -0.4566192924976349 0.0006488747312687337
v -0.6721400618553162 -0.4513092339038849 -0.01603608950972557
v -0.676729679107666 -0.4198265075683594 -0.003240583697333932
v -0.6781465411186218 -0.4031933844089508 -0.05188979580998421
v -0.6686673164367676 -0.39928650856018066 -0.010444228537380695
v -0.6727889180183411 -0.3903261721134186 -0.0007636446971446276
v -0.6755208373069763 -0.3578350245952606 -0.2566160261631012
v -0.6581206917762756 -0.347953736782074 -0.05849669128656387
v -0.678762674331665 -0.3174159526824951 -0.07813816517591476
v -0.6795339584350586 -0.2950533926486969 -0.2862774431705475
v -0.6626319289207458 -0.2873470187187195 -0.09056858718395233
v -0.672826886177063 -0.2686644196510315 -0.2869248688220978
v -0.6823035478591919 -0.2624247968196869 0.010091990232467651
v -0.6862615346908569 -0.23892846703529358 -0.09276434034109116
v -0.6765183806419373 -0.18388418853282928 0.02778725139796734
v -0.6853962540626526 -0.11130595207214355 0.028116852045059204
v -0.6819305419921875 -0.0793336033821106 0.02015545405447483
v -0.6675325036048889 -0.07060863077640533 -0.2872401773929596
v -0.6622596979141235 -0.04637429490685463 0.01219386886805296
v -0.6750903725624084 0.006956782191991806 -0.08265644311904907
v -0.6732014417648315 0.02491527982056141 -0.09045585244894028
v -0.6662530303001404 0.062374915927648544 -0.11453762650489807
v -0.6993688941001892 0.06361300498247147 -0.1323382556438446
v -0.6634712219238281 -0.5492327213287354 -0.3063752353191376
v -0.6767135262489319 -0.5583020448684692 -0.18221497535705566
v -0.6517701745033264 -0.5541945099830627 -0.026774054393172264
v -0.6618077754974365 -0.5581021904945374 0.010672344826161861
v -0.6611697673797607 -0.5367690920829773 -0.31062155961990356
v -0.6652815937995911 -0.5070240497589111 0.041702575981616974
v -0.6636210083961487 -0.4948287606239319 -0.059464290738105774
v -0.6610046029090881 -0.4915207624435425 -0.268240362405777
v -0.6593440771102905 -0.4811001420021057 -0.21967476606369019
v -0.6670624613761902 -0.4893144369125366 -0.05283255875110626
v -0.6653711199760437 -0.48554036021232605 -0.0201527439057827
v -0.6641911864280701 -0.48764607310295105 -0.005214089527726173
v -0.6657237410545349 -0.48146578669548035 -0.24364730715751648
v -0.6692299246788025 -0.4772339165210724 -0.17918594181537628
v -0.6684746742248535 -0.4732300937175751 -0.026739558205008507
v -0.6632851362228394 -0.48269057273864746 -0.03561919927597046
v -0.6612539887428284 -0.472158282995224 -0.19649335741996765
v -0.6675832271575928 -0.4741672873497009 -0.03970273211598396
v -0.6717080473899841 -0.45026397705078125 -0.04346044734120369
v -0.6693127751350403 -0.4528053402900696 -0.03210730105638504
v -0.6724684238433838 -0.40990161895751953 -0.04322810098528862
v -0.6695091724395752 -0.41237881779670715 -0.03489616885781288
v -0.6684762239456177 -0.4126680791378021 -0.027548767626285553
v -0.668481707572937 -0.40908220410346985 -0.01963779702782631
v -0.670759379863739 -0.38921740651130676 -0.047710493206977844
v -0.6637368202209473 -0.39393511414527893 -0.03116689808666706
v -0.6651492118835449 -0.361331045627594 -0.053316906094551086
v -0.6628929972648621 -0.3711473345756531 -0.003768979338929057
v -0.6471552848815918 -0.3508691191673279 -0.24747908115386963
v -0.6533925533294678 -0.34731608629226685 0.00020082395349163562
v -0.6597430109977722 -0.335534006357193 -0.2650168240070343
v -0.6786658763885498 -0.33967167139053345 -0.19958646595478058
v -0.6678334474563599 -0.3284752070903778 -0.19297347962856293
v -0.6651097536087036 -0.27743786573410034 -0.2921559512615204
v -0.6711843609809875 -0.2567965090274811 -0.16296611726284027
v -0.6690290570259094 -0.2525269687175751 -0.09697552025318146
v -0.6548486948013306 -0.2759874761104584 0.027756420895457268
v -0.6575016379356384 -0.2538212835788727 -0.2973926365375519
v -0.6682201623916626 -0.22666965425014496 -0.15213824808597565
v -0.6541787385940552 -0.2159789502620697 -0.11995194852352142
v -0.6694340109825134 -0.2429812103509903 0.023284005001187325
v -0.6692817211151123 -0.19666530191898346 0.02963440865278244
v -0.6926931738853455 -0.13744096457958221 -0.2941167652606964
v -0.6880961060523987 -0.11023665219545364 -0.2927309572696686
v -0.6714509129524231 0.00917851272970438 -0.22461654245853424
v -0.6574159860610962 0.034600891172885895 -0.0839589536190033
v -0.6596806049346924 0.030681712552905083 -0.22054830193519592
v -0.66813063621521 0.0748707726597786 -0.15568697452545166
v -0.6603075861930847 -0.5538299083709717 -0.2945622205734253
v -0.6646101474761963 -0.5562337040901184 -0.26701590418815613
v -0.6642537713050842 -0.5510650277137756 -0.0718873143196106
v -0.6575483679771423 -0.5538262128829956 -0.047595325857400894
v -0.6532662510871887 -0.5360731482505798 -0.14838196337223053
v -0.6728519201278687 -0.5300361514091492 -0.08964238315820694
v -0.6411372423171997 -0.5024216771125793 -0.08539346605539322
v -0.6617358922958374 -0.4934085011482239 -0.16250953078269958
v -0.6680536866188049 -0.5061904191970825 -0.08299614489078522
v -0.6573356986045837 -0.49396705627441406 -0.0559227429330349
v -0.6570332050323486 -0.4863956570625305 -0.003944018390029669
v -0.6637628674507141 -0.49075818061828613 0.008654681034386158
v -0.6625720262527466 -0.49380072951316833 0.02078864350914955
v -0.656074583530426 -0.4800545275211334 -0.24862000346183777
v -0.6549679040908813 -0.37585216760635376 -0.022893549874424934
v -0.6544829607009888 -0.36712875962257385 -0.010487501509487629
v -0.6718158721923828 -0.36434751749038696 -0.2240881323814392
v -0.6504864692687988 -0.345753937959671 -0.25495675206184387
v -0.6588565111160278 -0.32720518112182617 -0.07863060384988785
v -0.6537802219390869 -0.32918885350227356 0.0045106373727321625
v -0.6613462567329407 -0.3089347779750824 -0.08622373640537262
v -0.660629153251648 -0.28386032581329346 -0.29073670506477356
v -0.6599311232566833 -0.2928221523761749 -0.16872945427894592
v -0.6645025610923767 -0.2916249632835388 0.021454934030771255
v -0.65804523229599 -0.2741433084011078 -0.29474127292633057
v -0.654243528842926 -0.12485700100660324 0.03551265597343445
v -0.658191978931427 -0.15825681388378143 0.034863002598285675
v -0.6445699334144592 -0.10011950880289078 -0.29988494515419006
v -0.6702043414115906 -0.03764624148607254 0.0014543505385518074
v -0.670606255531311 -0.012718839570879936 -0.24455229938030243
v -0.6471785306930542 0.03547528013586998 -0.2254709154367447
v -0.6670545339584351 0.013463524170219898 -0.07159467786550522
v -0.6579356789588928 0.045665476471185684 -0.21364688873291016
v -0.6609703302383423 0.049088768661022186 -0.0992177426815033
v -0.6480905413627625 0.06133348122239113 -0.10434066504240036
v -0.652087390422821 0.06280885636806488 -0.20026852190494537
v -0.6560567021369934 0.06926779448986053 -0.18899425864219666
v -0.653470516204834 -0.5552834272384644 -0.262228399515152
v -0.634253978729248 -0.5541350841522217 -0.17065395414829254
v -0.6466654539108276 -0.5490458607673645 -0.2916204035282135
v -0.655455470085144 -0.5469396114349365 -0.15298433601856232
v -0.6868566274642944 -0.5392737984657288 -0.08594141900539398
v -0.6558394432067871 -0.546419620513916 -0.08305776119232178
v -0.6467426419258118 -0.5367845296859741 -0.30143219232559204
v -0.644598662853241 -0.5473448634147644 0.048998694866895676
v -0.6520041823387146 -0.5351738929748535 0.05066961422562599
v -0.6535122394561768 -0.5084969401359558 -0.15232083201408386
v -0.6538115739822388 -0.5066311359405518 -0.2929215133190155
v -0.6503368020057678 -0.4948948919773102 0.029092246666550636
v -0.6476837992668152 -0.4812125563621521 -0.2494303435087204
v -0.6525762677192688 -0.48178210854530334 -0.23130138218402863
v -0.6480370759963989 -0.49009016156196594 -0.07050209492444992
v -0.6550489068031311 -0.48673275113105774 -0.031893447041511536
v -0.6573513150215149 -0.4868418872356415 -0.015705794095993042
v -0.6505375504493713 -0.36087989807128906 -0.0434957854449749
v -0.6431111097335815 -0.3518659770488739 -0.23937661945819855
v -0.6707544922828674 -0.3667459785938263 -0.23561063408851624
v -0.6551457047462463 -0.36944738030433655 -0.03931569680571556
v -0.6509001851081848 -0.34514495730400085 -0.21298430860042572
v -0.6470471024513245 -0.32358983159065247 -0.2717607915401459
v -0.630287230014801 -0.3266485035419464 -0.19059477746486664
v -0.6647418141365051 -0.31580254435539246 -0.1824096441268921
v -0.653831958770752 -0.2984975576400757 -0.28470271825790405
v -0.6439404487609863 -0.31506016850471497 -0.08607051521539688
v -0.6500085592269897 -0.3111518323421478 0.014488659799098969
v -0.6450377702713013 -0.26925837993621826 -0.09755460172891617
v -0.6511304974555969 -0.25577306747436523 -0.15682268142700195
v -0.6457749009132385 -0.23194259405136108 -0.30531057715415955
v -0.6388649940490723 -0.24636413156986237 -0.10580708086490631
v -0.6439682841300964 -0.22736585140228271 0.04055051505565643
v -0.6445475816726685 -0.2239205539226532 -0.14416810870170593
v -0.6302690505981445 -0.21818341314792633 -0.1372610479593277
v -0.6572034358978271 -0.21221141517162323 -0.1396651715040207
v -0.6626085638999939 -0.09238924086093903 -0.2946304976940155
v -0.652905285358429 -0.08645271509885788 0.030675921589136124
v -0.630707323551178 -0.05736386775970459 -0.29693248867988586
v -0.65855872631073 -0.050082530826330185 -0.28245851397514343
v -0.6716306805610657 -0.03774883225560188 -0.2677447497844696
v -0.6747146248817444 -0.02453482896089554 -0.013607081957161427
v -0.6641953587532043 0.009396293200552464 -0.04116028919816017
v -0.6543655395507812 0.010947280563414097 -0.02397407777607441
v -0.6299766898155212 -0.5548784732818604 -0.240224689245224
v -0.648970901966095 -0.5564313530921936 -0.21591010689735413
v -0.6465323567390442 -0.5578913688659668 0.0299298744648695
v -0.6399901509284973 -0.5476939678192139 -0.2892270088195801
v -0.6400131583213806 -0.5526148676872253 -0.19315379858016968
v -0.6332629919052124 -0.5526245832443237 -0.02671925723552704
v -0.653484582901001 -0.5238809585571289 -0.30458781123161316
v -0.6327356100082397 -0.5382859110832214 -0.29323768615722656
v -0.6373286247253418 -0.5369220972061157 0.05252673104405403
v -0.6434471011161804 -0.5259554982185364 -0.1524643898010254
v -0.6499040722846985 -0.5122554302215576 0.04672740027308464
v -0.6391066312789917 -0.5205920934677124 -0.28432783484458923
v -0.6475389003753662 -0.5043140649795532 -0.2789708971977234
v -0.6374819874763489 -0.494206964969635 -0.17522822320461273
v -0.6458410620689392 -0.4845982789993286 0.01947466842830181
v -0.6391463875770569 -0.4898258447647095 -0.2319042980670929
v -0.646041214466095 -0.4795856475830078 -0.18408091366291046
v -0.652699887752533 -0.48006564378738403 -0.17649155855178833
v -0.6383731365203857 -0.48651427030563354 -0.06660263985395432
v -0.6407203078269958 -0.4860585033893585 -0.05018443241715431
v -0.6493371725082397 -0.4752623438835144 -0.19774040579795837
v -0.641394317150116 -0.48078522086143494 -0.03252189978957176
v -0.642604410648346 -0.4808309078216553 0.010965158231556416
v -0.6353290677070618 -0.3582586646080017 -0.032577525824308395
v -0.6292986869812012 -0.35478895902633667 -0.01910954713821411
v -0.6331499814987183 -0.35317710041999817 -0.011761851608753204
v -0.6440674066543579 -0.3512919843196869 -0.22678238153457642
v -0.6483659148216248 -0.29946276545524597 -0.1693342626094818
v -0.6339105367660522 -0.28938010334968567 -0.16360796988010406
v -0.6280002593994141 -0.22217288613319397 -0.12123406678438187
v -0.635934591293335 -0.169805109500885 0.041961610317230225
v -0.6534966826438904 -0.0648839920759201 0.024667441844940186
v -0.6235915422439575 0.010366898961365223 0.007808372378349304
v -0.6298882365226746 0.012683390639722347 -0.2585127651691437
v -0.6323099136352539 0.05361184850335121 -0.21959848701953888
v -0.6500567197799683 0.07522525638341904 -0.1301671862602234
v -0.6414830684661865 -0.5547294616699219 -0.2754944860935211
v -0.6316593289375305 -0.55012047290802 -0.28420498967170715
v -0.634754478931427 -0.5504533648490906 -0.1503724306821823
v -0.6330874562263489 -0.5467719435691833 -0.14323167502880096
v -0.6355651617050171 -0.5513378977775574 0.0442391000688076
v -0.6361521482467651 -0.5393626689910889 -0.14585408568382263
v -0.6325978636741638 -0.5298366546630859 -0.09155482798814774
v -0.6369165182113647 -0.5069661736488342 -0.16219225525856018
v -0.6387636065483093 -0.4930965006351471 -0.2589851915836334
v -0.636017382144928 -0.48857444524765015 -0.2473599910736084
v -0.6398521065711975 -0.48800984025001526 -0.21637700498104095
v -0.6224784255027771 -0.502277135848999 -0.20270052552223206
v -0.6269528865814209 -0.49705493450164795 -0.189396470785141
v -0.635299563407898 -0.48153719305992126 0.018068451434373856
v -0.6273823380470276 -0.47656458616256714 -0.03254183381795883
v -0.63768470287323 -0.4766596555709839 -0.008863136172294617
v -0.6297205686569214 -0.3478919267654419 -0.24778218567371368
v -0.6371044516563416 -0.3496662378311157 -0.2292507290840149
v -0.6374626755714417 -0.3400266170501709 -0.0025141185615211725
v -0.6231364011764526 -0.33477240800857544 -0.26355335116386414
v -0.6373368501663208 -0.34540846943855286 -0.05245177447795868
v -0.6349318623542786 -0.2796768248081207 0.03490439057350159
v -0.6431002020835876 -0.25789976119995117 -0.30248311161994934
v -0.6293810606002808 -0.22419916093349457 0.04676426947116852
v -0.6443013548851013 -0.21217963099479675 -0.129495769739151
v -0.6257889866828918 -0.2008693814277649 -0.3099798858165741
v -0.6209524273872375 -0.12066081166267395 0.04334104433655739
v -0.6392024755477905 0.04546302929520607 -0.0665334165096283
v -0.6545838713645935 0.044740576297044754 -0.09105324000120163
v -0.6255858540534973 -0.5563824772834778 -0.22133134305477142
v -0.6317121982574463 -0.5545668005943298 -0.06218556687235832
v -0.6248638033866882 -0.5462645888328552 -0.29338890314102173
v -0.6190860867500305 -0.5518065094947815 -0.19246222078800201
v -0.6114270091056824 -0.5496423840522766 -0.17902223765850067
v -0.6137337684631348 -0.5472346544265747 -0.168751522898674
v -0.6248754858970642 -0.5463646650314331 -0.1609320491552353
v -0.6269600987434387 -0.5471456050872803 -0.083900086581707
v -0.6267309188842773 -0.5516741275787354 -0.07441873848438263
v -0.6304473876953125 -0.5512382388114929 0.005312586668878794
v -0.6282710433006287 -0.53681480884552 -0.15453194081783295
v -0.6317406892776489 -0.5296623110771179 -0.2875257730484009
v -0.6172048449516296 -0.520779013633728 -0.0867011770606041
v -0.6220986843109131 -0.5224345922470093 -0.16274124383926392
v -0.6253147125244141 -0.5136135220527649 0.04269697144627571
v -0.6240288615226746 -0.5123834013938904 -0.1681526005268097
v -0.6271779537200928 -0.49116408824920654 0.028041671961545944
v -0.6298716068267822 -0.47894158959388733 0.0005823841202072799
v -0.6079787611961365 -0.2912147641181946 -0.2954363524913788
v -0.6162499189376831 -0.2691749632358551 -0.3035837411880493
v -0.6276347041130066 -0.2562645673751831 0.04405808076262474
v -0.6272399425506592 -0.2584324777126312 -0.15327398478984833
v -0.6117363572120667 -0.23055534064769745 -0.14300809800624847
v -0.6187317371368408 -0.16184818744659424 -0.30888640880584717
v -0.6240510940551758 -0.07525985687971115 0.03855252265930176
v -0.6256932616233826 0.025971878319978714 -0.006236199289560318
v -0.6328377723693848 0.03916523978114128 -0.03454887121915817
v -0.6253311038017273 0.06372527778148651 -0.08364823460578918
v -0.6189963221549988 0.08436219394207001 -0.1309594362974167
v -0.6095702648162842 -0.5488430261611938 -0.19979806244373322
v -0.6213685870170593 -0.5483707189559937 -0.287539005279541
v -0.6225485801696777 -0.5470731258392334 -0.2752983868122101
v -0.6117211580276489 -0.545309841632843 -0.2675418555736542
v -0.6188839077949524 -0.5509778261184692 -0.26043617725372314
v -0.6268981695175171 -0.5390985608100891 -0.08987163007259369
v -0.6183960437774658 -0.5533497333526611 -0.025998171418905258
v -0.6260986328125 -0.5543425679206848 0.02893267758190632
v -0.6100785732269287 -0.5446953773498535 0.03251109644770622
v -0.6229697465896606 -0.5371796488761902 -0.28920426964759827
v -0.6221297383308411 -0.537303626537323 -0.2785446047782898
v -0.6187776327133179 -0.5376161932945251 -0.2700052559375763
v -0.6220288872718811 -0.5381649136543274 -0.15991051495075226
v -0.6276148557662964 -0.51321941614151 -0.26311710476875305
v -0.620894193649292 -0.5153592228889465 -0.24900250136852264
v -0.6186232566833496 -0.528663158416748 0.04334069788455963
v -0.6263163089752197 -0.5043796896934509 -0.23164436221122742
v -0.6206172704696655 -0.5065338015556335 -0.2185385376214981
v -0.6157488226890564 -0.5026002526283264 0.03248260170221329
v -0.6215247511863708 -0.49992841482162476 -0.0803038626909256
v -0.6217935085296631 -0.4775806665420532 -0.01678055338561535
v -0.6173028945922852 -0.3514787554740906 -0.024891668930649757
v -0.6195179224014282 -0.34247827529907227 -0.25605320930480957
v -0.5953314900398254 -0.3425080478191376 -0.24769240617752075
v -0.5923750996589661 -0.3430320620536804 -0.23935581743717194
v -0.6194964051246643 -0.34575966000556946 -0.009903552010655403
v -0.6062657237052917 -0.3318861424922943 -0.20014779269695282
v -0.6101828813552856 -0.3191550076007843 -0.1845601499080658
v -0.6308110952377319 -0.31130221486091614 -0.1763477325439453
v -0.6149175763130188 -0.28057169914245605 0.039793409407138824
v -0.6203845143318176 -0.23954440653324127 -0.30950435996055603
v -0.6127921342849731 -0.07440995424985886 -0.3045154809951782
v -0.5994260311126709 -0.031118344515562057 0.03813110291957855
v -0.6260046362876892 -0.006313932128250599 -0.27498888969421387
v -0.6047717332839966 0.03229144215583801 -0.259052574634552
v -0.6278746724128723 0.033195123076438904 -0.01692081429064274
v -0.6107598543167114 0.04941083490848541 -0.020342877134680748
v -0.6296448111534119 0.07419533282518387 -0.18991941213607788
v -0.6121838092803955 -0.5550459623336792 -0.042935535311698914
v -0.61473548412323 -0.54618901014328 -0.24416866898536682
v -0.609129011631012 -0.547817587852478 -0.23469753563404083
v -0.6083824634552002 -0.5506001114845276 -0.21820208430290222
v -0.6130906939506531 -0.5532543659210205 -0.05879436805844307
v -0.6079139113426208 -0.5516123175621033 -0.029209205880761147
v -0.604911208152771 -0.5525491237640381 -0.010352973826229572
v -0.6108569502830505 -0.5523457527160645 0.0034928694367408752
v -0.6142609119415283 -0.5501129627227783 0.01422953698784113
v -0.6112374067306519 -0.5384091734886169 -0.24761204421520233
v -0.6092264652252197 -0.538404643535614 -0.2396378219127655
v -0.6074983477592468 -0.5367656350135803 -0.1675121784210205
v -0.6136825084686279 -0.5323352217674255 -0.26014968752861023
v -0.6132424473762512 -0.5252898931503296 -0.23332998156547546
v -0.6095523834228516 -0.5369531512260437 0.038955338299274445
v -0.6069770455360413 -0.5249990224838257 -0.21966828405857086
v -0.6074562668800354 -0.5225999355316162 0.03278091549873352
v -0.6070109605789185 -0.5174566507339478 -0.19182221591472626
v -0.6086416840553284 -0.5164194107055664 -0.18250161409378052
v -0.613064169883728 -0.5109398365020752 -0.20012404024600983
v -0.6040005683898926 -0.5085667371749878 0.021814754232764244
v -0.6273145079612732 -0.48893141746520996 -0.07287352532148361
v -0.6143462061882019 -0.4885459840297699 0.007410481572151184
v -0.6160115599632263 -0.48986953496932983 0.02061385102570057
v -0.62172532081604 -0.4840465784072876 -0.05092443525791168
v -0.6167576313018799 -0.47845566272735596 -0.03001152165234089
v -0.6122092604637146 -0.48200806975364685 -0.01799507811665535
v -0.6359144449234009 -0.3442230522632599 -0.2158498466014862
v -0.6162860989570618 -0.30408018827438354 -0.08678752183914185
v -0.6062595248222351 -0.24869607388973236 0.04992440342903137
v -0.6094972491264343 0.07348756492137909 -0.08893893659114838
v -0.6510913372039795 0.07571540772914886 -0.17314420640468597
v -0.6052079200744629 -0.5479299426078796 -0.25912922620773315
v -0.5940213799476624 -0.547656774520874 -0.22850479185581207
v -0.601470947265625 -0.5435752868652344 0.019580723717808723
v -0.607253909111023 -0.5399224162101746 -0.26194098591804504
v -0.594142496585846 -0.5398655533790588 -0.19058328866958618
v -0.606644868850708 -0.5378431081771851 -0.08132670819759369
v -0.6063272356987 -0.5458990335464478 -0.07402816414833069
v -0.5917503237724304 -0.5417277812957764 -0.22780878841876984
v -0.6033066511154175 -0.5308324694633484 -0.20130299031734467
v -0.6042460203170776 -0.5295770168304443 -0.08130547404289246
v -0.5961865186691284 -0.5397927165031433 0.03724600747227669
v -0.6045790314674377 -0.5259749293327332 -0.1752002239227295
v -0.6067349314689636 -0.4973597526550293 -0.06383159756660461
v -0.6027882099151611 -0.49668845534324646 -0.04061654955148697
v -0.6070748567581177 -0.49426987767219543 -0.003813313553109765
v -0.5963600277900696 -0.5056895613670349 -0.04956299811601639
v -0.6034384369850159 -0.490574449300766 -0.024191025644540787
v -0.6069319844245911 -0.3464503586292267 -0.012621370144188404
v -0.6094035506248474 -0.339995414018631 -0.2573978900909424
v -0.611039400100708 -0.33178257942199707 -0.06248946115374565
v -0.6075536012649536 -0.3202139139175415 -0.07350040972232819
v -0.6207096576690674 -0.3236862123012543 0.010671871714293957
v -0.6033883094787598 -0.32528188824653625 -0.27317529916763306
v -0.613209068775177 -0.3103223443031311 -0.2838926911354065
v -0.6025053262710571 -0.251414954662323 -0.1057349368929863
v -0.5983472466468811 -0.21905584633350372 -0.3124660551548004
v -0.6161483526229858 -0.23648741841316223 -0.11318274587392807
v -0.6026591062545776 -0.20099294185638428 0.05231435224413872
v -0.6021464467048645 -0.17741994559764862 -0.31225770711898804
v -0.5924934148788452 -0.07340653985738754 -0.30661049485206604
v -0.6150690317153931 -0.011792512610554695 0.025552399456501007
v -0.6110497713088989 -0.018041888251900673 -0.2884180247783661
v -0.5746040344238281 0.04865800961852074 -0.2579553723335266
v -0.5536282658576965 0.09214271605014801 -0.16883809864521027
v -0.6090832352638245 0.08695565164089203 -0.15644679963588715
v -0.5742394328117371 0.09320072084665298 -0.13223451375961304
v -0.5919124484062195 -0.5463996529579163 -0.2153201848268509
v -0.5906636118888855 -0.5479562282562256 -0.17412608861923218
v -0.5914166569709778 -0.5474832057952881 -0.040630389004945755
v -0.5932091474533081 -0.5462023615837097 -0.004583863541483879
v -0.5926576256752014 -0.5465183258056641 0.007626557722687721
v -0.6015210151672363 -0.5385901927947998 -0.2020333707332611
v -0.5949874520301819 -0.5440714359283447 -0.06616340577602386
v -0.591648519039154 -0.5385773777961731 0.020427687093615532
v -0.5900250673294067 -0.538094699382782 -0.17472060024738312
v -0.592221200466156 -0.5398572087287903 -0.07500194758176804
v -0.6019816994667053 -0.5157651305198669 -0.07466528564691544
v -0.5911163687705994 -0.5230699181556702 -0.05387083441019058
v -0.5962608456611633 -0.5128384828567505 0.012072390876710415
v -0.5975461006164551 -0.5117878913879395 -0.0009080087766051292
v -0.5952586531639099 -0.511389970779419 -0.018069332465529442
v -0.6195733547210693 -0.3496559262275696 -0.040007710456848145
v -0.5717852115631104 -0.3435865640640259 -0.021517328917980194
v -0.6008184552192688 -0.26285645365715027 -0.15270110964775085
v -0.5856351852416992 -0.2500133216381073 -0.3080833852291107
v -0.5798941254615784 -0.22025172412395477 0.05386676266789436
v -0.5916728377342224 -0.22638319432735443 -0.14226673543453217
v -0.5970959067344666 0.008568914607167244 0.024568334221839905
v -0.6027786731719971 0.03774773329496384 0.00046794666559435427
v -0.6121732592582703 0.05686703696846962 -0.2271491140127182
v -0.5834302306175232 0.07073945552110672 -0.21464495360851288
v -0.5916990041732788 0.06671363115310669 -0.04150988534092903
v -0.5913276672363281 -0.5468985438346863 -0.18503741919994354
v -0.5952497720718384 -0.5467910170555115 -0.053746581077575684
v -0.5837889313697815 -0.547371506690979 0.006165843922644854
v -0.589096188545227 -0.5369389057159424 -0.18375912308692932
v -0.58828204870224 -0.5380213260650635 -0.05888674035668373
v -0.5905972123146057 -0.5397393107414246 -0.027266619727015495
v -0.5903528928756714 -0.5303987264633179 -0.009722379967570305
v -0.5928656458854675 -0.5283977389335632 0.0210550669580698
v -0.5835451483726501 -0.5273588299751282 -0.042461324483156204
v -0.5890302062034607 -0.5273732542991638 -0.029003741219639778
v -0.5679208636283875 -0.3369503319263458 -0.041316594928503036
v -0.5950906872749329 -0.3426159918308258 -0.22740031778812408
v -0.5834870338439941 -0.33272290229797363 -0.05509938672184944
v -0.580216646194458 -0.3312041461467743 0.010385417379438877
v -0.5926850438117981 -0.3255493640899658 -0.19543342292308807
v -0.5779032707214355 -0.31567105650901794 0.02434750273823738
v -0.5771791338920593 -0.2973971366882324 -0.08506900072097778
v -0.5759475231170654 -0.2853154242038727 -0.2972457706928253
v -0.5839441418647766 -0.29706457257270813 -0.17118999361991882
v -0.5874643921852112 -0.2850843369960785 -0.163151815533638
v -0.5823078155517578 -0.2758059799671173 0.04439421370625496
v -0.5954769849777222 -0.22665715217590332 -0.12142005562782288
v -0.5958955883979797 -0.11429605633020401 0.04715786874294281
v -0.6041650176048279 -0.03425508737564087 -0.2972450256347656
v -0.5708413124084473 -0.010346726514399052 0.03941616788506508
v -0.6000474691390991 0.01260597724467516 -0.2759189009666443
v -0.554639458656311 0.061075180768966675 -0.2495861053466797
v -0.5774189829826355 0.06253919750452042 -0.014857645146548748
v -0.5887959003448486 0.0824446752667427 -0.09520889818668365
v -0.6111783385276794 0.08729393035173416 -0.14524662494659424
v -0.5770837664604187 -0.546999454498291 -0.043060772120952606
v -0.5755261182785034 -0.5387681126594543 -0.05256885662674904
v -0.5795382261276245 -0.5383847951889038 -0.03731433302164078
v -0.5904186367988586 -0.5393958687782288 -0.011683153919875622
v -0.5795788764953613 -0.5383530259132385 0.00417544087395072
v -0.5811406970024109 -0.5389298796653748 0.012296990491449833
v -0.5766028165817261 -0.33725905418395996 -0.22744983434677124
v -0.5864978432655334 -0.3357299864292145 -0.21389377117156982
v -0.5913037657737732 -0.30297163128852844 0.03143465146422386
v -0.5710033178329468 -0.25393515825271606 -0.1010260358452797
v -0.5756248831748962 -0.2670539319515228 -0.15793102979660034
v -0.5722248554229736 -0.25284671783447266 0.049720849841833115
v -0.594691276550293 -0.2206868976354599 -0.1376596987247467
v -0.5980545282363892 -0.21956078708171844 -0.12962011992931366
v -0.5856740474700928 -0.18393036723136902 -0.3130395710468292
v -0.5822575688362122 -0.18065455555915833 0.053416114300489426
v -0.571342408657074 -0.12033751606941223 -0.31040388345718384
v -0.5788800120353699 -0.06726108491420746 0.04716220498085022
v -0.5869460105895996 -0.043962132185697556 -0.3023627996444702
v -0.5903582572937012 -0.052197203040122986 0.044450826942920685
v -0.5696974396705627 0.08412974327802658 -0.08196467161178589
v -0.5735613107681274 -0.538404643535614 -0.04322957247495651
v -0.5780250430107117 -0.3416734039783478 -0.005655993707478046
v -0.5534591674804688 -0.3367782533168793 -0.01746041513979435
v -0.5720307230949402 -0.32873469591140747 -0.20972953736782074
v -0.5566825270652771 -0.3257049024105072 -0.05471568927168846
v -0.5778931975364685 -0.33180880546569824 -0.26164308190345764
v -0.5699720978736877 -0.3173820674419403 -0.195073664188385
v -0.5581833720207214 -0.2595822811126709 -0.30174872279167175
v -0.5748065114021301 -0.2236456423997879 -0.310699999332428
v -0.567729651927948 0.02973238006234169 -0.27606502175331116
v -0.5845641493797302 0.033647313714027405 0.01376971136778593
v -0.5692996978759766 -0.33551713824272156 -0.24097710847854614
v -0.5580853819847107 -0.333157479763031 -0.00027189706452190876
v -0.555543065071106 -0.31728386878967285 -0.06419490277767181
v -0.5475765466690063 -0.3172900080680847 0.018396154046058655
v -0.5547686219215393 -0.30787894129753113 0.02934955805540085
v -0.5769718885421753 -0.30879896879196167 -0.2858215570449829
v -0.5721117854118347 -0.30557796359062195 -0.1817944049835205
v -0.5591958165168762 -0.23147982358932495 -0.30719855427742004
v -0.5620907545089722 -0.18807440996170044 -0.31100770831108093
v -0.5530104637145996 -0.1411944180727005 -0.30964624881744385
v -0.5477331280708313 -0.12090981006622314 0.04941286891698837
v -0.5692484378814697 -0.10735179483890533 0.04911712929606438
v -0.5520628094673157 -0.022927094250917435 -0.2999064028263092
v -0.563715398311615 0.01759199984371662 0.030565541237592697
v -0.5593287348747253 0.05655083805322647 0.001962606329470873
v -0.5472884178161621 -0.32817521691322327 -0.041289880871772766
v -0.5489047765731812 -0.31634286046028137 -0.20886197686195374
v -0.5464137196540833 -0.2989591062068939 -0.18942232429981232
v -0.5501935482025146 -0.28691598773002625 -0.1771765649318695
v -0.5534504055976868 -0.2958274185657501 0.0363251194357872
v -0.5839994549751282 -0.2377440184354782 -0.1113378182053566
v -0.5650973320007324 -0.2241756021976471 -0.1476076990365982
v -0.549710750579834 -0.22405217587947845 -0.11229003965854645
v -0.561042070388794 -0.004446128383278847 -0.29412928223609924
v -0.5738857388496399 0.004230239894241095 -0.28850045800209045
v -0.531385064125061 0.0759962871670723 -0.23089013993740082
v -0.5533758997917175 -0.3240945637226105 -0.2572634220123291
v -0.5319790840148926 -0.32325658202171326 -0.00509395357221365
v -0.5469290614128113 -0.32314392924308777 -0.23125603795051575
v -0.5649930238723755 -0.3077821433544159 -0.07581310719251633
v -0.5566868185997009 -0.2761756479740143 -0.16783450543880463
v -0.5510825514793396 -0.20966628193855286 -0.130076065659523
v -0.5498242378234863 -0.18860529363155365 0.05278338864445686
v -0.5215178728103638 -0.14042475819587708 0.04735477641224861
v -0.5577046275138855 -0.05564729496836662 -0.3051888644695282
v -0.5252894759178162 -0.003857536008581519 -0.29547229409217834
v -0.5544039011001587 0.07173718512058258 -0.016966799274086952
v -0.530113697052002 0.10051042586565018 -0.14615026116371155
v -0.5476350784301758 -0.3146238327026367 -0.26938918232917786
v -0.5397663116455078 -0.3170354962348938 -0.2523631751537323
v -0.537767767906189 -0.31726890802383423 -0.05146492272615433
v -0.5485455989837646 -0.29576376080513 -0.07752751559019089
v -0.549705982208252 -0.2913263440132141 -0.2897075116634369
v -0.5384806990623474 -0.25319963693618774 -0.165831059217453
v -0.5553238987922668 -0.21739156544208527 -0.1454315185546875
v -0.5380654335021973 -0.09395574778318405 -0.30709823966026306
v -0.5218446850776672 -0.07630398124456406 0.04954518377780914
v -0.5528092980384827 -0.054860781878232956 0.04890856891870499
v -0.5436512231826782 0.022284382954239845 -0.2848067283630371
v -0.5404572486877441 0.014455627650022507 0.03614426404237747
v -0.5433881282806396 0.04423214867711067 0.017896847799420357
v -0.543932318687439 0.04578381031751633 -0.26959264278411865
v -0.5458028316497803 0.09535395354032516 -0.10552280396223068
v -0.4999654293060303 0.10480950027704239 -0.08665615320205688
v -0.5145482420921326 -0.29945194721221924 -0.24983443319797516
v -0.5261956453323364 -0.29880601167678833 -0.20587028563022614
v -0.5385494232177734 -0.30555304884910583 -0.06549154967069626
v -0.5257713198661804 -0.28813838958740234 -0.07102566212415695
v -0.5367227792739868 -0.26142987608909607 -0.08926864713430405
v -0.5332643389701843 -0.2670172154903412 0.041521672159433365
v -0.548265814781189 -0.2136986404657364 -0.12129631638526917
v -0.5131113529205322 -0.14959144592285156 -0.30132049322128296
v -0.5112748146057129 -0.11389477550983429 -0.3029666244983673
v -0.5165970325469971 -0.04420176148414612 -0.3020803928375244
v -0.5518556237220764 -0.02332030050456524 0.04539733752608299
v -0.5193392634391785 -0.31277748942375183 -0.03555150702595711
v -0.5177472233772278 -0.3151124119758606 -0.01784246414899826
v -0.5332356691360474 -0.293118953704834 -0.2805953025817871
v -0.5263137221336365 -0.2638794481754303 -0.2911350429058075
v -0.5206607580184937 -0.2538551688194275 -0.17170806229114532
v -0.5204402804374695 -0.23543773591518402 -0.09787574410438538
v -0.5124312043190002 -0.21459394693374634 -0.11315503716468811
v -0.5358899235725403 -0.20150430500507355 -0.30505654215812683
v -0.48611006140708923 0.09366532415151596 -0.2069283425807953
v -0.5572580099105835 0.07685907930135727 -0.0320931077003479
v -0.5178403854370117 -0.31183138489723206 -0.0001312720705755055
v -0.5108028054237366 -0.3003038763999939 -0.046409398317337036
v -0.5185461640357971 -0.3032493591308594 0.015841277316212654
v -0.526919960975647 -0.2940591275691986 0.029947537928819656
v -0.5085130333900452 -0.28598785400390625 -0.2667117714881897
v -0.5085687041282654 -0.24865378439426422 -0.08625437319278717
v -0.5259274840354919 -0.2290657013654709 0.045924268662929535
v -0.505730390548706 -0.2298099547624588 -0.15881706774234772
v -0.49949169158935547 -0.08126109093427658 -0.3014187514781952
v -0.5103886127471924 0.006659439764916897 0.040613532066345215
v -0.5212035775184631 0.09103290736675262 -0.1876687854528427
v -0.5113979578018188 0.10009120404720306 -0.16589955985546112
v -0.5266249775886536 0.10220659524202347 -0.13041281700134277
v -0.5133585929870605 -0.29937148094177246 -0.23702658712863922
v -0.5205805897712708 -0.30170464515686035 -0.21959932148456573
v -0.5009384155273438 -0.27977585792541504 -0.05918882414698601
v -0.49384963512420654 -0.26100918650627136 0.02673782780766487
v -0.49855634570121765 -0.2613408863544464 -0.07311584055423737
v -0.5136342644691467 -0.2591383755207062 0.03751729428768158
v -0.5311030745506287 -0.23323020339012146 -0.2995515763759613
v -0.4965652525424957 -0.21449099481105804 -0.2901264429092407
v -0.5135912299156189 -0.22376270592212677 -0.10466142743825912
v -0.5101303458213806 -0.21408087015151978 -0.14631731808185577
v -0.48748546838760376 -0.20582333207130432 -0.1380654126405716
v -0.4949253797531128 -0.20725882053375244 -0.12066346406936646
v -0.5521317720413208 -0.2107117772102356 -0.13754624128341675
v -0.5158912539482117 -0.029249152168631554 0.04782361537218094
v -0.508613109588623 0.032750606536865234 -0.28048673272132874
v -0.5172021985054016 0.05658705532550812 0.01256802212446928
v -0.5140483975410461 0.05230412259697914 -0.26821380853652954
v -0.5273767113685608 0.07690846920013428 -0.01301172748208046
v -0.48602306842803955 -0.28537407517433167 -0.01876852475106716
v -0.4897342622280121 -0.2767266631126404 -0.25156906247138977
v -0.5027165412902832 -0.26944777369499207 -0.2760094106197357
v -0.502395749092102 -0.26822489500045776 -0.19237209856510162
v -0.48124322295188904 -0.22864677011966705 -0.27938202023506165
v -0.49952441453933716 -0.18193292617797852 -0.2948665916919708
v -0.48386073112487793 -0.06384169310331345 0.046559516340494156
v -0.503246009349823 0.03997703641653061 0.026282452046871185
v -0.49508756399154663 -0.2828788459300995 0.012535828165709972
v -0.49187955260276794 -0.26790574193000793 -0.20048320293426514
v -0.5003760457038879 -0.24734902381896973 -0.17495010793209076
v -0.46152737736701965 -0.21780335903167725 -0.08467018604278564
v -0.49138692021369934 -0.22654786705970764 -0.093978650867939
v -0.4954759180545807 -0.21395492553710938 -0.10843925923109055
v -0.48692408204078674 -0.21294982731342316 -0.1481296867132187
v -0.4861787259578705 -0.2046080231666565 -0.1293027102947235
v -0.48686203360557556 -0.1554408222436905 0.03970722481608391
v -0.4873631000518799 0.021265067160129547 -0.2838738262653351
v -0.5020905137062073 0.07155755162239075 0.00038270564982667565
v -0.4496358036994934 -0.24753491580486298 -0.023671170696616173
v -0.47980985045433044 -0.2757889926433563 -0.003576993476599455
v -0.4847986102104187 -0.2690981924533844 -0.21130788326263428
v -0.4772777855396271 -0.2472793161869049 -0.2681023180484772
v -0.465783953666687 -0.24825428426265717 -0.2556494474411011
v -0.47312524914741516 -0.22847121953964233 -0.16982465982437134
v -0.47943446040153503 -0.2081884741783142 -0.10914989560842514
v -0.48693302273750305 -0.2148657888174057 0.034546226263046265
v -0.48923859000205994 -0.09796252846717834 0.045636896044015884
v -0.49315425753593445 -0.01846102625131607 0.04563295096158981
v -0.4993181824684143 -0.004092728719115257 -0.29340100288391113
v -0.492169052362442 0.018624911084771156 0.0366179533302784
v -0.47230154275894165 -0.26353636384010315 -0.23488469421863556
v -0.47074031829833984 -0.26605406403541565 -0.035981420427560806
v -0.4604274034500122 -0.2498392015695572 -0.24545347690582275
v -0.4692383110523224 -0.2539697289466858 0.010543550364673138
v -0.46734729409217834 -0.24128973484039307 -0.18881818652153015
v -0.4672796130180359 -0.24561867117881775 -0.06326578557491302
v -0.4841458797454834 -0.23568090796470642 0.029476184397935867
v -0.4770703613758087 -0.21380968391895294 -0.09825340658426285
v -0.4715271294116974 -0.2072681337594986 -0.14694452285766602
v -0.47075358033180237 -0.20327438414096832 -0.12209688872098923
v -0.46282288432121277 0.08237031102180481 -0.007298558950424194
v -0.4977453052997589 0.07321338355541229 -0.24722979962825775
v -0.48302730917930603 0.08512520045042038 -0.014175290241837502
v -0.4766402542591095 0.10339072346687317 -0.05345071852207184
v -0.4431009888648987 0.11406892538070679 -0.16772016882896423
v -0.45050904154777527 0.11712650209665298 -0.09760710597038269
v -0.45233479142189026 -0.24613282084465027 -0.23452986776828766
v -0.4693921208381653 -0.25932878255844116 -0.04827885329723358
v -0.4598549008369446 -0.20070993900299072 -0.13693632185459137
v -0.471352756023407 -0.18037094175815582 0.03280263766646385
v -0.4671078324317932 -0.1848611831665039 -0.2814183831214905
v -0.4716382324695587 -0.11691033840179443 -0.2928447723388672
v -0.4785217046737671 -0.04504682123661041 -0.2964532673358917
v -0.4678976237773895 -0.0024404870346188545 0.04043121635913849
v -0.4713260531425476 0.06393834203481674 0.01038446370512247
v -0.4873321056365967 0.08572851866483688 -0.22724534571170807
v -0.44821345806121826 -0.24332232773303986 -0.008999745361506939
v -0.4698573350906372 -0.26096341013908386 -0.22638200223445892
v -0.4492780864238739 -0.23329387605190277 0.005154162645339966
v -0.45540016889572144 -0.2023082971572876 -0.1003037616610527
v -0.4474542438983917 -0.14131352305412292 0.033768657594919205
v -0.464113712310791 -0.031634628772735596 0.04333609715104103
v -0.48400992155075073 0.06298090517520905 -0.25927597284317017
v -0.4371863603591919 -0.2345365583896637 -0.027938513085246086
v -0.4339902400970459 -0.22268500924110413 -0.2427421361207962
v -0.443899005651474 -0.23005005717277527 -0.198126420378685
v -0.4586484432220459 -0.22403788566589355 0.01806975156068802
v -0.4718369245529175 -0.15581195056438446 -0.2879955470561981
v -0.4700927436351776 -0.09076687693595886 -0.29436591267585754
v -0.47364741563796997 0.019766338169574738 0.035174645483493805
v -0.46110761165618896 0.10108105838298798 -0.03807521611452103
v -0.44796013832092285 0.1096322238445282 -0.18249808251857758
v -0.4292810559272766 -0.22568278014659882 -0.21279975771903992
v -0.4208471179008484 -0.2104015052318573 -0.004880024120211601
v -0.44127538800239563 -0.22059248387813568 -0.06338945776224136
v -0.43538928031921387 0.020106205716729164 -0.27672818303108215
v -0.4764160215854645 0.04372444003820419 -0.2715698778629303
v -0.43944549560546875 0.0952833965420723 -0.022380804643034935
v -0.42324933409690857 -0.22034852206707 -0.014898777939379215
v -0.43685200810432434 -0.21256650984287262 -0.2543129324913025
v -0.42840975522994995 -0.2196263074874878 -0.048021625727415085
v -0.4576691687107086 -0.21262553334236145 -0.26991185545921326
v -0.4435819387435913 -0.1733722686767578 -0.272565096616745
v -0.4775398075580597 0.04560331255197525 0.023187970742583275
v -0.45345568656921387 0.11659855395555496 -0.1312965303659439
v -0.42685943841934204 0.11878073215484619 -0.08161971718072891
v -0.425047904253006 -0.20320849120616913 0.003893245942890644
v -0.4478588104248047 -0.19885006546974182 -0.14808452129364014
v -0.4360957741737366 -0.19594113528728485 -0.09571953117847443
v -0.43749678134918213 -0.18970976769924164 0.017586566507816315
v -0.41791439056396484 -0.1498205065727234 -0.2671866714954376
v -0.4442577660083771 -0.09259051829576492 0.038191117346286774
v -0.39330416917800903 -0.08177131414413452 0.028107233345508575
v -0.41202256083488464 -0.04519475996494293 0.034794941544532776
v -0.42960983514785767 0.07114452123641968 -0.24740293622016907
v -0.4501766860485077 0.08640895038843155 -0.23194700479507446
v -0.40923720598220825 0.08593510091304779 -0.00997123122215271
v -0.42004862427711487 0.11471807956695557 -0.05916542559862137
v -0.4208195209503174 -0.21959130465984344 -0.22328022122383118
v -0.42587971687316895 -0.20843441784381866 -0.18282204866409302
v -0.4150475561618805 -0.1885983943939209 -0.1442166268825531
v -0.42987260222435 -0.19491302967071533 -0.15808583796024323
v -0.42688748240470886 -0.15380647778511047 0.025235168635845184
v -0.4203772246837616 -0.10163803398609161 -0.27850842475891113
v -0.37358883023262024 0.01914527826011181 -0.2663039267063141
v -0.41284313797950745 0.03582427650690079 -0.2667054533958435
v -0.3862607479095459 0.06113702058792114 0.0076786670833826065
v -0.4265323281288147 0.10799295455217361 -0.19488181173801422
v -0.4029078781604767 0.11786137521266937 -0.171697735786438
v -0.4165947139263153 0.12092816829681396 -0.14755378663539886
v -0.4168335497379303 -0.212918221950531 -0.22965416312217712
v -0.4432491362094879 -0.2038857787847519 -0.08513564616441727
v -0.40072059631347656 -0.1849406510591507 -0.1543901115655899
v -0.4091712534427643 -0.18663886189460754 -0.08327174931764603
v -0.43454089760780334 -0.04597409814596176 -0.28682082891464233
v -0.4142284393310547 0.10677608102560043 -0.03840870037674904
v -0.4040956199169159 -0.20613807439804077 -0.20842060446739197
v -0.3999635875225067 -0.2027016282081604 -0.032629676163196564
v -0.40854358673095703 -0.1943245530128479 -0.2377033233642578
v -0.4022999405860901 -0.19338354468345642 -0.17829090356826782
v -0.4105377495288849 -0.1885945051908493 -0.07622639089822769
v -0.3978339433670044 -0.19608543813228607 -0.04736561328172684
v -0.42518630623817444 -0.1925717145204544 -0.10072948783636093
v -0.4054201543331146 -0.17402684688568115 0.0021220091730356216
v -0.3953242897987366 -0.14710384607315063 0.009755035862326622
v -0.40262338519096375 -0.12451747059822083 0.022137628868222237
v -0.42320770025253296 -0.07096711546182632 -0.282671719789505
v -0.40992406010627747 0.03843143954873085 0.02113236114382744
v -0.3929238021373749 -0.19484727084636688 -0.2204873114824295
v -0.39007240533828735 -0.195927694439888 -0.1952884942293167
v -0.39639154076576233 -0.19824883341789246 -0.024404259398579597
v -0.3884168863296509 -0.18073387444019318 -0.078509621322155
v -0.40364179015159607 -0.1865660697221756 -0.09382984042167664
v -0.41284242272377014 -0.17021629214286804 -0.2555477023124695
v -0.40712809562683105 -0.10635196417570114 0.027803935110569
v -0.4039204716682434 0.08537257462739944 -0.2321256548166275
v -0.3942219913005829 -0.19909505546092987 -0.213700532913208
v -0.384411096572876 -0.19023534655570984 -0.052311964333057404
v -0.4036025106906891 -0.18945032358169556 -0.11026354879140854
v -0.38727185130119324 -0.1823347955942154 -0.018441081047058105
v -0.38257521390914917 -0.11160165071487427 -0.2623448073863983
v -0.39517900347709656 -0.10877499729394913 -0.2681446373462677
v -0.3822169303894043 -0.044225964695215225 -0.2749101519584656
v -0.4273190498352051 -0.010800044052302837 -0.2829621732234955
v -0.41377952694892883 0.00023934937780722976 0.03275635838508606
v -0.3770191967487335 0.022003205493092537 0.023666424676775932
v -0.37142935395240784 0.11365268379449844 -0.047099173069000244
v -0.3871157169342041 -0.1848018914461136 -0.1600184589624405
v -0.38411611318588257 -0.192298024892807 -0.039751745760440826
v -0.3823133707046509 -0.18695156276226044 -0.02741987816989422
v -0.38810795545578003 -0.18769821524620056 -0.22286751866340637
v -0.4075011610984802 -0.01338932104408741 0.033544279634952545
v -0.3868611454963684 0.1049288809299469 -0.20555676519870758
v -0.37263330817222595 0.11327950656414032 -0.18943087756633759
v -0.40385597944259644 0.12426438927650452 -0.11299888789653778
v -0.37936073541641235 -0.1934370994567871 -0.20574265718460083
v -0.36952781677246094 -0.18624067306518555 -0.16446027159690857
v -0.3664989173412323 -0.18548081815242767 -0.11010727286338806
v -0.3667117953300476 -0.18905842304229736 -0.05329599604010582
v -0.3710896968841553 -0.18801118433475494 -0.041122887283563614
v -0.3733731508255005 -0.17708423733711243 -0.025194715708494186
v -0.37001264095306396 -0.15773765742778778 -0.22575682401657104
v -0.347764253616333 -0.0046331752091646194 0.02600332908332348
v -0.358737051486969 0.07565243542194366 -0.0033863058779388666
v -0.39160093665122986 0.12216798961162567 -0.1562718152999878
v -0.3665068745613098 0.12443032115697861 -0.08017440140247345
v -0.36571773886680603 -0.18745794892311096 -0.20688004791736603
v -0.3599793612957001 -0.19068041443824768 -0.18897168338298798
v -0.37674209475517273 -0.17909912765026093 -0.0832483097910881
v -0.36560648679733276 -0.17632685601711273 -0.21544550359249115
v -0.376466304063797 -0.15454746782779694 -0.010058645159006119
v -0.37604421377182007 -0.13221794366836548 -0.24845410883426666
v -0.3743450939655304 -0.12047058343887329 0.010578854009509087
v -0.3691226541996002 -0.09086483716964722 0.020206868648529053
v -0.3685571253299713 -0.0822765901684761 -0.2659047544002533
v -0.3737846612930298 0.12617450952529907 -0.13524259626865387
v -0.34450316429138184 0.1290786862373352 -0.11307204514741898
v -0.37548837065696716 -0.1811915636062622 -0.07339716702699661
v -0.3580338954925537 -0.18515600264072418 -0.04179045930504799
v -0.3571614921092987 -0.17299838364124298 -0.03123590536415577
v -0.3578740060329437 -0.15055209398269653 -0.019726181402802467
v -0.35491782426834106 -0.14345569908618927 -0.22586698830127716
v -0.3477749228477478 -0.09457336366176605 -0.2543799877166748
v -0.3386669158935547 -0.036902740597724915 -0.2661632299423218
v -0.36284127831459045 0.08555406332015991 -0.010690207593142986
v -0.35954615473747253 0.09120630472898483 -0.22218431532382965
v -0.35146987438201904 -0.18349061906337738 -0.20527301728725433
v -0.3399079442024231 -0.19068020582199097 -0.18549908697605133
v -0.38066548109054565 -0.18648673593997955 -0.12948757410049438
v -0.33588725328445435 -0.1905272752046585 -0.058745358139276505
v -0.3358784019947052 -0.1889992654323578 -0.051108043640851974
v -0.3498072028160095 -0.18017852306365967 -0.08729742467403412
v -0.3445100784301758 -0.14935921132564545 -0.21710911393165588
v -0.3557727038860321 -0.007524015381932259 -0.2687362730503082
v -0.34807920455932617 0.027675500139594078 0.018680932000279427
v -0.3424951434135437 0.041059281677007675 0.01344095915555954
v -0.35719436407089233 0.09953877329826355 -0.21228602528572083
v -0.32762202620506287 -0.18587782979011536 -0.1956983506679535
v -0.3280705213546753 -0.19071678817272186 -0.06654979288578033
v -0.3436208963394165 -0.17580968141555786 -0.2070758193731308
v -0.357177734375 -0.13726188242435455 -0.011045309714972973
v -0.3400117754936218 -0.11294164508581161 -0.2402724027633667
v -0.33898383378982544 -0.09174319356679916 0.013046128675341606
v -0.33122146129608154 -0.18401119112968445 -0.04379938170313835
v -0.33556318283081055 -0.1760862171649933 -0.03813866898417473
v -0.3466038703918457 -0.03746725246310234 0.026822226122021675
v -0.319984495639801 -0.00848967581987381 -0.26291775703430176
v -0.3102985620498657 0.01811671070754528 -0.2563678026199341
v -0.36912277340888977 0.10552621632814407 -0.032773517072200775
v -0.3460349440574646 0.12607219815254211 -0.14827652275562286
v -0.3315660059452057 -0.1885911077260971 -0.12234773486852646
v -0.3379262685775757 -0.1107143983244896 0.0020450882147997618
v -0.3178822696208954 -0.09315583109855652 0.009244900196790695
v -0.33217501640319824 -0.07286074012517929 -0.2583537697792053
v -0.3139082193374634 0.10787968337535858 -0.19622278213500977
v -0.2967565655708313 -0.19187772274017334 -0.05156160518527031
v -0.31519752740859985 -0.14929907023906708 -0.20817235112190247
v -0.32614684104919434 -0.13886936008930206 -0.21604904532432556
v -0.33131110668182373 -0.14918050169944763 -0.02882196381688118
v -0.31098634004592896 -0.10981260240077972 -0.00414876127615571
v -0.3368176519870758 0.039824530482292175 -0.25257599353790283
v -0.3725335896015167 0.05762413144111633 -0.24913832545280457
v -0.35471928119659424 0.07112492620944977 -0.23826071619987488
v -0.31285983324050903 0.11485910415649414 -0.1835344284772873
v -0.2930975556373596 0.13060231506824493 -0.11299432814121246
v -0.3028223514556885 -0.19203926622867584 -0.1847209930419922
v -0.3179372251033783 -0.1853974163532257 -0.09071660786867142
v -0.3096017837524414 -0.17549531161785126 -0.19990497827529907
v -0.301572322845459 -0.14618468284606934 -0.031206591054797173
v -0.3020903468132019 -0.12854251265525818 -0.022648373618721962
v -0.32821905612945557 -0.13286888599395752 -0.02106304280459881
v -0.31566423177719116 -0.09474096447229385 -0.24615561962127686
v -0.34326648712158203 -0.06847622990608215 0.021409789100289345
v -0.3068408966064453 -0.030782504007220268 -0.26304569840431213
v -0.29743754863739014 0.039477188140153885 0.011872684583067894
v -0.29318735003471375 0.0998065248131752 -0.2051529586315155
v -0.3446766138076782 0.1208265870809555 -0.17001932859420776
v -0.2902280390262604 0.1302758902311325 -0.10300847887992859
v -0.2994385361671448 0.12896394729614258 -0.09036275744438171
v -0.2923178970813751 -0.19884462654590607 -0.07433219999074936
v -0.288834810256958 -0.18598473072052002 -0.1927109956741333
v -0.29922324419021606 -0.18193888664245605 -0.043099213391542435
v -0.30813851952552795 -0.1317126452922821 -0.21546883881092072
v -0.28217533230781555 -0.07810251414775848 -0.2529694139957428
v -0.3085789978504181 0.05490966513752937 -0.24176783859729767
v -0.3176415264606476 0.06310342252254486 0.002046113833785057
v -0.2563334107398987 0.08764848858118057 -0.015314021147787571
v -0.3115338981151581 0.12833663821220398 -0.13727189600467682
v -0.339728444814682 0.12183982133865356 -0.06474289298057556
v -0.2992303669452667 -0.19453592598438263 -0.17687183618545532
v -0.3020104467868805 -0.19402363896369934 -0.17228037118911743
v -0.3188003599643707 -0.18924231827259064 -0.15600797533988953
v -0.3010731041431427 -0.19720563292503357 -0.06369812041521072
v -0.28688937425613403 -0.10402131825685501 0.0010130847804248333
v -0.2918523848056793 -0.0856543630361557 0.012781159020960331
v -0.29180803894996643 -0.06463883817195892 0.019998274743556976
v -0.2866946756839752 -0.037604328244924545 0.02366001345217228
v -0.3153817057609558 -0.013084777630865574 0.024372713640332222
v -0.28343716263771057 -0.0015640264609828591 0.02226831391453743
v -0.2409449964761734 0.05278468132019043 0.005554000847041607
v -0.27540332078933716 -0.19908156991004944 -0.16707727313041687
v -0.2974773347377777 -0.1929914802312851 -0.12744489312171936
v -0.27570053935050964 -0.19788126647472382 -0.12063278257846832
v -0.2971281111240387 -0.19082456827163696 -0.09808105230331421
v -0.2747627794742584 -0.19992944598197937 -0.05862870812416077
v -0.26734301447868347 -0.1786068081855774 -0.19667887687683105
v -0.2866497039794922 -0.14003507792949677 -0.20743249356746674
v -0.27615776658058167 -0.1326461136341095 -0.024432001635432243
v -0.2819370925426483 -0.1281675547361374 -0.2141115963459015
v -0.25343355536460876 0.08740482479333878 -0.2142452597618103
v -0.32595765590667725 0.10018821060657501 -0.02569154091179371
v -0.29364049434661865 0.12679538130760193 -0.14641430974006653
v -0.26133993268013 0.1258062720298767 -0.07398799806833267
v -0.26388898491859436 -0.2079322785139084 -0.08060504496097565
v -0.27727001905441284 -0.1980966478586197 -0.17660941183567047
v -0.29156357049942017 -0.0985415056347847 -0.24099624156951904
v -0.26802778244018555 -0.20709283649921417 -0.07431919127702713
v -0.27016323804855347 -0.19535739719867706 -0.185697540640831
v -0.2663869857788086 -0.18427081406116486 -0.045019716024398804
v -0.22854922711849213 -0.08858146518468857 0.01589992642402649
v -0.3132624924182892 0.011463947594165802 0.02050827629864216
v -0.2963862419128418 0.11757763475179672 -0.05193762481212616
v -0.24377025663852692 0.12952464818954468 -0.12278301268815994
v -0.25817281007766724 -0.2049134522676468 -0.1647299975156784
v -0.2525903284549713 -0.20555059611797333 -0.11975403130054474
v -0.26475203037261963 -0.20694559812545776 -0.0669485479593277
v -0.2640886604785919 -0.14120455086231232 -0.2066677361726761
v -0.2432618886232376 -0.10377783328294754 0.007568683475255966
v -0.24457994103431702 -0.022674165666103363 -0.26011741161346436
v -0.28067171573638916 0.07112190872430801 -0.003484283108264208
v -0.29523441195487976 0.10785062611103058 -0.03559533879160881
v -0.24213433265686035 -0.19177858531475067 -0.04602332040667534
v -0.30379900336265564 -0.05754587799310684 -0.25953376293182373
v -0.281444787979126 0.01119503565132618 -0.25556597113609314
v -0.24695159494876862 -0.02628341317176819 0.024710724130272865
v -0.2774103283882141 0.046461254358291626 -0.24207909405231476
v -0.24492117762565613 -0.20755058526992798 -0.17727698385715485
v -0.2583431005477905 -0.2050120085477829 -0.10336080938577652
v -0.23720191419124603 -0.20497830212116241 -0.18601778149604797
v -0.2545011341571808 -0.1964631825685501 -0.05028553679585457
v -0.23701418936252594 -0.1892947554588318 -0.1952422559261322
v -0.2530767619609833 0.06315361708402634 -0.23159991204738617
v -0.2920551896095276 0.07864746451377869 -0.22542749345302582
v -0.24696999788284302 0.1231745183467865 -0.15590283274650574
v -0.23408876359462738 -0.21541720628738403 -0.16815093159675598
v -0.2370687574148178 -0.21198849380016327 -0.05860111489892006
v -0.2218114286661148 -0.1696038693189621 -0.03614094853401184
v -0.2447996735572815 -0.15816448628902435 -0.03474539518356323
v -0.25192150473594666 -0.12843374907970428 -0.21588397026062012
v -0.23897096514701843 -0.13995236158370972 -0.02254842408001423
v -0.24981702864170074 -0.09800617396831512 -0.24332194030284882
v -0.23514659702777863 -0.05742388218641281 -0.25826483964920044
v -0.21589983999729156 0.03703591600060463 0.011888064444065094
v -0.21220767498016357 -0.22933867573738098 -0.07531726360321045
v -0.2286422699689865 -0.21596989035606384 -0.12519869208335876
v -0.2339569628238678 -0.08019929379224777 -0.2525254786014557
v -0.24152657389640808 -0.05078713595867157 0.02394982986152172
v -0.22273191809654236 0.03550506755709648 -0.2428627759218216
v -0.20544278621673584 0.07767738401889801 -0.2178124338388443
v -0.252916544675827 0.11843003332614899 -0.1691899448633194
v -0.2001606971025467 0.12653592228889465 -0.1327238231897354
v -0.21806247532367706 0.12608543038368225 -0.07787490636110306
v -0.21859537065029144 -0.2211303412914276 -0.11322900652885437
v -0.21531766653060913 -0.2254417985677719 -0.16131360828876495
v -0.20697207748889923 -0.22216615080833435 -0.05655304715037346
v -0.22147919237613678 -0.20738045871257782 -0.04947788640856743
v -0.19058389961719513 -0.20075851678848267 -0.039655834436416626
v -0.2323140799999237 -0.1486896276473999 -0.2070724070072174
v -0.21670125424861908 -0.1004939153790474 -0.24505911767482758
v -0.2195795178413391 -0.10976599901914597 0.00866608414798975
v -0.21640421450138092 -0.031814198940992355 0.027776261791586876
v -0.22970741987228394 -0.0011614992981776595 -0.255583792924881
v -0.2259586900472641 0.01677197776734829 0.018512405455112457
v -0.21706750988960266 0.12924732267856598 -0.10263841599225998
v -0.191575825214386 -0.23413816094398499 -0.1764221042394638
v -0.21426430344581604 -0.2260410487651825 -0.06680124253034592
v -0.19735881686210632 -0.16167615354061127 -0.20767825841903687
v -0.21157719194889069 -0.15406887233257294 -0.02653123065829277
v -0.21732786297798157 -0.07007184624671936 0.0230906680226326
v -0.2163902074098587 -0.055044468492269516 0.02604227140545845
v -0.19467900693416595 -0.0025016660802066326 -0.2565751075744629
v -0.20496439933776855 0.05604933574795723 -0.2320421040058136
v -0.19820332527160645 0.0987449660897255 -0.027029508724808693
v -0.19180883467197418 -0.23813432455062866 -0.16872364282608032
v -0.2066856473684311 -0.2322576344013214 -0.08662553876638412
v -0.1897372007369995 -0.24057430028915405 -0.07374662160873413
v -0.1944027692079544 -0.2173609435558319 -0.047883063554763794
v -0.19764140248298645 -0.1590198278427124 -0.024842172861099243
v -0.20486696064472198 -0.08244698494672775 -0.2540185749530792
v -0.2007429152727127 -0.048719651997089386 -0.2608485817909241
v -0.19329598546028137 -0.03678794205188751 0.031545255333185196
v -0.22397896647453308 -0.0047699022106826305 0.023629916831851006
v -0.24755488336086273 0.11340571939945221 -0.17905427515506744
v -0.1863909512758255 -0.2470749020576477 -0.08645856380462646
v -0.20085711777210236 -0.2303796261548996 -0.13200294971466064
v -0.18491259217262268 -0.23743049800395966 -0.06249149888753891
v -0.21121430397033691 -0.21341747045516968 -0.18760700523853302
v -0.18853554129600525 -0.19485794007778168 -0.1991729885339737
v -0.19916468858718872 -0.13780459761619568 -0.005400142166763544
v -0.21246568858623505 -0.14191439747810364 -0.21595795452594757
v -0.22526967525482178 -0.1176595538854599 -0.23066173493862152
v -0.1809149533510208 -0.12859228253364563 -0.23700353503227234
v -0.19238339364528656 0.07134904712438583 -0.004280020948499441
v -0.17914147675037384 0.1254768818616867 -0.08181536942720413
v -0.18065445125102997 -0.24474309384822845 -0.13780194520950317
v -0.19728390872478485 0.05830544978380203 0.0031812801025807858
v -0.17423677444458008 0.08840790390968323 -0.017466386780142784
v -0.1934564709663391 0.0911884531378746 -0.20382261276245117
v -0.15140491724014282 0.11156873404979706 -0.16860459744930267
v -0.20935823023319244 0.12070999294519424 -0.061741411685943604
v -0.1794857531785965 -0.2466997504234314 -0.16023090481758118
v -0.1936362236738205 -0.17487184703350067 -0.03205385059118271
v -0.1927977353334427 -0.1275179535150528 0.006228517275303602
v -0.19158171117305756 -0.10918673127889633 0.017098164185881615
v -0.19655126333236694 -0.10368654876947403 -0.24782705307006836
v -0.18344663083553314 -0.009606442414224148 0.02981032058596611
v -0.13989058136940002 0.06848656386137009 -0.0015074401162564754
v -0.1992795467376709 0.10336638987064362 -0.1889607161283493
v -0.22325630486011505 0.11424889415502548 -0.04698820784687996
v -0.1537514626979828 -0.277997761964798 -0.0880485400557518
v -0.16350455582141876 -0.25466495752334595 -0.16923680901527405
v -0.16535381972789764 -0.2422611266374588 -0.17963361740112305
v -0.17147378623485565 -0.08021093159914017 -0.26008179783821106
v -0.17548654973506927 -0.05989833176136017 0.03486301749944687
v -0.2042141854763031 -0.025187211111187935 -0.2600746154785156
v -0.1588076651096344 -0.049338094890117645 0.03930364549160004
v -0.16721254587173462 -0.024245617911219597 0.035016536712646484
v -0.14873157441616058 -0.0031025162898004055 0.033444203436374664
v -0.16638678312301636 -0.2525807321071625 -0.06409388780593872
v -0.1359168440103531 -0.20125509798526764 -0.024975590407848358
v -0.1830901801586151 -0.17266559600830078 -0.027691446244716644
v -0.16680355370044708 -0.17360776662826538 -0.02080642245709896
v -0.1366916298866272 -0.13490717113018036 0.030069593340158463
v -0.1366385817527771 -0.024160169064998627 -0.26857855916023254
v -0.16476699709892273 0.04083286598324776 0.013192929327487946
v -0.16067816317081451 0.050202637910842896 -0.23443841934204102
v -0.1847793459892273 0.06849288940429688 -0.22351698577404022
v -0.13061200082302094 0.07730548083782196 -0.21344955265522003
v -0.19278961420059204 0.1056295782327652 -0.03572443500161171
v -0.16423219442367554 -0.26447927951812744 -0.07477555423974991
v -0.16148017346858978 -0.260284423828125 -0.1427183747291565
v -0.1491454839706421 -0.23732855916023254 -0.04582684114575386
v -0.17868907749652863 -0.2203121930360794 -0.04482004791498184
v -0.13848455250263214 -0.19276073575019836 -0.20820528268814087
v -0.15163816511631012 -0.131036177277565 -0.24579931795597076
v -0.15254998207092285 -0.04908071085810661 -0.2682912051677704
v -0.13238465785980225 0.11594413965940475 -0.1552693247795105
v -0.17158465087413788 0.12700559198856354 -0.09783914685249329
v -0.1413377970457077 -0.2749578654766083 -0.16163961589336395
v -0.1469181925058365 -0.2687426507472992 -0.06661883741617203
v -0.14980947971343994 -0.11518342792987823 -0.2549687325954437
v -0.15334667265415192 -0.09875711053609848 -0.26003512740135193
v -0.1729818731546402 -0.0923493355512619 0.029693463817238808
v -0.15499377250671387 -0.07616972178220749 0.03890920802950859
v -0.17634157836437225 0.017263351008296013 0.0219650249928236
v -0.1253470927476883 0.12256298214197159 -0.08421047776937485
v -0.13516530394554138 -0.2893015444278717 -0.09388570487499237
v -0.1440507471561432 -0.28371065855026245 -0.08291555941104889
v -0.1409989595413208 -0.2809676229953766 -0.07428602129220963
v -0.14505410194396973 -0.2767782509326935 -0.1221843883395195
v -0.13964660465717316 -0.27286937832832336 -0.17012080550193787
v -0.15208999812602997 -0.2510954439640045 -0.17815962433815002
v -0.12734277546405792 -0.24254439771175385 -0.18602566421031952
v -0.13295350968837738 -0.20604877173900604 -0.202994242310524
v -0.1419852077960968 -0.18796607851982117 -0.01944197714328766
v -0.14835922420024872 -0.15266908705234528 0.010856837034225464
v -0.12852707505226135 0.059623219072818756 -0.22796224057674408
v -0.14597655832767487 0.10493426769971848 -0.18028196692466736
v -0.10765767842531204 0.10000838339328766 -0.0345090851187706
v -0.11281841993331909 0.11760900914669037 -0.06795255839824677
v -0.16843003034591675 0.12706352770328522 -0.11090504378080368
v -0.12308532744646072 -0.28996989130973816 -0.07481715083122253
v -0.12846702337265015 -0.28182804584503174 -0.16015055775642395
v -0.13176842033863068 -0.28075695037841797 -0.14195162057876587
v -0.12317003309726715 -0.28588780760765076 -0.126567080616951
v -0.1686677783727646 -0.16507916152477264 -0.21343913674354553
v -0.1770399957895279 0.02174452133476734 -0.24857197701931
v -0.13999612629413605 0.032023124396800995 0.019938435405492783
v -0.12434353679418564 -0.29386675357818604 -0.08745389431715012
v -0.12633927166461945 -0.2711660861968994 -0.17595301568508148
v -0.1149105355143547 -0.19544561207294464 -0.21272006630897522
v -0.10745825618505478 -0.2103232592344284 -0.022273622453212738
v -0.14853422343730927 -0.1740315556526184 -0.010805873200297356
v -0.13689331710338593 -0.04924100264906883 0.04491443932056427
v -0.13719648122787476 -0.02386685274541378 0.04115454852581024
v -0.1183246299624443 0.03230614587664604 -0.24556885659694672
v -0.1477765291929245 0.11362820863723755 -0.05216952785849571
v -0.12086191028356552 0.120970219373703 -0.13362836837768555
v -0.10563353449106216 0.12252182513475418 -0.10299120098352432
v -0.12489978224039078 -0.28023508191108704 -0.1687072068452835
v -0.09440913051366806 -0.2652590274810791 -0.17900024354457855
v -0.1458742916584015 -0.163560688495636 -0.22284099459648132
v -0.14247308671474457 -0.11980627477169037 0.03409956395626068
v -0.1067768856883049 0.0009988815290853381 0.03907046094536781
v -0.10941283404827118 0.002324911765754223 -0.26229098439216614
v -0.10731752216815948 0.08996707946062088 -0.1969652771949768
v -0.13994523882865906 0.09298701584339142 -0.0234509389847517
v -0.10177315026521683 -0.28930041193962097 -0.15166448056697845
v -0.10727905482053757 -0.28477028012275696 -0.06505374610424042
v -0.11585045605897903 -0.2417200356721878 -0.04035297781229019
v -0.1206454187631607 -0.1565430462360382 0.022486895322799683
v -0.09578953683376312 -0.0573699027299881 -0.28005093336105347
v -0.08508429676294327 -0.280960351228714 -0.16921058297157288
v -0.09019447863101959 -0.2868986427783966 -0.16176043450832367
v -0.09159833192825317 -0.20424920320510864 -0.011022696271538734
v -0.07837484031915665 -0.18793390691280365 -0.2298828661441803
v -0.08991289883852005 -0.12574589252471924 0.052777089178562164
v -0.10953909903764725 -0.1058049276471138 0.05092570558190346
v -0.08298280835151672 -0.29905688762664795 -0.0856727734208107
v -0.08098068833351135 -0.08518070727586746 -0.2825203239917755
v -0.1280444711446762 -0.07365010678768158 -0.271700918674469
v -0.13148732483386993 -0.07097228616476059 0.047181736677885056
v -0.08120030909776688 -0.016886530444025993 -0.27345186471939087
v -0.10000529885292053 0.05796961486339569 0.007193888071924448
v -0.06440632790327072 0.09465163201093674 -0.1822437345981598
v -0.0684681385755539 0.1168866753578186 -0.12603317201137543
v -0.11354735493659973 0.12270012497901917 -0.11810173839330673
v -0.07927572727203369 -0.28660842776298523 -0.05934112146496773
v -0.06782440096139908 -0.1865711808204651 0.022045647725462914
v -0.06542246043682098 -0.0556633397936821 0.06445755064487457
v -0.08955058455467224 0.029623370617628098 0.02664216049015522
v -0.07573366165161133 0.07834477722644806 -0.010594640858471394
v -0.08635203540325165 -0.2938574552536011 -0.11972549557685852
v -0.07688973844051361 -0.25259023904800415 -0.1858803778886795
v -0.09262562543153763 -0.2185787856578827 -0.2033531665802002
v -0.056359026581048965 -0.22508826851844788 -0.20632758736610413
v -0.0838305726647377 -0.15045425295829773 -0.2590525150299072
v -0.03258565813302994 -0.04789278283715248 0.06928541511297226
v -0.070294089615345 0.10467112064361572 -0.1652214080095291
v -0.062341999262571335 -0.29914095997810364 -0.15319816768169403
v -0.08420046418905258 -0.2971150875091553 -0.07359758764505386
v -0.05693494528532028 -0.2920074462890625 -0.05612722411751747
v -0.06578009575605392 -0.10063225030899048 0.06613501161336899
v -0.0877223089337349 -0.10805989801883698 -0.27708062529563904
v -0.07885389029979706 -0.036903172731399536 -0.2797435224056244
v -0.04049356281757355 -0.049804311245679855 -0.28708094358444214
v -0.07105489820241928 0.03290160372853279 -0.24599607288837433
v -0.08442214131355286 -0.29447516798973083 -0.14419099688529968
v -0.04331729933619499 -0.3089037537574768 -0.12345745414495468
v -0.044656530022621155 -0.3104151487350464 -0.0795297920703888
v -0.033945150673389435 -0.3103783428668976 -0.06586728990077972
v -0.05540573596954346 -0.2932692766189575 -0.16275261342525482
v -0.06790896505117416 -0.22188164293766022 -0.017072688788175583
v -0.05724222958087921 -0.170193612575531 0.042411819100379944
v -0.0687934160232544 -0.14057902991771698 -0.27053752541542053
v -0.07044954597949982 -0.14548973739147186 0.05206921324133873
v -0.04925790801644325 -0.14091914892196655 0.06138204038143158
v -0.07789094746112823 -0.12443383038043976 -0.2751027047634125
v -0.04427669197320938 -0.10463573783636093 -0.2884232699871063
v -0.07611215859651566 -0.022589847445487976 0.05337672680616379
v -0.038092344999313354 0.057464007288217545 0.010736718773841858
v -0.05437280982732773 -0.30395588278770447 -0.14348359405994415
v -0.040872734040021896 -0.2968866229057312 -0.16167345643043518
v -0.03061552159488201 -0.29087284207344055 -0.16698507964611053
v -0.0594930425286293 -0.2443200945854187 -0.031168237328529358
v -0.0238414965569973 -0.1859821081161499 -0.25084593892097473
v -0.02900160476565361 -0.17231054604053497 -0.26181355118751526
v -0.07360595464706421 -0.07276156544685364 0.064369797706604
v -0.028366001322865486 -0.07661929726600647 -0.2924337089061737
v -0.022317038848996162 -0.026366209611296654 -0.28035038709640503
v -0.06788969784975052 0.08871293067932129 -0.022818779572844505
v -0.033966176211833954 0.07954327762126923 -0.1984807699918747
v -0.00294166780076921 0.10750473290681839 -0.07203951478004456
v -0.030235959216952324 -0.30610159039497375 -0.15363581478595734
v -0.031668923795223236 -0.3064553737640381 -0.05849467217922211
v -0.03974086046218872 -0.2399219572544098 -0.021668145433068275
v -0.062278684228658676 -0.0023429386783391237 0.046867288649082184
v -0.024369029328227043 0.03762061148881912 0.02751048281788826
v -0.0426606610417366 0.11511901766061783 -0.11320862919092178
v -0.022297527641057968 -0.25601866841316223 -0.0272276159375906
v -0.024277424439787865 -0.26116618514060974 -0.18402135372161865
v -0.028422601521015167 -0.19615250825881958 0.031822096556425095
v -0.017695467919111252 -0.17712871730327606 0.051550496369600296
v -0.06293706595897675 0.00818675197660923 -0.26196548342704773
v -0.026558054611086845 0.10173418372869492 -0.047909658402204514
v -0.06616019457578659 0.11773309111595154 -0.09049413353204727
v -0.030496781691908836 -0.3168236315250397 -0.07832588255405426
v -0.026540223509073257 -0.31283876299858093 -0.1420886367559433
v -0.01855270192027092 -0.3076353967189789 -0.15805162489414215
v -0.006436550989747047 -0.24142663180828094 -0.20174415409564972
v -0.01731622777879238 -0.14853830635547638 0.06735497713088989
v -0.006039927713572979 -0.10485056042671204 -0.29528260231018066
v -0.022425800561904907 -0.09873433411121368 0.07629276812076569
v -0.0026277820579707623 0.018974341452121735 0.04237059876322746
v -0.02591436542570591 0.08532600849866867 -0.01991887018084526
v -0.023388506844639778 0.09582332521677017 -0.036983732134103775
v -0.009516747668385506 0.1106707900762558 -0.08945050090551376
v -0.028286071494221687 -0.3172769546508789 -0.12060242146253586
v 0.004423081409186125 -0.3179924190044403 -0.04531211778521538
v -0.02897006645798683 -0.29425153136253357 -0.04809204488992691
v -0.03778621926903725 -0.20602333545684814 -0.2265160083770752
v -0.018960237503051758 -0.08137031644582748 0.07691167294979095
v 0.0028732535429298878 -0.017245342954993248 -0.2770659029483795
v 0.0030630952678620815 0.07049369812011719 -0.20638126134872437
v -0.06174727901816368 0.11129272729158401 -0.14592719078063965
v -0.0016133207827806473 -0.3347429931163788 -0.12691254913806915
v -0.004895179998129606 -0.3368237316608429 -0.09207240492105484
v -0.013274526223540306 -0.16264724731445312 -0.2737782597541809
v -0.019705859944224358 -0.12886640429496765 -0.28812921047210693
v 0.005803966429084539 -0.059961482882499695 -0.29339584708213806
v 0.029050420969724655 -0.010567295365035534 0.06373754143714905
v -0.032581984996795654 0.06356225907802582 -0.21723732352256775
v 0.00566326268017292 0.09201472997665405 -0.03104872815310955
v 0.019446926191449165 0.10445141047239304 -0.06220411881804466
v -0.0002813154715113342 -0.33543694019317627 -0.0686224177479744
v 0.00370072852820158 -0.3303065299987793 -0.05630398169159889
v 0.013183163478970528 -0.32119157910346985 -0.16290977597236633
v 0.004215314518660307 -0.2960778474807739 -0.034952010959386826
v -0.01666695438325405 -0.2785034775733948 -0.17602452635765076
v -0.015011370182037354 -0.2378397285938263 -0.009531641378998756
v -0.0268025491386652 0.04275887832045555 -0.23614151775836945
v -0.002894109580665827 0.10957261919975281 -0.11906145513057709
v 0.011684105731546879 -0.3463278114795685 -0.1050252914428711
v 0.006592010613530874 -0.3428901433944702 -0.08036104589700699
v 0.0194933470338583 -0.3469521701335907 -0.07085694372653961
v 0.007061856333166361 -0.3293648958206177 -0.1495586335659027
v 0.04585406556725502 -0.24889418482780457 0.0026538847014307976
v 0.05451801419258118 -0.22237396240234375 0.03533654287457466
v -0.028051823377609253 -0.16446331143379211 0.05692439526319504
v -0.006968486122786999 -0.1477569192647934 -0.28353843092918396
v 0.04004136100411415 -0.14195352792739868 0.08077476173639297
v 0.022258399054408073 0.01889515109360218 -0.2544776499271393
v 0.02555064670741558 0.10849584639072418 -0.09158551692962646
v 0.012020220048725605 -0.26652833819389343 -0.020989852026104927
v 0.013027326203882694 0.002875962294638157 -0.26574814319610596
v 0.046036411076784134 0.024328522384166718 -0.2506279945373535
v 0.03777412697672844 0.0553019754588604 -0.22272400557994843
v 0.025831231847405434 0.03679530695080757 0.034128379076719284
v 0.007219511549919844 0.05982168763875961 0.012196105904877186
v 0.04370526224374771 -0.3599204421043396 -0.1056734025478363
v 0.023258188739418983 -0.34629422426223755 -0.13009533286094666
v 0.0348256379365921 -0.32616519927978516 -0.03860786557197571
v 0.035224493592977524 -0.305752694606781 -0.027580875903367996
v 0.026451561599969864 -0.2542097270488739 -0.008562051691114902
v 0.03646017983555794 -0.1873331218957901 -0.2675994634628296
v -0.022045595571398735 -0.12554028630256653 0.0731758400797844
v 0.07534294575452805 -0.06546284258365631 -0.29869306087493896
v 0.016586454585194588 -0.036507003009319305 0.07322965562343597
v 0.01726732961833477 0.07351712882518768 -0.002000256907194853
v 0.012346161529421806 0.08752936124801636 -0.17990107834339142
v 0.015578423626720905 0.09831540286540985 -0.15714746713638306
v 0.03297833725810051 -0.3558143675327301 -0.08574029803276062
v 0.038363050669431686 -0.34473103284835815 -0.05478903651237488
v 0.022292649373412132 -0.30675750970840454 -0.17654256522655487
v 0.023029213771224022 -0.26052623987197876 -0.19662748277187347
v 0.056246187537908554 -0.21085236966609955 -0.250806599855423
v 0.03907429426908493 -0.16920705139636993 -0.28097936511039734
v 0.02851690910756588 -0.16850437223911285 0.06877311319112778
v 0.010645231232047081 -0.12126242369413376 -0.2950602173805237
v 0.028391586616635323 -0.08802496641874313 -0.29910677671432495
v 0.0765739157795906 -0.04794394597411156 -0.29410579800605774
v 0.031512267887592316 0.08560999482870102 -0.016990307718515396
v 0.03396349400281906 0.09960854053497314 -0.045862097293138504
v 0.055930547416210175 0.09508556872606277 -0.16418853402137756
v 0.040812063962221146 0.1074952483177185 -0.11275918781757355
v 0.074378103017807 -0.273716002702713 -0.20106293261051178
v 0.043257229030132294 -0.2360071986913681 -0.22033017873764038
v 0.04413744434714317 -0.19459818303585052 0.05620064213871956
v 0.0663299560546875 -0.14831523597240448 -0.2945604920387268
v 0.038594119250774384 0.07247725129127502 -0.20280680060386658
v 0.041156355291604996 0.06156332790851593 0.01727830432355404
v 0.04716964811086655 0.10686548799276352 -0.0694919005036354
v 0.0661647766828537 -0.3677820861339569 -0.09312723577022552
v 0.06175026670098305 -0.3610590398311615 -0.06953813135623932
v 0.029021376743912697 -0.33782777190208435 -0.1508205384016037
v 0.06365107744932175 -0.30833691358566284 -0.021240510046482086
v 0.05169319733977318 -0.2720175087451935 -0.011463881470263004
v 0.03498617187142372 -0.09178896248340607 0.08587122708559036
v 0.052097611129283905 0.04364773631095886 -0.23439723253250122
v 0.04409263655543327 0.07452969998121262 0.004721581935882568
v 0.051948416978120804 0.09802353382110596 -0.031954552978277206
v 0.040966179221868515 0.10439623147249222 -0.13163022696971893
v 0.06208369508385658 -0.36141514778137207 -0.13004165887832642
v 0.051810238510370255 -0.33647626638412476 -0.041342154145240784
v 0.06068773940205574 -0.33369529247283936 -0.16756567358970642
v 0.06541493535041809 -0.33108335733413696 -0.034332018345594406
v 0.07336554676294327 -0.3136559724807739 -0.1837126612663269
v 0.07950671017169952 -0.24872644245624542 -0.21731384098529816
v 0.057337384670972824 -0.2368384152650833 0.02021465077996254
v 0.09440863132476807 -0.16324886679649353 0.08272901177406311
v 0.05821240693330765 0.04188584163784981 0.038309987634420395
v 0.06376180052757263 0.08522572368383408 0.0012166002998128533
v 0.05865921452641487 0.10981732606887817 -0.09321101754903793
v 0.059190262109041214 -0.256005197763443 -0.20782779157161713
v 0.07519461214542389 -0.11434836685657501 -0.3017085790634155
v 0.07172780483961105 -0.028402099385857582 -0.28616783022880554
v 0.046390045434236526 -0.0001085926269297488 0.061318304389715195
v 0.0593143031001091 0.08359729498624802 -0.18803872168064117
v 0.08020887523889542 -0.3694295287132263 -0.11911842226982117
v 0.07424689084291458 -0.3553054630756378 -0.14830005168914795
v 0.06882286816835403 -0.35476353764533997 -0.055655986070632935
v 0.05144433677196503 -0.2616363763809204 -0.006270974408835173
v 0.0805889293551445 -0.20314526557922363 -0.26415908336639404
v 0.07669838517904282 -0.18152183294296265 -0.2800452709197998
v 0.07861931622028351 -0.1907189041376114 0.06726114451885223
v 0.04084121063351631 -0.11288625001907349 0.08594486117362976
v 0.025797130540013313 -0.07055496424436569 0.08298677951097488
v 0.05604724958539009 0.0008710432448424399 -0.2684774696826935
v 0.07479462027549744 0.0632413923740387 -0.21810108423233032
v 0.07638885080814362 0.10424171388149261 -0.1505589336156845
v 0.08815089613199234 0.10730025917291641 -0.008304704912006855
v 0.07539429515600204 0.10882239043712616 -0.03768768161535263
v 0.08534116297960281 -0.3480001986026764 -0.16009950637817383
v 0.11392334848642349 -0.22912238538265228 -0.24604018032550812
v 0.08978088945150375 -0.19502630829811096 -0.272458016872406
v 0.09551950544118881 -0.13717584311962128 0.08950816839933395
v 0.07654833793640137 0.05953601002693176 0.032147109508514404
v 0.0862366184592247 -0.3642396032810211 -0.1376025378704071
v 0.08424803614616394 -0.3493792414665222 -0.046424612402915955
v 0.11277347058057785 -0.2819848358631134 -0.005728751886636019
v 0.08413052558898926 -0.27309679985046387 -0.005789071787148714
v 0.09456611424684525 -0.22379808127880096 0.047505009919404984
v 0.07897505909204483 -0.16446654498577118 -0.2897505462169647
v 0.07334187626838684 -0.05619044974446297 0.08687708526849747
v 0.10273133963346481 -0.03777967020869255 -0.29044628143310547
v 0.0707077831029892 0.07620742917060852 0.015621590428054333
v 0.07752381265163422 0.09328357130289078 -0.17707623541355133
v 0.0778881087899208 0.10900027304887772 -0.12746508419513702
v 0.0861230343580246 0.11677338927984238 -0.06971767544746399
v 0.11184383928775787 -0.36949098110198975 -0.1279628425836563
v 0.1126910150051117 -0.35867518186569214 -0.05490120127797127
v 0.11700078099966049 -0.3395916819572449 -0.0352509468793869
v 0.11931779980659485 -0.2651659846305847 -0.20938263833522797
v 0.1287783831357956 -0.25229358673095703 0.03189622238278389
v 0.12369225919246674 -0.17997293174266815 -0.2847958505153656
v 0.08311162889003754 -0.09013139456510544 -0.30249738693237305
v 0.09192323684692383 -0.08194880187511444 0.09229286015033722
v 0.08580775558948517 0.041859693825244904 -0.23968742787837982
v 0.10639908164739609 0.06397058814764023 -0.22658640146255493
v 0.08864619582891464 0.07844044268131256 -0.2063896656036377
v 0.08417371660470963 0.03839367255568504 0.047739241272211075
v 0.11228220164775848 0.09677431732416153 -0.20027612149715424
v 0.09027135372161865 0.11631782352924347 -0.0897359848022461
v 0.10032842308282852 0.12258793413639069 -0.02763259783387184
v 0.10581958293914795 0.12777891755104065 -0.05528707429766655
v 0.09193066507577896 -0.37221160531044006 -0.10101082921028137
v 0.10290860384702682 -0.35236796736717224 -0.15714578330516815
v 0.11947886645793915 -0.35915112495422363 -0.14848588407039642
v 0.09264218062162399 -0.36785563826560974 -0.07530749589204788
v 0.09409694373607635 -0.3213362395763397 -0.024128615856170654
v 0.09793758392333984 -0.019949475303292274 0.07974331080913544
v 0.11019344627857208 0.08159535378217697 0.03182367607951164
v 0.11298862844705582 0.12980227172374725 -0.03998755291104317
v 0.11946143954992294 -0.3668888509273529 -0.07182294130325317
v 0.09505436569452286 -0.33611953258514404 -0.1725296825170517
v 0.10041987895965576 -0.15318609774112701 -0.29516997933387756
v 0.1050446480512619 -0.10599073022603989 0.09361223131418228
v 0.11748220771551132 -0.0506058968603611 0.09040063619613647
v 0.12364421784877777 0.07137206941843033 0.04136141389608383
v 0.11118198931217194 0.09540636837482452 0.022135881707072258
v 0.12017025798559189 0.10885109007358551 -0.1898597627878189
v 0.10834216326475143 0.11550828814506531 -0.1669517457485199
v 0.10498860478401184 0.1090957373380661 0.005252295173704624
v 0.11459466069936752 0.12549622356891632 -0.13612329959869385
v 0.12115535885095596 -0.37284404039382935 -0.1020459234714508
v 0.12284592539072037 -0.37171098589897156 -0.09088707715272903
v 0.1249045580625534 -0.3386218845844269 -0.17091681063175201
v 0.11947865039110184 -0.27640384435653687 -0.20269232988357544
v 0.1290600299835205 -0.19886039197444916 0.07133226841688156
v 0.13508348166942596 -0.1651604026556015 0.08492361009120941
v 0.122784323990345 -0.12922334671020508 0.0925045758485794
v 0.10895651578903198 -0.0661378726363182 -0.2986603379249573
v 0.10509858280420303 -0.009303467348217964 -0.27671462297439575
v 0.13086901605129242 0.08832889050245285 -0.2154313325881958
v 0.11189991980791092 0.12184619903564453 -0.012819685973227024
v 0.12115684896707535 0.12740327417850494 -0.022488070651888847
v 0.1343584954738617 -0.34822118282318115 -0.1611478179693222
v 0.12254191190004349 -0.13643071055412292 -0.2988497018814087
v 0.14101064205169678 -0.10646788775920868 0.09428277611732483
v 0.14051972329616547 -0.06877728551626205 0.09361764043569565
v 0.12611642479896545 -0.01263158768415451 -0.2781470715999603
v 0.1030571386218071 0.019037431105971336 0.06272850930690765
v 0.11956209689378738 0.03770189359784126 -0.2471626251935959
v 0.1311980038881302 0.11585099995136261 0.0025366363115608692
v 0.12320365756750107 0.12251310050487518 -0.16480691730976105
v 0.1275574117898941 0.12999308109283447 -0.13410726189613342
v 0.12071416527032852 0.12938223779201508 -0.08788618445396423
v 0.16511677205562592 -0.36987289786338806 -0.09786362200975418
v 0.11620111763477325 -0.3188008964061737 -0.1837383359670639
v 0.11916819214820862 -0.2558111548423767 -0.21738509833812714
v 0.12006579339504242 -0.1920231431722641 -0.2774599492549896
v 0.11792071163654327 -0.10653381794691086 -0.3026788532733917
v 0.1330774873495102 -0.05184926465153694 -0.29324713349342346
v 0.12645980715751648 0.018358513712882996 -0.26095128059387207
v 0.14683493971824646 0.12227647006511688 -0.17233061790466309
v 0.14226779341697693 0.12950415909290314 -0.15133874118328094
v 0.13467726111412048 0.12189268320798874 -0.009666583500802517
v 0.14423644542694092 0.13271814584732056 -0.12140622735023499
v 0.1341782957315445 0.13156355917453766 -0.07837531715631485
v 0.1278887838125229 0.1325220763683319 -0.05749548226594925
v 0.13566435873508453 0.12941156327724457 -0.03215276077389717
v 0.16247855126857758 -0.36497050523757935 -0.1293414831161499
v 0.14507201313972473 -0.28923752903938293 -0.007379883900284767
v 0.13989490270614624 -0.2758833169937134 0.002989806467667222
v 0.12003037333488464 -0.26987096667289734 0.004596849903464317
v 0.13727036118507385 -0.2189779430627823 -0.2587224841117859
v 0.1332605481147766 -0.03525884449481964 0.08780810236930847
v 0.1368734985589981 0.060137730091810226 -0.2345707267522812
v 0.16663068532943726 0.12922929227352142 -0.06960193812847137
v 0.1587243229150772 0.12776130437850952 -0.0571373775601387
v 0.13410675525665283 -0.3201006054878235 -0.02280520461499691
v 0.1514357626438141 -0.28181520104408264 -0.19870387017726898
v 0.13601431250572205 -0.23306411504745483 0.05081147328019142
v 0.17783881723880768 -0.2177908718585968 0.06388464570045471
v 0.15190443396568298 -0.21305730938911438 -0.2639518678188324
v 0.13452360033988953 -0.16806931793689728 -0.2896408438682556
v 0.1563182920217514 -0.021605519577860832 -0.2784431576728821
v 0.14424090087413788 0.004969930276274681 0.07478213310241699
v 0.14426854252815247 0.037540990859270096 0.06067110598087311
v 0.14736542105674744 0.05129210650920868 -0.23903924226760864
v 0.13380616903305054 0.09302902966737747 0.027180561795830727
v 0.14561118185520172 0.11066658794879913 -0.19227978587150574
v 0.1603623479604721 0.12123441696166992 -0.02838963456451893
v 0.15844468772411346 0.1275300830602646 -0.15381769835948944
v 0.18242233991622925 -0.3661656379699707 -0.07911846786737442
v 0.17584064602851868 -0.2954925298690796 -0.011088083498179913
v 0.18027713894844055 -0.28661632537841797 -0.0029554690700024366
v 0.16846667230129242 -0.26176998019218445 -0.21584545075893402
v 0.192193403840065 -0.24766148626804352 -0.23520518839359283
v 0.1801729053258896 -0.19826853275299072 0.07280483096837997
v 0.16100341081619263 -0.15972131490707397 -0.289135605096817
v 0.16235540807247162 -0.05423697456717491 -0.28852832317352295
v 0.17938436567783356 -0.001912232837639749 0.07813587039709091
v 0.17637473344802856 0.02390087954699993 0.06831011921167374
v 0.15070423483848572 0.08715181052684784 -0.21679091453552246
v 0.16198378801345825 0.0959906205534935 -0.20419558882713318
v 0.16605331003665924 0.11337270587682724 -0.010921008884906769
v 0.17375919222831726 0.1292111873626709 -0.11171029508113861
v 0.15750956535339355 -0.36984801292419434 -0.11002026498317719
v 0.16532571613788605 -0.274091899394989 -0.20347295701503754
v 0.14257296919822693 -0.25506898760795593 0.033347345888614655
v 0.17691262066364288 -0.24022851884365082 0.049226369708776474
v 0.1894056349992752 -0.23347324132919312 -0.24914103746414185
v 0.15930993854999542 -0.11407467722892761 -0.2974002957344055
v 0.15002702176570892 -0.08778336644172668 -0.2985278367996216
v 0.15201380848884583 0.016704214736819267 -0.26025503873825073
v 0.18735934793949127 0.049418993294239044 0.0567951574921608
v 0.17320561408996582 0.06054402515292168 -0.22780686616897583
v 0.18158049881458282 0.08125685900449753 -0.20833200216293335
v 0.16258598864078522 0.07527428865432739 0.03711985796689987
v 0.16562677919864655 0.09818074107170105 0.01336207240819931
v 0.161546528339386 0.11772196739912033 -0.17620278894901276
v 0.1770334392786026 0.12428782135248184 -0.136835977435112
v 0.17227232456207275 0.13051289319992065 -0.08619025349617004
v 0.21571433544158936 -0.3680729269981384 -0.10266914963722229
v 0.17190517485141754 -0.3579982817173004 -0.14146576821804047
v 0.15335872769355774 -0.3175245523452759 -0.18130311369895935
v 0.18229226768016815 -0.19670844078063965 -0.27166280150413513
v 0.15532997250556946 -0.14912742376327515 0.0883672833442688
v 0.17212197184562683 -0.14288517832756042 -0.29116207361221313
v 0.18518446385860443 -0.11159709095954895 -0.289919376373291
v 0.1892561912536621 -0.09651174396276474 0.09112086147069931
v 0.19167114794254303 -0.059581149369478226 0.09097061306238174
v 0.1758718639612198 -0.0345650315284729 0.08724033832550049
v 0.18047839403152466 0.0392502099275589 -0.2405814379453659
v 0.1778869777917862 0.08199682831764221 0.032990194857120514
v 0.18225502967834473 0.09479530900716782 -0.19210876524448395
v 0.1813673973083496 0.11773163825273514 -0.008310683071613312
v 0.17699387669563293 0.11637377738952637 -0.16104425489902496
v 0.17104916274547577 0.12548024952411652 -0.04394909366965294
v 0.1943487673997879 -0.15481677651405334 0.08472007513046265
v 0.19247505068778992 -0.14200714230537415 0.08664915710687637
v 0.18057633936405182 -0.0809074118733406 -0.289091557264328
v 0.1848055124282837 0.06952224671840668 -0.22058863937854767
v 0.1870725154876709 0.11391690373420715 -0.15907874703407288
v 0.23126213252544403 -0.3660866320133209 -0.11253681778907776
v 0.22149018943309784 -0.3591219186782837 -0.13255208730697632
v 0.19282180070877075 -0.34803494811058044 -0.15024647116661072
v 0.19306015968322754 -0.3581693768501282 -0.062479179352521896
v 0.12643034756183624 -0.35262733697891235 -0.047665346413850784
v 0.18539151549339294 -0.2882290482521057 -0.1917664259672165
v 0.1796409785747528 -0.2659972608089447 0.02589813992381096
v 0.1927551031112671 -0.22692561149597168 0.06145846098661423
v 0.1930241733789444 -0.20158258080482483 0.07249268889427185
v 0.20625488460063934 -0.1830514520406723 -0.27184242010116577
v 0.18564718961715698 0.003142020432278514 -0.2592662274837494
v 0.2098970264196396 0.015936419367790222 0.07636956125497818
v 0.2063472867012024 0.04170093685388565 0.06498194485902786
v 0.1836695671081543 0.10168692469596863 0.016097038984298706
v 0.1897907257080078 0.12540628015995026 -0.13149206340312958
v 0.1889667958021164 0.13426066935062408 -0.08641857653856277
v 0.1903093308210373 0.13470646739006042 -0.05973047390580177
v 0.20076242089271545 -0.3230113685131073 -0.17027932405471802
v 0.2003214955329895 -0.3416785001754761 -0.04328327998518944
v 0.21599599719047546 -0.32804644107818604 -0.03422470763325691
v 0.20866192877292633 -0.29508039355278015 -0.010088032111525536
v 0.20880429446697235 -0.26145026087760925 0.035255737602710724
v 0.19886644184589386 -0.24890150129795074 0.045439667999744415
v 0.2009459286928177 -0.2171337902545929 -0.2609788179397583
v 0.1997716724872589 -0.20858576893806458 0.0729096531867981
v 0.19999855756759644 -0.2045876383781433 -0.2671571373939514
v 0.19950002431869507 -0.18283286690711975 0.07850223034620285
v 0.200951486825943 -0.06492943316698074 -0.2783277928829193
v 0.2132713794708252 -0.0541582852602005 0.09257102757692337
v 0.19523166120052338 -0.023713305592536926 -0.26783013343811035
v 0.20436438918113708 -0.03278122842311859 0.08901946246623993
v 0.19998562335968018 0.09899231046438217 -0.1866544634103775
v 0.19876836240291595 0.09479162096977234 0.031890299171209335
v 0.19865384697914124 0.12034430354833603 -0.1478228121995926
v 0.18865108489990234 0.1305134892463684 -0.11308746039867401
v 0.2066173553466797 -0.4373783469200134 -0.22522473335266113
v 0.20387345552444458 -0.4302206337451935 -0.2162112593650818
v 0.2075919657945633 -0.43836280703544617 -0.20982211828231812
v 0.20745375752449036 -0.42831137776374817 -0.22494164109230042
v 0.20561066269874573 -0.4270634353160858 -0.2072424590587616
v 0.20463986694812775 -0.4274202287197113 -0.017674729228019714
v 0.21463780105113983 -0.4191792905330658 -0.22674249112606049
v 0.21270497143268585 -0.4063982367515564 -0.02003047615289688
v 0.22342491149902344 -0.3401336669921875 -0.04278859496116638
v 0.2240424007177353 -0.31854891777038574 -0.028658734634518623
v 0.20817527174949646 -0.280537873506546 -0.19575536251068115
v 0.20910470187664032 -0.2718677222728729 -0.2045162320137024
v 0.20776468515396118 -0.25285273790359497 -0.2299232929944992
v 0.20671306550502777 -0.25143444538116455 0.05273285135626793
v 0.2078334540128708 -0.24910998344421387 0.07571735978126526
v 0.20762765407562256 -0.23784767091274261 -0.25703102350234985
v 0.20206905901432037 -0.23834846913814545 0.05775557830929756
v 0.20191824436187744 -0.2370147407054901 -0.24842336773872375
v 0.20136702060699463 -0.22858726978302002 0.06569898873567581
v 0.2036260962486267 -0.21361297369003296 0.07869043201208115
v 0.21016348898410797 -0.18717646598815918 0.08301562070846558
v 0.2088952660560608 -0.17321112751960754 0.08320911228656769
v 0.2071869969367981 -0.1350957304239273 -0.27866116166114807
v 0.20457160472869873 -0.16310860216617584 -0.27602148056030273
v 0.20851196348667145 -0.10001708567142487 0.0909838080406189
v 0.20646367967128754 -0.09569293260574341 -0.2808017134666443
v 0.21575050055980682 -0.06940821558237076 -0.2759423851966858
v 0.21538126468658447 -0.0508124902844429 -0.2727668881416321
v 0.18900154531002045 0.021973866969347 -0.24933761358261108
v 0.21220605075359344 0.07006429880857468 -0.2266441136598587
v 0.21004131436347961 0.07960736006498337 -0.21871764957904816
v 0.22718434035778046 0.09784990549087524 -0.19945532083511353
v 0.2246617078781128 0.11717475950717926 -0.17118611931800842
v 0.21303190290927887 0.12209346890449524 0.016298184171319008
v 0.21654801070690155 -0.43622568249702454 -0.23163911700248718
v 0.21077583730220795 -0.43683281540870667 -0.028880177065730095
v 0.20947487652301788 -0.43604394793510437 -0.01579938270151615
v 0.22178006172180176 -0.42760130763053894 -0.23995621502399445
v 0.2247905731201172 -0.4294237494468689 -0.03950224071741104
v 0.2092125117778778 -0.42607274651527405 -0.033698055893182755
v 0.2147688865661621 -0.4032752811908722 -0.21378643810749054
v 0.2036508023738861 -0.42491665482521057 -0.028267143294215202
v 0.22086304426193237 -0.4150100648403168 -0.23597534000873566
v 0.21344725787639618 -0.4053339660167694 -0.0281723253428936
v 0.21557354927062988 -0.3879399001598358 -0.02607024647295475
v 0.22812716662883759 -0.35740697383880615 -0.06325311958789825
v 0.2308647632598877 -0.3487628102302551 -0.05127672106027603
v 0.21984440088272095 -0.30045896768569946 -0.011438636109232903
v 0.2101825475692749 -0.2796793282032013 0.01610991358757019
v 0.2151159942150116 -0.26283034682273865 -0.2267533391714096
v 0.21429523825645447 -0.26714518666267395 0.0400310643017292
v 0.21504464745521545 -0.2409665584564209 -0.2750123143196106
v 0.20682267844676971 -0.22548048198223114 0.09369204193353653
v 0.2074236422777176 -0.20876257121562958 -0.27002352476119995
v 0.21597373485565186 -0.20751214027404785 0.1063435897231102
v 0.20730239152908325 -0.19933214783668518 0.08332047611474991
v 0.21437232196331024 -0.1861129254102707 -0.27588704228401184
v 0.21117301285266876 -0.17372074723243713 -0.27356696128845215
v 0.21627601981163025 -0.1529272347688675 -0.2753620743751526
v 0.21210342645645142 -0.008659499697387218 -0.26173800230026245
v 0.20888681709766388 0.07072942703962326 0.0516342855989933
v 0.21760687232017517 0.13840696215629578 -0.12643858790397644
v 0.1970827728509903 0.13101330399513245 -0.019478579983115196
v 0.2206874042749405 0.1505192071199417 -0.0417119525372982
v 0.22417260706424713 -0.44356411695480347 -0.20922860503196716
v 0.22438611090183258 -0.43622568249702454 -0.23895256221294403
v 0.2228110283613205 -0.44303905963897705 -0.22593022882938385
v 0.21422110497951508 -0.42678573727607727 -0.20108085870742798
v 0.2223668098449707 -0.4444635510444641 -0.025539206340909004
v 0.22081327438354492 -0.437624454498291 -0.0008049686439335346
v 0.21797378361225128 -0.415181964635849 -0.005398659035563469
v 0.22342470288276672 -0.4237917959690094 0.00443105585873127
v 0.21352030336856842 -0.40804600715637207 -0.20522895455360413
v 0.22563810646533966 -0.41627177596092224 -0.03984096273779869
v 0.22468073666095734 -0.40489161014556885 -0.24614928662776947
v 0.23476149141788483 -0.39833900332450867 -0.043751973658800125
v 0.2209007292985916 -0.40601518750190735 0.000607148336712271
v 0.22521211206912994 -0.381228506565094 -0.037254951894283295
v 0.22290123999118805 -0.3886186480522156 0.02056899666786194
v 0.22474586963653564 -0.3839298486709595 -0.24960389733314514
v 0.21578910946846008 -0.3869026303291321 -0.016533244401216507
v 0.21674199402332306 -0.38207048177719116 -0.19694769382476807
v 0.21840199828147888 -0.34338170289993286 -0.19765599071979523
v 0.2314811795949936 -0.34860560297966003 -0.17916402220726013
v 0.210324227809906 -0.3672834634780884 -0.08848854154348373
v 0.22011812031269073 -0.36777615547180176 -0.0287932101637125
v 0.2170144021511078 -0.3374021351337433 -0.21170242130756378
v 0.21779537200927734 -0.35629159212112427 -0.017192009836435318
v 0.22456298768520355 -0.3593895435333252 -0.2449081540107727
v 0.2141132801771164 -0.37589967250823975 -0.21177799999713898
v 0.220841646194458 -0.3458864390850067 0.02029493823647499
v 0.22496972978115082 -0.3421664535999298 -0.024242723360657692
v 0.21881146728992462 -0.3445102572441101 0.0012883982853963971
v 0.2237776219844818 -0.32922443747520447 0.0458042286336422
v 0.22395247220993042 -0.32899901270866394 -0.16527077555656433
v 0.21761588752269745 -0.31810399889945984 0.012141523882746696
v 0.21745353937149048 -0.31303220987319946 0.0334596112370491
v 0.22295551002025604 -0.3213862180709839 -0.240386500954628
v 0.22438377141952515 -0.3093952238559723 -0.17651018500328064
v 0.2201666235923767 -0.31364166736602783 -0.0009096752037294209
v 0.22085294127464294 -0.2841811180114746 -0.23620659112930298
v 0.22115115821361542 -0.29865822196006775 -0.21689660847187042
v 0.22551597654819489 -0.3010108470916748 -0.1838603913784027
v 0.21552646160125732 -0.3053964376449585 -0.01953272894024849
v 0.2234855592250824 -0.29506564140319824 -0.19911499321460724
v 0.21615923941135406 -0.2955852448940277 -0.1846584677696228
v 0.2185167670249939 -0.29854118824005127 0.006715412251651287
v 0.21721985936164856 -0.28806304931640625 0.013421909883618355
v 0.21963989734649658 -0.2972513735294342 0.06365104019641876
v 0.22629044950008392 -0.2952393591403961 -0.2553325891494751
v 0.2210531234741211 -0.28491178154945374 -0.20246829092502594
v 0.21730181574821472 -0.28236639499664307 -0.19501088559627533
v 0.21542197465896606 -0.269277960062027 0.053318463265895844
v 0.22328230738639832 -0.2944839596748352 0.07299166172742844
v 0.23108018934726715 -0.2917596399784088 0.08424555510282516
v 0.21996572613716125 -0.2627425789833069 -0.26125332713127136
v 0.2315855324268341 -0.29789701104164124 -0.26909956336021423
v 0.21891142427921295 -0.2713562846183777 0.06965276598930359
v 0.2268281877040863 -0.26935335993766785 -0.27153533697128296
v 0.2377193123102188 -0.27369439601898193 0.09151295572519302
v 0.22039300203323364 -0.26194941997528076 0.08069571852684021
v 0.22610974311828613 -0.24946066737174988 -0.2837490141391754
v 0.21696409583091736 -0.23491008579730988 0.106305792927742
v 0.2157967984676361 -0.22667399048805237 0.10845941305160522
v 0.22060631215572357 -0.2213844656944275 -0.288646399974823
v 0.22540739178657532 -0.2154969573020935 0.11355989426374435
v 0.2238158881664276 -0.182884082198143 0.09903714060783386
v 0.2150016576051712 -0.17265565693378448 0.08660480380058289
v 0.21377937495708466 -0.14917472004890442 0.08796864002943039
v 0.2285957634449005 -0.14156994223594666 0.09632034599781036
v 0.2216738611459732 -0.11029747128486633 -0.2777012586593628
v 0.2180032581090927 -0.11299700289964676 0.09152586758136749
v 0.2277742475271225 -0.06232078745961189 -0.27477747201919556
v 0.21095773577690125 0.0955427959561348 0.03943043574690819
v 0.23571114242076874 0.13612671196460724 -0.15131227672100067
v 0.22954432666301727 0.15158012509346008 -0.10501843690872192
v 0.227167010307312 0.15389618277549744 -0.08847637474536896
v 0.21948163211345673 0.1422223299741745 -0.007799606304615736
v 0.22764137387275696 -0.45496252179145813 -0.026883412152528763
v 0.22188566625118256 -0.4454658031463623 -0.0071027567610144615
v 0.22954298555850983 -0.45303910970687866 -0.21220989525318146
v 0.22650429606437683 -0.4560052454471588 -0.015140329487621784
v 0.2262076586484909 -0.4537312984466553 0.011349680833518505
v 0.23379336297512054 -0.44701072573661804 0.024949844926595688
v 0.23015177249908447 -0.4459470510482788 -0.03622123599052429
v 0.22471179068088531 -0.4370728135108948 -0.199965238571167
v 0.224863201379776 -0.42601728439331055 -0.19489838182926178
v 0.23060287535190582 -0.4325863718986511 -0.25534433126449585
v 0.23012080788612366 -0.4206114709377289 -0.2569631338119507
v 0.22872138023376465 -0.4152611792087555 -0.19138376414775848
v 0.22707247734069824 -0.4174753427505493 0.019417352974414825
v 0.21873711049556732 -0.39890608191490173 -0.19881361722946167
v 0.2306382805109024 -0.40327632427215576 0.027583491057157516
v 0.2300824224948883 -0.3858950734138489 -0.25783243775367737
v 0.2306484878063202 -0.36599457263946533 -0.255095511674881
v 0.23504438996315002 -0.35016605257987976 -0.0359530933201313
v 0.23485881090164185 -0.36761388182640076 0.03894125297665596
v 0.22441716492176056 -0.3636438846588135 0.025923481211066246
v 0.26936402916908264 -0.3593025505542755 -0.1261121779680252
v 0.2309761643409729 -0.33553341031074524 -0.25542640686035156
v 0.2271479368209839 -0.3507727086544037 0.03625568374991417
v 0.23473680019378662 -0.35173067450523376 0.0475466288626194
v 0.23134513199329376 -0.3399289548397064 -0.04039221256971359
v 0.22428594529628754 -0.3319743573665619 -0.18851777911186218
v 0.23162488639354706 -0.3277410566806793 -0.027672991156578064
v 0.22935719788074493 -0.31610938906669617 -0.184046670794487
v 0.23183605074882507 -0.31841719150543213 -0.17684824764728546
v 0.22867463529109955 -0.31812745332717896 -0.019564630463719368
v 0.22498559951782227 -0.310576468706131 -0.1944422721862793
v 0.23123744130134583 -0.32297050952911377 0.06309374421834946
v 0.23344586789608002 -0.26800763607025146 -0.27958258986473083
v 0.23376545310020447 -0.23994094133377075 0.10943213850259781
v 0.23692689836025238 -0.23098435997962952 0.11330559104681015
v 0.2394958883523941 -0.20580929517745972 -0.29791173338890076
v 0.2350602149963379 -0.20957326889038086 0.11465419828891754
v 0.2273103892803192 -0.19645169377326965 -0.29075005650520325
v 0.23468515276908875 -0.18310615420341492 0.10480710864067078
v 0.2275690734386444 -0.15396562218666077 -0.27896255254745483
v 0.2252083420753479 -0.1387833207845688 -0.27769920229911804
v 0.23583878576755524 -0.12990452349185944 0.09938488900661469
v 0.2327158898115158 -0.034805718809366226 -0.2704591751098633
v 0.2341691255569458 0.04872327297925949 0.07288538664579391
v 0.2025122195482254 0.05382363498210907 -0.23449400067329407
v 0.2297588288784027 0.10109569877386093 0.049806538969278336
v 0.23291878402233124 0.11371654272079468 0.04503309726715088
v 0.22501038014888763 0.1301955133676529 0.022684812545776367
v 0.2330525815486908 0.14855802059173584 -0.12285654246807098
v 0.22247032821178436 0.15230128169059753 -0.07022111117839813
v 0.23937395215034485 -0.48515790700912476 -0.03512734919786453
v 0.23623313009738922 -0.458476722240448 -0.2330898642539978
v 0.2305755466222763 -0.438873291015625 -0.25029510259628296
v 0.23936395347118378 -0.4438878893852234 -0.04386959224939346
v 0.24191151559352875 -0.4286910891532898 -0.0548081248998642
v 0.2400086224079132 -0.42206186056137085 0.03277304396033287
v 0.24131663143634796 -0.4172459840774536 -0.05864974856376648
v 0.23247027397155762 -0.40203481912612915 -0.25571057200431824
v 0.23756994307041168 -0.40243715047836304 -0.1823587417602539
v 0.2406235635280609 -0.38129186630249023 -0.2664600908756256
v 0.23040667176246643 -0.38782480359077454 0.032873254269361496
v 0.2378077507019043 -0.3629935085773468 -0.07662564516067505
v 0.24657908082008362 -0.35801583528518677 -0.04301855340600014
v 0.2326396256685257 -0.3460979461669922 -0.14941835403442383
v 0.2398918718099594 -0.3336990773677826 -0.16186316311359406
v 0.23251987993717194 -0.32557472586631775 -0.16876259446144104
v 0.23909126222133636 -0.30322301387786865 -0.2777867317199707
v 0.2398163378238678 -0.32795101404190063 0.06756512820720673
v 0.2353687733411789 -0.30333656072616577 0.0823010504245758
v 0.23408524692058563 -0.26073122024536133 0.09272856265306473
v 0.23630711436271667 -0.2215486466884613 -0.2977941036224365
v 0.22367006540298462 -0.10172263532876968 0.0933690220117569
v 0.24858827888965607 -0.05623045563697815 0.1015242487192154
v 0.22955560684204102 0.012735972180962563 -0.25603294372558594
v 0.23142392933368683 0.07912398874759674 0.06049053370952606
v 0.24214893579483032 0.11840052902698517 -0.17930825054645538
v 0.2365994155406952 0.15279413759708405 0.015407330356538296
v 0.2357655167579651 0.16292095184326172 -0.00660646753385663
v 0.23880068957805634 0.16990555822849274 -0.07410784810781479
v 0.23765675723552704 0.17051658034324646 -0.04768181964755058
v 0.23495471477508545 -0.48238295316696167 -0.025514282286167145
v 0.23689644038677216 -0.4666525721549988 -0.2185414880514145
v 0.24089854955673218 -0.4785086512565613 0.0063997977413237095
v 0.2373812049627304 -0.471917986869812 -0.03887725621461868
v 0.23673345148563385 -0.4550284445285797 -0.19279466569423676
v 0.2523031234741211 -0.4716692268848419 -0.18364816904067993
v 0.24868233501911163 -0.4727948009967804 0.022552451118826866
v 0.24604664742946625 -0.467162549495697 -0.2361365407705307
v 0.25224220752716064 -0.445194810628891 -0.25605130195617676
v 0.2435167282819748 -0.4498114287853241 -0.18434995412826538
v 0.2588350474834442 -0.44695180654525757 -0.05197491869330406
v 0.23963530361652374 -0.42483070492744446 -0.2622895836830139
v 0.2579936683177948 -0.42176932096481323 -0.26818472146987915
v 0.24604077637195587 -0.40194836258888245 -0.26412591338157654
v 0.24277125298976898 -0.4018388092517853 0.03636378422379494
v 0.24241720139980316 -0.38087478280067444 -0.16952258348464966
v 0.2507198750972748 -0.37101462483406067 0.04721993952989578
v 0.23971669375896454 -0.36233240365982056 -0.26237836480140686
v 0.2547038197517395 -0.36540529131889343 -0.04658455401659012
v 0.25293344259262085 -0.3651094138622284 -0.270060658454895
v 0.24783354997634888 -0.3535492420196533 0.05485185980796814
v 0.2444518655538559 -0.3417291045188904 -0.16911981999874115
v 0.24039612710475922 -0.3497297465801239 -0.050115916877985
v 0.24141333997249603 -0.3490138053894043 -0.04294746369123459
v 0.24854765832424164 -0.34244799613952637 -0.15393374860286713
v 0.2415532022714615 -0.33414432406425476 -0.26823756098747253
v 0.2366974651813507 -0.33077967166900635 -0.17316468060016632
v 0.2516554594039917 -0.30540159344673157 0.09073138236999512
v 0.2604604661464691 -0.26321786642074585 0.09854378551244736
v 0.24751628935337067 -0.20566219091415405 -0.2991502285003662
v 0.23982840776443481 -0.14997708797454834 -0.28373631834983826
v 0.24340151250362396 -0.16572679579257965 0.10404498130083084
v 0.2614626884460449 -0.10832605510950089 0.10553909093141556
v 0.2229517251253128 -0.02716544084250927 0.09146148711442947
v 0.25806939601898193 0.04673236608505249 0.08310376107692719
v 0.2488485425710678 0.11167687922716141 0.05913127586245537
v 0.2435237616300583 0.1360291987657547 0.04033010080456734
v 0.25754085183143616 0.14115886390209198 -0.1695137917995453
v 0.24652215838432312 0.1562640219926834 0.022154461592435837
v 0.2455890029668808 0.16997309029102325 -0.10134239494800568
v 0.24827852845191956 0.17755037546157837 -0.0810636356472969
v 0.2479080855846405 0.17828157544136047 -0.033207863569259644
v 0.2411951720714569 0.17154696583747864 -0.019949426874518394
v 0.24702322483062744 -0.5002300143241882 -0.004665030632168055
v 0.24944078922271729 -0.5024243593215942 -0.03304361179471016
v 0.25054931640625 -0.4900374412536621 -0.19281524419784546
v 0.26429954171180725 -0.5081866383552551 -0.18436847627162933
v 0.2496226280927658 -0.49618345499038696 0.013025946915149689
v 0.26414477825164795 -0.4962126612663269 -0.18015165627002716
v 0.25086814165115356 -0.4570719003677368 0.02881520986557007
v 0.24771049618721008 -0.4286474585533142 0.034472618252038956
v 0.2515951097011566 -0.38171619176864624 -0.2715538740158081
v 0.25058919191360474 -0.3867785334587097 -0.05124221742153168
v 0.2495291531085968 -0.39283421635627747 0.042440831661224365
v 0.2617037892341614 -0.3662598133087158 -0.10078508406877518
v 0.24637673795223236 -0.3557364344596863 -0.058851275593042374
v 0.2600516080856323 -0.3337958753108978 -0.2785486578941345
v 0.254286527633667 -0.3063015341758728 -0.2876420319080353
v 0.25128287076950073 -0.298414945602417 0.09390422701835632
v 0.2555946409702301 -0.292315810918808 -0.2912636995315552
v 0.25567758083343506 -0.29073798656463623 0.09735197573900223
v 0.2484155148267746 -0.2583619952201843 -0.2896662950515747
v 0.25503793358802795 -0.2406604290008545 0.10891830921173096
v 0.2497478872537613 -0.14631713926792145 -0.2850116193294525
v 0.24700625240802765 -0.10227235406637192 -0.2809813618659973
v 0.2753383219242096 -0.07481852918863297 -0.2850508689880371
v 0.2766839861869812 -0.0086949672549963 -0.2734483480453491
v 0.24964286386966705 0.04977871850132942 -0.242563396692276
v 0.24942581355571747 0.08300786465406418 -0.21996301412582397
v 0.25707945227622986 0.09846911579370499 0.06884428858757019
v 0.2523840069770813 0.12274539470672607 -0.18135274946689606
v 0.2574978768825531 0.13807666301727295 0.04600753262639046
v 0.2571678161621094 0.16769619286060333 -0.13116131722927094
v 0.253663569688797 0.1698489785194397 0.006151257082819939
v 0.25603824853897095 0.18330760300159454 -0.050447870045900345
v 0.25749585032463074 0.18229413032531738 -0.02817496284842491
v 0.26031994819641113 -0.5255434513092041 -0.0069534010253846645
v 0.2558392286300659 -0.5229163765907288 0.015972888097167015
v 0.26282206177711487 -0.5273496508598328 0.030918819829821587
v 0.26723307371139526 -0.5237138867378235 -0.04241813346743584
v 0.25340306758880615 -0.5106315016746521 0.017941415309906006
v 0.25988057255744934 -0.49848446249961853 -0.2315332591533661
v 0.2572719156742096 -0.48621419072151184 -0.23909519612789154
v 0.24773994088172913 -0.4894583225250244 -0.20239794254302979
v 0.2618730366230011 -0.49661073088645935 0.02836562506854534
v 0.2560146749019623 -0.4652078449726105 -0.2475711703300476
v 0.24309682846069336 -0.42018547654151917 -0.18348029255867004
v 0.26811712980270386 -0.4206509590148926 -0.17135673761367798
v 0.26031893491744995 -0.42468416690826416 -0.06523197144269943
v 0.26620614528656006 -0.4141201674938202 0.03909199684858322
v 0.25276699662208557 -0.40616974234580994 -0.06407168507575989
v 0.2645944654941559 -0.3937467038631439 -0.1597672551870346
v 0.2591026723384857 -0.37547925114631653 -0.15864643454551697
v 0.269542932510376 -0.3781753480434418 -0.0530509315431118
v 0.2675195634365082 -0.3655495047569275 -0.2750101089477539
v 0.2571693956851959 -0.34623655676841736 -0.16198322176933289
v 0.2663358449935913 -0.3576836585998535 -0.05954590067267418
v 0.25690823793411255 -0.3567622900009155 -0.050802361220121384
v 0.2642323076725006 -0.3607110381126404 0.0559195838868618
v 0.26913318037986755 -0.3479060232639313 -0.1493852734565735
v 0.26103687286376953 -0.3490396738052368 -0.14509296417236328
v 0.25819504261016846 -0.34584537148475647 0.06310443580150604
v 0.2662705183029175 -0.3028925955295563 0.09396503120660782
v 0.2574162781238556 -0.2185014933347702 -0.30069810152053833
v 0.2631858289241791 -0.2048773616552353 -0.29964831471443176
v 0.27412495017051697 -0.20693258941173553 0.11007825285196304
v 0.2548731565475464 -0.18199224770069122 0.10554857552051544
v 0.2565930485725403 -0.1517419070005417 0.1050184965133667
v 0.2563658654689789 0.007104302756488323 0.09471046924591064
v 0.2779271602630615 0.014142468571662903 -0.2636273205280304
v 0.2944300174713135 0.04347240552306175 -0.24766214191913605
v 0.2598867416381836 0.11768724024295807 0.060888830572366714
v 0.26660341024398804 0.1743178367614746 -0.13087646663188934
v 0.2579576373100281 0.18038341403007507 -0.09970898926258087
v 0.25816166400909424 0.17901860177516937 -0.01310818176716566
v 0.2564571499824524 0.18318642675876617 -0.07357434928417206
v 0.2703075110912323 -0.5355007648468018 -0.012302398681640625
v 0.27083295583724976 -0.5473321080207825 0.02022371254861355
v 0.262144535779953 -0.5369543433189392 0.018184969201683998
v 0.2726425528526306 -0.5438540577888489 0.039328765124082565
v 0.26547518372535706 -0.5184381008148193 -0.19637484848499298
v 0.2730943262577057 -0.50991290807724 -0.17215187847614288
v 0.26014646887779236 -0.5010629296302795 -0.04813297465443611
v 0.2718092203140259 -0.48830947279930115 0.034945521503686905
v 0.24968299269676208 -0.48574426770210266 -0.04475120082497597
v 0.28547677397727966 -0.4872977137565613 0.03918381780385971
v 0.2704243063926697 -0.4777977168560028 -0.2561328411102295
v 0.2621636986732483 -0.4447576403617859 0.03377731516957283
v 0.2645707428455353 -0.45343300700187683 -0.2574261426925659
v 0.2800050675868988 -0.42634764313697815 -0.26997652649879456
v 0.2681635320186615 -0.4588814079761505 -0.17691351473331451
v 0.2766689360141754 -0.4182206690311432 -0.06920891255140305
v 0.26673242449760437 -0.38056591153144836 -0.27492159605026245
v 0.27089059352874756 -0.3883867561817169 0.05080878734588623
v 0.2778327465057373 -0.35697662830352783 -0.058110736310482025
v 0.2698913514614105 -0.3268885016441345 0.07752928137779236
v 0.2740156054496765 -0.3324861228466034 -0.28214937448501587
v 0.27866581082344055 -0.3028580844402313 -0.292559415102005
v 0.2776429355144501 -0.2727074921131134 -0.2948225438594818
v 0.2739052474498749 -0.24660469591617584 -0.2987463176250458
v 0.28009265661239624 -0.21323345601558685 -0.2996557950973511
v 0.2580670118331909 -0.1596173644065857 -0.2879565358161926
v 0.27622246742248535 -0.1602037101984024 -0.287436306476593
v 0.2824417054653168 -0.042932577431201935 -0.2837050259113312
v 0.26926958560943604 -0.012086090631783009 0.10369833558797836
v 0.2762824594974518 0.06603308022022247 -0.23427708446979523
v 0.2748076915740967 0.1387672871351242 -0.1837528795003891
v 0.2578566372394562 0.15663264691829681 0.028121108189225197
v 0.27644792199134827 0.18941737711429596 -0.037228964269161224
v 0.28610941767692566 -0.5557297468185425 0.01788116991519928
v 0.28740957379341125 -0.5574105978012085 0.03409406915307045
v 0.27299410104751587 -0.5296826958656311 -0.23954173922538757
v 0.27134203910827637 -0.5289357304573059 -0.19932062923908234
v 0.285116970539093 -0.5469082593917847 -0.011201470158994198
v 0.2805340886116028 -0.5322380065917969 -0.057484351098537445
v 0.27775833010673523 -0.536392867565155 0.0512298122048378
v 0.27539029717445374 -0.5283844470977783 -0.1756247729063034
v 0.26897647976875305 -0.5195426344871521 0.03860989958047867
v 0.2734489440917969 -0.5184571743011475 -0.054868169128894806
v 0.2755613625049591 -0.523758590221405 -0.25509583950042725
v 0.2658889591693878 -0.4920036196708679 -0.24991431832313538
v 0.27307140827178955 -0.4860456585884094 -0.1754864603281021
v 0.2831098735332489 -0.5013970136642456 0.04211372509598732
v 0.2737610936164856 -0.48856326937675476 -0.05376454070210457
v 0.28332802653312683 -0.46241676807403564 -0.2612864673137665
v 0.2844179570674896 -0.4687878489494324 -0.05567273870110512
v 0.27750879526138306 -0.44554564356803894 -0.05690466985106468
v 0.2813183665275574 -0.44034120440483093 -0.16960422694683075
v 0.2787960171699524 -0.44660264253616333 0.03703576326370239
v 0.2830931842327118 -0.40179136395454407 -0.15598173439502716
v 0.2696671783924103 -0.3969334661960602 -0.06487268954515457
v 0.28215426206588745 -0.382175475358963 -0.27330538630485535
v 0.2885177731513977 -0.3875104486942291 -0.15265923738479614
v 0.28722453117370605 -0.38343825936317444 0.05417606979608536
v 0.2742052674293518 -0.3646748661994934 -0.08449530601501465
v 0.274323433637619 -0.290384441614151 0.09737064689397812
v 0.2560422420501709 -0.2230570912361145 0.11282625794410706
v 0.3035326600074768 -0.17760473489761353 0.10670948773622513
v 0.2634691894054413 -0.11323896050453186 -0.2840058505535126
v 0.28260692954063416 -0.07307253032922745 0.11257617175579071
v 0.2779711186885834 -0.039487604051828384 0.1101863831281662
v 0.27642470598220825 0.049955353140830994 0.08773797750473022
v 0.2743171453475952 0.11245284974575043 -0.19863325357437134
v 0.2747572362422943 0.1525883972644806 -0.1713298112154007
v 0.278950959444046 0.15836165845394135 0.02955852821469307
v 0.2774197459220886 0.17081038653850555 0.01375212986022234
v 0.28634339570999146 0.1798086017370224 -0.13912789523601532
v 0.2776069939136505 0.19204875826835632 -0.05489221215248108
v 0.28342315554618835 -0.54143887758255 -0.2515510320663452
v 0.27900928258895874 -0.5390113592147827 -0.21472330391407013
v 0.2833290696144104 -0.5398905277252197 -0.04691888019442558
v 0.2875883877277374 -0.5361091494560242 -0.26862847805023193
v 0.2864549458026886 -0.527634859085083 -0.15956293046474457
v 0.2943890392780304 -0.51799076795578 0.0628785714507103
v 0.29189568758010864 -0.5163565874099731 -0.2726510465145111
v 0.27997612953186035 -0.5094541311264038 -0.2620260417461395
v 0.2971644699573517 -0.5068076252937317 -0.27214595675468445
v 0.2856275737285614 -0.5094414353370667 -0.06397398561239243
v 0.2915438115596771 -0.4720253646373749 0.036976058036088943
v 0.2859870195388794 -0.43031206727027893 0.037491053342819214
v 0.28764963150024414 -0.42629021406173706 -0.16692422330379486
v 0.2961238622665405 -0.38337475061416626 0.05306757986545563
v 0.28716275095939636 -0.3595976233482361 -0.07263146340847015
v 0.27602383494377136 -0.3501717746257782 -0.15291054546833038
v 0.28949180245399475 -0.3527916967868805 -0.05886240303516388
v 0.2922324240207672 -0.3292655646800995 -0.2798892855644226
v 0.28262558579444885 -0.310302734375 0.0875292718410492
v 0.282435804605484 -0.2668151557445526 0.09656129777431488
v 0.30075857043266296 -0.19390325248241425 0.10708732157945633
v 0.3075694739818573 -0.16801123321056366 -0.28736481070518494
v 0.2763981223106384 -0.14469939470291138 0.10774798691272736
v 0.29203855991363525 -0.023617535829544067 0.10978259891271591
v 0.2925172746181488 -0.01572931930422783 0.10841400921344757
v 0.27784523367881775 0.02632146142423153 0.0939849317073822
v 0.27372536063194275 0.0909809023141861 0.07709246128797531
v 0.29094597697257996 0.1688089370727539 -0.15788859128952026
v 0.268104612827301 0.16192062199115753 -0.155661478638649
v 0.28739410638809204 0.1721409559249878 0.017132176086306572
v 0.28379786014556885 0.18853725492954254 -0.015908626839518547
v 0.2778041660785675 0.1917538344860077 -0.08395770937204361
v 0.3021601438522339 -0.5529940128326416 -0.24595315754413605
v 0.29951003193855286 -0.5510492920875549 -0.20963457226753235
v 0.299069344997406 -0.5532417297363281 -0.18678750097751617
v 0.2830641567707062 -0.5431702136993408 -0.19264233112335205
v 0.2869266867637634 -0.5469302535057068 0.0536281019449234
v 0.29605644941329956 -0.5362664461135864 -0.27849727869033813
v 0.289239764213562 -0.5269097089767456 -0.06922663003206253
v 0.29316580295562744 -0.5355657339096069 0.06478563696146011
v 0.2870405316352844 -0.5038018822669983 -0.16305074095726013
v 0.29315468668937683 -0.4956078827381134 -0.05954325571656227
v 0.29373493790626526 -0.501930296421051 0.04706103354692459
v 0.2880358397960663 -0.48834410309791565 -0.2636454403400421
v 0.3061150908470154 -0.4716924726963043 -0.26152679324150085
v 0.29656660556793213 -0.4750416576862335 -0.16934220492839813
v 0.2954581379890442 -0.44536900520324707 -0.1680280715227127
v 0.2921263575553894 -0.44844281673431396 -0.05599122494459152
v 0.3025767207145691 -0.42938682436943054 0.03504860773682594
v 0.29165124893188477 -0.4075622260570526 0.04246746003627777
v 0.2948082983493805 -0.41693827509880066 -0.06353727728128433
v 0.2955392003059387 -0.40462398529052734 -0.06211629882454872
v 0.28128620982170105 -0.3715873658657074 -0.2729526162147522
v 0.27668702602386475 -0.3655308187007904 -0.05189567059278488
v 0.28706294298171997 -0.35885176062583923 0.05724218860268593
v 0.27906596660614014 -0.35975226759910583 -0.15522778034210205
v 0.2861209213733673 -0.3617743253707886 -0.11200934648513794
v 0.30038079619407654 -0.3520096242427826 -0.06397052854299545
v 0.28434592485427856 -0.3542727828025818 -0.2762867510318756
v 0.28050050139427185 -0.3456990420818329 0.06256163865327835
v 0.3027831017971039 -0.3229740560054779 0.07237282395362854
v 0.29038119316101074 -0.29000240564346313 0.09270665049552917
v 0.28676506876945496 -0.23793551325798035 -0.2999536991119385
v 0.3033212423324585 -0.08314476907253265 -0.2894896864891052
v 0.30185839533805847 -0.05522814765572548 0.11531233042478561
v 0.3034980297088623 -0.03436112776398659 -0.2844460606575012
v 0.2951842248439789 -0.004165880382061005 -0.27233418822288513
v 0.31019458174705505 0.03593536838889122 0.09273847937583923
v 0.29010823369026184 0.05323201045393944 0.0890054777264595
v 0.28243449330329895 0.08317235857248306 -0.22398757934570312
v 0.2905590236186981 0.10887616127729416 -0.20459741353988647
v 0.28387096524238586 0.14219871163368225 0.04671839252114296
v 0.29552552103996277 0.2012372612953186 -0.0894160345196724
v 0.2865245044231415 0.19847099483013153 -0.051733095198869705
v 0.3045295774936676 -0.5529406666755676 -0.020129062235355377
v 0.29854923486709595 -0.5553393363952637 0.05212020501494408
v 0.30490028858184814 -0.5477011203765869 -0.2787454426288605
v 0.2972384989261627 -0.5494440793991089 -0.2656599283218384
v 0.2912573516368866 -0.5478265881538391 -0.1691804826259613
v 0.2989678680896759 -0.550298810005188 -0.05834461376070976
v 0.2942243218421936 -0.5400028228759766 -0.06907007098197937
v 0.3054264783859253 -0.5040555596351624 0.05498410388827324
v 0.30213555693626404 -0.500481903553009 0.04731091111898422
v 0.30845776200294495 -0.4917464554309845 -0.16294021904468536
v 0.29795554280281067 -0.4829980731010437 -0.056585896760225296
v 0.2974085807800293 -0.46906402707099915 -0.05749937519431114
v 0.3048083782196045 -0.45290160179138184 0.0306231789290905
v 0.3050847351551056 -0.4391176700592041 -0.16986346244812012
v 0.30552563071250916 -0.4041152894496918 -0.15712741017341614
v 0.2946423888206482 -0.4037700593471527 -0.27032482624053955
v 0.3108222484588623 -0.3892194926738739 -0.05055698752403259
v 0.31711024045944214 -0.3785696029663086 -0.262965589761734
v 0.29559117555618286 -0.3794447183609009 -0.050430625677108765
v 0.2996010482311249 -0.3606044054031372 -0.10537507385015488
v 0.31776559352874756 -0.35261890292167664 -0.07621737569570541
v 0.3176333010196686 -0.33463603258132935 -0.2639356255531311
v 0.29772862792015076 -0.34632235765457153 -0.1450062394142151
v 0.298568993806839 -0.3010064661502838 -0.28843066096305847
v 0.29948464035987854 -0.27268287539482117 -0.28931424021720886
v 0.30684563517570496 -0.2712055444717407 0.0878073051571846
v 0.29435497522354126 -0.2372959405183792 0.10634897649288177
v 0.3139760196208954 -0.1890610158443451 0.10605549067258835
v 0.294868141412735 -0.17942555248737335 -0.28885549306869507
v 0.3128886818885803 -0.13889959454536438 0.1138983741402626
v 0.301614910364151 -0.055845730006694794 -0.2873879671096802
v 0.29121142625808716 0.12094175815582275 0.06438025832176208
v 0.29510244727134705 0.13746313750743866 -0.1883847415447235
v 0.3111712336540222 0.14078764617443085 0.05711755156517029
v 0.29933708906173706 0.17122086882591248 0.025568662211298943
v 0.2871445417404175 0.19231866300106049 -0.10137223452329636
v 0.3109487295150757 -0.5569618344306946 -0.1731252521276474
v 0.3068538010120392 -0.560890793800354 0.0260025542229414
v 0.3124006986618042 -0.5423460602760315 -0.2870476245880127
v 0.30649513006210327 -0.5526211261749268 -0.16237185895442963
v 0.29903697967529297 -0.5427354574203491 -0.15460141003131866
v 0.2992604970932007 -0.5246334671974182 -0.15059274435043335
v 0.3107411563396454 -0.5262503027915955 -0.28835976123809814
v 0.3082248270511627 -0.5240220427513123 -0.07677780091762543
v 0.30952805280685425 -0.5135738849639893 -0.2818838059902191
v 0.31025511026382446 -0.5020495653152466 -0.2725372314453125
v 0.31614261865615845 -0.46516185998916626 -0.17112578451633453
v 0.31026917695999146 -0.4565734565258026 -0.2607353925704956
v 0.29973161220550537 -0.42289164662361145 -0.1670413315296173
v 0.29330289363861084 -0.4347110390663147 -0.055333930999040604
v 0.31773167848587036 -0.4172590970993042 -0.046376172453165054
v 0.3213566541671753 -0.41996634006500244 -0.17422422766685486
v 0.3096497356891632 -0.40096724033355713 0.03980559855699539
v 0.3162888288497925 -0.3902173638343811 -0.15696917474269867
v 0.29597026109695435 -0.3663490414619446 -0.26802611351013184
v 0.2910442054271698 -0.3570679724216461 -0.050002552568912506
v 0.30605730414390564 -0.3525862693786621 -0.12722165882587433
v 0.3056342899799347 -0.35877367854118347 -0.08516144007444382
v 0.29475122690200806 -0.3515288233757019 -0.05046233534812927
v 0.31030547618865967 -0.3497665226459503 -0.04315521568059921
v 0.30259421467781067 -0.3490424156188965 -0.15334436297416687
v 0.3261553943157196 -0.3331921696662903 -0.14490340650081635
v 0.30472081899642944 -0.33994171023368835 -0.05139325186610222
v 0.305889755487442 -0.3484799861907959 0.05485513433814049
v 0.3137929439544678 -0.3004626929759979 -0.2805963456630707
v 0.3129180669784546 -0.26521775126457214 -0.2831198573112488
v 0.3014681935310364 -0.23965716361999512 -0.29475468397140503
v 0.30261245369911194 -0.21382275223731995 0.1072537824511528
v 0.2908152639865875 -0.1308174878358841 0.1116718202829361
v 0.3167476952075958 -0.026792576536536217 -0.2807758152484894
v 0.31958258152008057 0.15755821764469147 0.05001288652420044
v 0.31041762232780457 0.18584223091602325 -0.1322406828403473
v 0.3077823519706726 0.19833771884441376 -0.11165831238031387
v 0.285561740398407 0.19772621989250183 -0.06935974955558777
v 0.33845165371894836 0.2449369728565216 -0.060470275580883026
v 0.30259084701538086 0.2131386697292328 -0.04234340786933899
v 0.31299370527267456 -0.5542171001434326 -0.26758891344070435
v 0.32272660732269287 -0.5570456385612488 -0.007630019914358854
v 0.3069780468940735 -0.5602568984031677 0.042512521147727966
v 0.3324689269065857 -0.5476389527320862 -0.14824990928173065
v 0.30581310391426086 -0.5488337278366089 -0.0684962272644043
v 0.31964612007141113 -0.5481770038604736 0.07601708173751831
v 0.3161984980106354 -0.5442807674407959 -0.0763314813375473
v 0.31693795323371887 -0.5281177163124084 0.07915665954351425
v 0.30515360832214355 -0.5118812322616577 -0.15201939642429352
v 0.3074052929878235 -0.508286714553833 -0.06797827035188675
v 0.3177827298641205 -0.49614188075065613 0.03721405193209648
v 0.32409587502479553 -0.5068917274475098 0.06924686580896378
v 0.3142809271812439 -0.485630065202713 -0.16600465774536133
v 0.30728134512901306 -0.4901360869407654 0.03681504353880882
v 0.31594276428222656 -0.4919375479221344 -0.2657279074192047
v 0.3102317750453949 -0.47818464040756226 0.03040545992553234
v 0.31392723321914673 -0.4717464745044708 -0.052055057138204575
v 0.31727147102355957 -0.45645463466644287 0.020723728463053703
v 0.31678956747055054 -0.4395179748535156 -0.044269535690546036
v 0.304202139377594 -0.43051832914352417 -0.268321692943573
v 0.3096274435520172 -0.40597331523895264 -0.26435214281082153
v 0.3133220672607422 -0.39235615730285645 -0.2638470530509949
v 0.3167027235031128 -0.36262014508247375 -0.041780225932598114
v 0.33013972640037537 -0.35979336500167847 -0.2478390485048294
v 0.3229309320449829 -0.3431917726993561 -0.132459819316864
v 0.31704196333885193 -0.33898013830184937 -0.15446436405181885
v 0.306294709444046 -0.33832305669784546 -0.05086034536361694
v 0.31085336208343506 -0.3379416763782501 -0.043529197573661804
v 0.3229004442691803 -0.33325207233428955 0.05613701790571213
v 0.3217039704322815 -0.32608461380004883 -0.042805448174476624
v 0.30104324221611023 -0.2640804946422577 0.09278016537427902
v 0.3098486363887787 -0.24489066004753113 0.09864585846662521
v 0.29683342576026917 -0.21519432961940765 -0.29523393511772156
v 0.3247017562389374 -0.19572186470031738 -0.28352147340774536
v 0.31965669989585876 -0.11235247552394867 0.11614425480365753
v 0.3218678832054138 0.12577152252197266 0.06968580931425095
v 0.3282161056995392 0.16726373136043549 -0.15958069264888763
v 0.3149544894695282 0.1768469661474228 -0.14723938703536987
v 0.31709232926368713 0.19355744123458862 -0.12667830288410187
v 0.2873830199241638 0.1829058676958084 0.0008781079668551683
v 0.3207956552505493 0.22037379443645477 -0.005352458450943232
v 0.30721184611320496 0.21047893166542053 -0.0897982120513916
v 0.33788955211639404 0.24185195565223694 -0.023050015792250633
v 0.3223424255847931 -0.5554653406143188 -0.26723572611808777
v 0.3213239908218384 -0.5575197339057922 -0.05456000193953514
v 0.33115941286087036 -0.5385866761207581 -0.1433291733264923
v 0.3230374753475189 -0.5364616513252258 0.08145085722208023
v 0.3265238106250763 -0.5166473984718323 -0.28980258107185364
v 0.3309014141559601 -0.5228359699249268 0.08044686168432236
v 0.32589003443717957 -0.49947506189346313 -0.270111620426178
v 0.3270677924156189 -0.49807673692703247 0.041973650455474854
v 0.3323706388473511 -0.4994049370288849 0.05199926719069481
v 0.3204704523086548 -0.505872905254364 -0.15214619040489197
v 0.32753536105155945 -0.4874034523963928 -0.1709197759628296
v 0.31686127185821533 -0.49340569972991943 -0.05402011051774025
v 0.33323565125465393 -0.49445027112960815 -0.04341511055827141
v 0.3248496949672699 -0.49061620235443115 0.02633768692612648
v 0.32363951206207275 -0.479621946811676 -0.255691796541214
v 0.330916166305542 -0.4817647933959961 0.014989951625466347
v 0.32772257924079895 -0.46137744188308716 -0.24845454096794128
v 0.3224789500236511 -0.43216198682785034 -0.25793546438217163
v 0.3277212679386139 -0.4535219371318817 -0.037513237446546555
v 0.3270183801651001 -0.43976202607154846 0.009627056308090687
v 0.3167511224746704 -0.43329665064811707 0.025853188708424568
v 0.32901883125305176 -0.427943617105484 -0.03359583765268326
v 0.32735010981559753 -0.42103493213653564 -0.25139352679252625
v 0.3389036953449249 -0.3901987373828888 0.024800654500722885
v 0.31622740626335144 -0.38231360912323 0.04499468207359314
v 0.33587515354156494 -0.37330108880996704 -0.16588208079338074
v 0.3115737736225128 -0.3608438968658447 0.048515837639570236
v 0.29921576380729675 -0.3670148253440857 -0.15576928853988647
v 0.3289034068584442 -0.3678615391254425 0.034865014255046844
v 0.322174996137619 -0.34687668085098267 -0.15890610218048096
v 0.3237396478652954 -0.33613505959510803 -0.03562252223491669
v 0.32079628109931946 -0.3309319019317627 -0.05069684609770775
v 0.32655301690101624 -0.3252214789390564 -0.03465006500482559
v 0.328877329826355 -0.3058735728263855 -0.2674110233783722
v 0.321176677942276 -0.30991172790527344 0.07162823528051376
v 0.3262702226638794 -0.2211087942123413 -0.28141674399375916
v 0.32617315649986267 -0.07577766478061676 -0.2878279983997345
v 0.3145974576473236 -0.03667272999882698 -0.2844527065753937
v 0.3627125024795532 -0.02407144196331501 0.10509312897920609
v 0.3164987862110138 0.06108063831925392 0.0880204290151596
v 0.3098163902759552 0.06396687775850296 -0.235923171043396
v 0.3182353675365448 0.09121419489383698 -0.21766723692417145
v 0.3117142915725708 0.09845343232154846 0.07829195261001587
v 0.3265695869922638 0.12538689374923706 -0.19667889177799225
v 0.32069891691207886 0.20056599378585815 0.023037826642394066
v 0.3312986493110657 -0.5575716495513916 -0.20319534838199615
v 0.32349374890327454 -0.5585389733314514 -0.1811678558588028
v 0.3342364728450775 -0.5548141598701477 -0.0671921893954277
v 0.3419213593006134 -0.5578162670135498 -0.019280284643173218
v 0.3272664546966553 -0.5472461581230164 -0.28941360116004944
v 0.3357377052307129 -0.5278784036636353 -0.14098919928073883
v 0.3349283039569855 -0.5154449343681335 -0.14497855305671692
v 0.33759579062461853 -0.49699971079826355 -0.16446571052074432
v 0.33631643652915955 -0.50604647397995 -0.15002115070819855
v 0.33441728353500366 -0.49371370673179626 -0.2550026774406433
v 0.3364773988723755 -0.4934737980365753 -0.17287640273571014
v 0.33964693546295166 -0.4948766529560089 -0.035537946969270706
v 0.33535295724868774 -0.49295374751091003 0.02170610800385475
v 0.32719701528549194 -0.48055753111839294 -0.040858883410692215
v 0.3350691795349121 -0.45786595344543457 -0.18697640299797058
v 0.32682669162750244 -0.4563117027282715 0.0071840123273432255
v 0.33255529403686523 -0.44204163551330566 -0.1866004914045334
v 0.3344457447528839 -0.43391576409339905 -0.020834874361753464
v 0.3329092562198639 -0.4517011344432831 -0.008653640747070312
v 0.32424935698509216 -0.43324172496795654 -0.17991210520267487
v 0.33181241154670715 -0.41368159651756287 0.022862467914819717
v 0.34000346064567566 -0.4331287443637848 -0.19237209856510162
v 0.3277776837348938 -0.39891254901885986 -0.16513778269290924
v 0.33509817719459534 -0.38295039534568787 -0.252637654542923
v 0.3401700258255005 -0.3577745854854584 -0.1656319946050644
v 0.3324052095413208 -0.3633008599281311 -0.032496701925992966
v 0.34484389424324036 -0.34494394063949585 -0.09899749606847763
v 0.330084890127182 -0.32911747694015503 -0.15779896080493927
v 0.33870363235473633 -0.33874064683914185 -0.24775582551956177
v 0.3362317383289337 -0.33546972274780273 -0.05841328948736191
v 0.33420583605766296 -0.3215230107307434 -0.043294623494148254
v 0.33255136013031006 -0.3161206841468811 -0.03565918281674385
v 0.3531118631362915 -0.26114118099212646 0.06393088400363922
v 0.3297341465950012 -0.21692952513694763 0.0988655686378479
v 0.3431906998157501 -0.20484410226345062 -0.2754104435443878
v 0.32973507046699524 -0.1954108625650406 0.103404700756073
v 0.3388127088546753 -0.15008457005023956 0.11329130083322525
v 0.3410932421684265 -0.12256006896495819 0.11640051752328873
v 0.31353139877319336 -0.11624537408351898 -0.289936363697052
v 0.3633037507534027 -0.0038845099043101072 0.10090799629688263
v 0.34477412700653076 0.24032437801361084 0.006827143952250481
v 0.3640335500240326 -0.5554940700531006 -0.2624582350254059
v 0.34096235036849976 -0.5552325248718262 -0.15501751005649567
v 0.3292583227157593 -0.555736780166626 0.07054102420806885
v 0.3262975811958313 -0.5539520978927612 -0.2781672775745392
v 0.3352046608924866 -0.5481556057929993 0.07718200981616974
v 0.3305988609790802 -0.5352866649627686 -0.07945746183395386
v 0.3240202069282532 -0.5302006006240845 -0.29292410612106323
v 0.33642658591270447 -0.5352157354354858 0.08139467984437943
v 0.35140177607536316 -0.5179150700569153 -0.29149529337882996
v 0.3383277952671051 -0.5146521329879761 -0.07214299589395523
v 0.34348779916763306 -0.5075008273124695 0.06698091328144073
v 0.32980382442474365 -0.504211962223053 -0.0634944960474968
v 0.3340708017349243 -0.5000562071800232 -0.05742041766643524
v 0.34181883931159973 -0.49232837557792664 -0.0248519629240036
v 0.33032137155532837 -0.49575549364089966 0.03437039628624916
v 0.34866029024124146 -0.48978546261787415 0.051739081740379333
v 0.3363901972770691 -0.4780057966709137 -0.02221398986876011
v 0.34347856044769287 -0.4818655848503113 -0.1981227546930313
v 0.33929672837257385 -0.4842377305030823 -0.18476735055446625
v 0.336365669965744 -0.4806491434574127 0.0005410703597590327
v 0.3395543098449707 -0.468061238527298 -0.23381419479846954
v 0.3364635407924652 -0.43848010897636414 -0.23678994178771973
v 0.3352406620979309 -0.43511298298835754 -0.004417915362864733
v 0.3310524523258209 -0.4045760929584503 -0.24606290459632874
v 0.34399935603141785 -0.39961639046669006 -0.17820073664188385
v 0.34427228569984436 -0.3893366754055023 -0.024883519858121872
v 0.33463865518569946 -0.3843252658843994 -0.0377453975379467
v 0.3440263271331787 -0.3731735348701477 0.015762288123369217
v 0.3402478098869324 -0.3640429377555847 0.02488521672785282
v 0.3359491229057312 -0.34106582403182983 -0.06581519544124603
v 0.3418828547000885 -0.3460468649864197 -0.019404076039791107
v 0.3456018567085266 -0.34566769003868103 -0.012114424258470535
v 0.3342786431312561 -0.31817156076431274 -0.027937890961766243
v 0.3394113779067993 -0.3275104761123657 0.046988897025585175
v 0.34125393629074097 -0.3165993392467499 -0.15599307417869568
v 0.34149423241615295 -0.3105015456676483 -0.019431212916970253
v 0.3403734266757965 -0.30921462178230286 -0.02741195820271969
v 0.341428279876709 -0.2956048250198364 0.0645965039730072
v 0.35372447967529297 -0.22953824698925018 -0.2616349160671234
v 0.34182465076446533 -0.23009063303470612 0.0888366848230362
v 0.3540222644805908 -0.13408689200878143 -0.2846828103065491
v 0.363131582736969 -0.07347539812326431 -0.2804040014743805
v 0.3399730622768402 0.07762378454208374 0.0884719043970108
v 0.34378740191459656 0.1150137335062027 0.0813848078250885
v 0.34570857882499695 0.14776603877544403 -0.17951257526874542
v 0.33830416202545166 0.18279960751533508 -0.14965683221817017
v 0.33301547169685364 0.22423155605793 -0.1111893355846405
v 0.33107084035873413 0.23032985627651215 -0.09483547508716583
v 0.3625161051750183 0.2664743661880493 -0.028527753427624702
v 0.35836002230644226 -0.5595415830612183 -0.22471509873867035
v 0.3485899865627289 -0.558691680431366 -0.05215930566191673
v 0.3400345742702484 -0.5593883395195007 0.033751048147678375
v 0.3314501941204071 -0.5501693487167358 -0.28631600737571716
v 0.33666080236434937 -0.5470820069313049 -0.07591494917869568
v 0.3254879415035248 -0.5386099815368652 -0.2928926646709442
v 0.35171300172805786 -0.5449051260948181 -0.13913340866565704
v 0.35015085339546204 -0.5362516045570374 -0.07743813097476959
v 0.3542117476463318 -0.5256133079528809 -0.13439209759235382
v 0.3530255854129791 -0.5180836915969849 0.07179098576307297
v 0.345861554145813 -0.5037530064582825 -0.2767440676689148
v 0.34761208295822144 -0.5058748722076416 -0.06766973435878754
v 0.35501381754875183 -0.5048217177391052 -0.13881655037403107
v 0.359925240278244 -0.49533092975616455 0.06306315958499908
v 0.3384399712085724 -0.48099735379219055 -0.24005794525146484
v 0.3510687053203583 -0.49198225140571594 -0.23485755920410156
v 0.3490648567676544 -0.49221086502075195 -0.21189472079277039
v 0.3484674096107483 -0.4948330819606781 -0.18649636209011078
v 0.34818899631500244 -0.49424001574516296 -0.03286838158965111
v 0.35004734992980957 -0.4952309727668762 -0.01269983034580946
v 0.34213170409202576 -0.4903685748577118 0.009138030931353569
v 0.3457372188568115 -0.48397496342658997 -0.22780157625675201
v 0.34998810291290283 -0.4905451536178589 0.022822849452495575
v 0.3491383194923401 -0.4873691499233246 0.04221506416797638
v 0.34334486722946167 -0.46648794412612915 -0.22007793188095093
v 0.3433426022529602 -0.43779024481773376 -0.21667133271694183
v 0.34133830666542053 -0.45652568340301514 -0.20386861264705658
v 0.34557029604911804 -0.43334877490997314 -0.20379428565502167
v 0.3443669080734253 -0.41913098096847534 -0.2274903655052185
v 0.34708574414253235 -0.401451051235199 -0.006939600687474012
v 0.3430331349372864 -0.4128152132034302 0.005314801819622517
v 0.34818899631500244 -0.3900527060031891 -0.011911558918654919
v 0.34776195883750916 -0.3921973407268524 0.008240187540650368
v 0.3433842062950134 -0.4059813320636749 0.011946153827011585
v 0.344502329826355 -0.3857226073741913 -0.2429174929857254
v 0.3416871428489685 -0.3696908950805664 -0.0187174491584301
v 0.34750673174858093 -0.36338359117507935 -0.2340357005596161
v 0.3461407423019409 -0.3690258264541626 0.003158335108309984
v 0.3446335792541504 -0.3688228726387024 -0.008799626491963863
v 0.3479975759983063 -0.3295341432094574 0.03485281765460968
v 0.3459870219230652 -0.3405124545097351 -0.11629259586334229
v 0.34574973583221436 -0.3628254234790802 0.013895333744585514
v 0.3465612828731537 -0.3265106976032257 -0.16971471905708313
v 0.34921926259994507 -0.3161115050315857 -0.17167995870113373
v 0.3522195518016815 -0.3101886510848999 0.042264312505722046
v 0.3495263159275055 -0.30553653836250305 -0.02699785679578781
v 0.3381413221359253 -0.26900529861450195 -0.2624624967575073
v 0.34183621406555176 -0.1833278089761734 -0.27955949306488037
v 0.337892085313797 -0.07549044489860535 0.11469161510467529
v 0.3679167330265045 0.01779562421143055 0.09666116535663605
v 0.3525090515613556 0.13199599087238312 -0.1894645094871521
v 0.3425947427749634 0.13494078814983368 0.07445401698350906
v 0.34197285771369934 0.15715202689170837 0.06571468710899353
v 0.3515777587890625 0.17009030282497406 -0.1625715047121048
v 0.35324156284332275 0.20263217389583588 0.05469741299748421
v 0.32596731185913086 0.18613339960575104 0.038348037749528885
v 0.36207568645477295 0.264599472284317 -0.057926569133996964
v 0.33231642842292786 -0.5578294396400452 0.060975365340709686
v 0.36322763562202454 -0.5456244349479675 -0.29325398802757263
v 0.3638113737106323 -0.5497869253158569 -0.1428343802690506
v 0.3572756350040436 -0.5480176210403442 0.06617000699043274
v 0.3619428277015686 -0.5389500856399536 -0.2976682186126709
v 0.35570797324180603 -0.5379831790924072 0.07254866510629654
v 0.3603583574295044 -0.5135244727134705 -0.13385775685310364
v 0.3637749254703522 -0.5094386339187622 0.069950170814991
v 0.35003361105918884 -0.49789512157440186 -0.26746079325675964
v 0.34484970569610596 -0.49696409702301025 -0.25371962785720825
v 0.3578372597694397 -0.4944707453250885 -0.21466751396656036
v 0.358233779668808 -0.49062156677246094 -0.19577756524085999
v 0.35391345620155334 -0.4935716986656189 -0.1643775850534439
v 0.3575113117694855 -0.4950626492500305 -0.1526975929737091
v 0.3561798334121704 -0.49138301610946655 -0.05073590576648712
v 0.3640371561050415 -0.48800164461135864 -0.2498137354850769
v 0.3703451454639435 -0.4844130873680115 -0.010544122196733952
v 0.3664318323135376 -0.4903682470321655 0.03069581463932991
v 0.36005106568336487 -0.48982545733451843 0.05617174506187439
v 0.3511388301849365 -0.4117656946182251 -0.2176743745803833
v 0.35405686497688293 -0.3822227418422699 -0.22463589906692505
v 0.3537972569465637 -0.4116760492324829 -0.20238029956817627
v 0.35028520226478577 -0.4106999933719635 -0.190280020236969
v 0.3593207597732544 -0.3629187047481537 -0.190097838640213
v 0.35532036423683167 -0.3619314432144165 -0.2207101285457611
v 0.35193151235580444 -0.3551519513130188 -0.1742691844701767
v 0.35831546783447266 -0.32634446024894714 -0.18821153044700623
v 0.3475973606109619 -0.3403133749961853 -0.07121399790048599
v 0.35148748755455017 -0.3398224413394928 -0.23324641585350037
v 0.36200854182243347 -0.32757681608200073 -0.12847065925598145
v 0.3542238473892212 -0.32139506936073303 -0.23703579604625702
v 0.3423769176006317 -0.31373661756515503 -0.03525913134217262
v 0.3502199351787567 -0.3334587514400482 -0.0005494268843904138
v 0.3532783091068268 -0.3225126266479492 0.02702442929148674
v 0.34761548042297363 -0.30826619267463684 -0.16424915194511414
v 0.34931430220603943 -0.30921319127082825 -0.006373885087668896
v 0.3589325547218323 -0.2948315143585205 0.03683071956038475
v 0.35431021451950073 -0.29815006256103516 -0.24762673676013947
v 0.3572249412536621 -0.29269108176231384 -0.17284739017486572
v 0.34824833273887634 -0.3000960052013397 -0.016361311078071594
v 0.35462674498558044 -0.28772398829460144 -0.003973180428147316
v 0.3561774790287018 -0.31066444516181946 0.016821086406707764
v 0.35272008180618286 -0.28480228781700134 0.056576747447252274
v 0.36589714884757996 -0.22723914682865143 0.0785670280456543
v 0.358292818069458 -0.20713242888450623 0.09342186152935028
v 0.3659828007221222 0.08957299590110779 0.09194914996623993
v 0.34395262598991394 0.08885940164327621 -0.21517004072666168
v 0.3605213761329651 0.12676626443862915 0.0843234658241272
v 0.3594004213809967 0.16506975889205933 0.07443112879991531
v 0.3605557382106781 0.18384408950805664 -0.15797974169254303
v 0.36789071559906006 0.21460475027561188 -0.14545924961566925
v 0.33942821621894836 0.21743033826351166 -0.12583035230636597
v 0.3643682897090912 0.2601415812969208 0.01581287756562233
v 0.3701505959033966 -0.5574007034301758 -0.20106704533100128
v 0.3564077317714691 -0.5562562942504883 0.03730001673102379
v 0.3780042827129364 -0.5482991933822632 -0.28753891587257385
v 0.37573984265327454 -0.5514382123947144 -0.28006911277770996
v 0.36947906017303467 -0.5438370704650879 -0.0766090601682663
v 0.36836856603622437 -0.553950846195221 -0.06537455320358276
v 0.37036487460136414 -0.5509324073791504 0.05732719600200653
v 0.3608769476413727 -0.5301291942596436 0.0720708891749382
v 0.37145015597343445 -0.5347945094108582 -0.1350155472755432
v 0.35994601249694824 -0.5075424313545227 -0.06820137053728104
v 0.37198305130004883 -0.4908731281757355 -0.21450722217559814
v 0.3695239722728729 -0.4903661906719208 -0.16695119440555573
v 0.3744695484638214 -0.4957990050315857 -0.1513693779706955
v 0.3591134250164032 -0.4960486590862274 -0.06093922257423401
v 0.3760235607624054 -0.4810544550418854 -0.19255903363227844
v 0.35125890374183655 -0.4904975891113281 0.007999179884791374
v 0.3584137558937073 -0.48747989535331726 0.017473939806222916
v 0.3615952432155609 -0.48769503831863403 0.04775509983301163
v 0.35801416635513306 -0.37440410256385803 -0.2097051441669464
v 0.3601948022842407 -0.33481118083000183 -0.20570515096187592
v 0.3796043395996094 -0.32949742674827576 -0.10876457393169403
v 0.38323333859443665 -0.3280690610408783 -0.06476812064647675
v 0.3601306080818176 -0.32146650552749634 -0.21656396985054016
v 0.3609529137611389 -0.31543612480163574 -0.20438967645168304
v 0.35871291160583496 -0.3218396306037903 -0.2245621234178543
v 0.3560919463634491 -0.30376002192497253 -0.18153949081897736
v 0.360721230506897 -0.2995765805244446 -0.19419172406196594
v 0.3538907468318939 -0.3015471398830414 -0.15978337824344635
v 0.3581347167491913 -0.2907695472240448 -0.015573346987366676
v 0.36488085985183716 -0.2889055609703064 -0.23640096187591553
v 0.36036619544029236 -0.2797657549381256 0.007639673538506031
v 0.3642311990261078 -0.2734822630882263 0.025757241994142532
v 0.36878010630607605 -0.2665686011314392 -0.2385091483592987
v 0.36347272992134094 -0.282584547996521 -0.17309129238128662
v 0.36352649331092834 -0.2764570116996765 -0.003779598046094179
v 0.3644537627696991 -0.27113425731658936 0.004891354590654373
v 0.36600708961486816 -0.26677629351615906 0.03966140002012253
v 0.36870425939559937 -0.2536492943763733 0.052278537303209305
v 0.3643679916858673 -0.24670307338237762 -0.24803178012371063
v 0.3405437171459198 -0.1780061274766922 0.10645020753145218
v 0.36873847246170044 -0.18274204432964325 -0.2727017104625702
v 0.3684379458427429 -0.14589206874370575 -0.27987349033355713
v 0.38389351963996887 -0.06509625166654587 -0.2727755606174469
v 0.34852534532546997 -0.03322029486298561 -0.2751568555831909
v 0.3586897552013397 -0.0015925548505038023 -0.2608732581138611
v 0.3649793267250061 0.15592938661575317 -0.17436012625694275
v 0.37186601758003235 0.1599564105272293 0.08297125995159149
v 0.37523153424263 0.22999103367328644 -0.1386691778898239
v 0.34823092818260193 0.22952048480510712 0.028591511771082878
v 0.36270368099212646 -0.5586154460906982 -0.1759064942598343
v 0.352396696805954 -0.5585933923721313 -0.16340963542461395
v 0.37131261825561523 -0.5574372410774231 0.02034846507012844
v 0.3772909641265869 -0.5499916672706604 -0.14470437169075012
v 0.38793885707855225 -0.5511543154716492 0.0488419346511364
v 0.3733013868331909 -0.5504741668701172 0.07394406199455261
v 0.37340185046195984 -0.5452288389205933 0.08062241971492767
v 0.3760632872581482 -0.5268007516860962 0.0679619088768959
v 0.3684755563735962 -0.5305972099304199 -0.29807838797569275
v 0.3761861324310303 -0.5159968137741089 -0.29253724217414856
v 0.37397798895835876 -0.5018134713172913 -0.2852220833301544
v 0.37226781249046326 -0.49965354800224304 -0.060156501829624176
v 0.3741268515586853 -0.5028635859489441 -0.14410367608070374
v 0.37538912892341614 -0.5047194361686707 0.06241220235824585
v 0.3719404935836792 -0.4868254065513611 -0.043597303330898285
v 0.37565988302230835 -0.49722445011138916 0.05425020679831505
v 0.36919933557510376 -0.48843228816986084 -0.2686973214149475
v 0.3657280504703522 -0.48712658882141113 -0.26144328713417053
v 0.3756430149078369 -0.4846128523349762 -0.23181812465190887
v 0.367334246635437 -0.48368436098098755 -0.028189124539494514
v 0.3762494623661041 -0.48034191131591797 -0.0020163580775260925
v 0.37541866302490234 -0.3339989483356476 -0.09589562565088272
v 0.3680579662322998 -0.3245798647403717 -0.05104650929570198
v 0.34917813539505005 -0.3126599192619324 -0.15171374380588531
v 0.3642113506793976 -0.2984984517097473 -0.15382160246372223
v 0.36675313115119934 -0.29172033071517944 -0.22447746992111206
v 0.3639167249202728 -0.30056846141815186 -0.2141447216272354
v 0.36253491044044495 -0.2857191562652588 -0.1853502094745636
v 0.37497571110725403 -0.26474547386169434 -0.2106940895318985
v 0.36973538994789124 -0.2688555419445038 -0.18274404108524323
v 0.37329789996147156 -0.2552439570426941 0.01961124688386917
v 0.36742180585861206 -0.15106727182865143 0.11110787838697433
v 0.3688984513282776 -0.10662340372800827 0.11298713088035583
v 0.33933141827583313 0.03621463477611542 -0.2459833025932312
v 0.38200119137763977 0.09080976992845535 -0.20531892776489258
v 0.38125890493392944 0.13344353437423706 -0.1866978108882904
v 0.37752097845077515 0.1622811257839203 -0.17246262729167938
v 0.3597485423088074 0.2557043135166168 -0.0854305699467659
v 0.3858678936958313 0.28677722811698914 -0.0677335187792778
v 0.37246569991111755 0.2751884460449219 -0.002990094944834709
v 0.3903265595436096 -0.5528954267501831 -0.03682700917124748
v 0.38276156783103943 -0.550365686416626 -0.15871283411979675
v 0.3857119381427765 -0.5526886582374573 -0.05437981337308884
v 0.37834030389785767 -0.5368568301200867 -0.29560282826423645
v 0.38151562213897705 -0.5025474429130554 -0.2837597131729126
v 0.38460272550582886 -0.4969881772994995 -0.2754369378089905
v 0.38244765996932983 -0.487953782081604 -0.2526007294654846
v 0.37523478269577026 -0.48640450835227966 -0.24193207919597626
v 0.3894834816455841 -0.4803241789340973 -0.21691687405109406
v 0.3888145387172699 -0.47417527437210083 -0.193487286567688
v 0.3780950605869293 -0.4801766574382782 0.016807109117507935
v 0.3785313069820404 -0.33310791850090027 -0.0809960588812828
v 0.37323659658432007 -0.3062444031238556 -0.03282156214118004
v 0.37801042199134827 -0.27950435876846313 -0.013855214230716228
v 0.3789125382900238 -0.25435522198677063 -0.21726475656032562
v 0.3768075406551361 -0.2573089003562927 -0.18674631416797638
v 0.3734632730484009 -0.2620573043823242 0.004554812330752611
v 0.3776262104511261 -0.24346359074115753 -0.23319076001644135
v 0.38180994987487793 -0.24903741478919983 0.015560369938611984
v 0.3890031576156616 -0.23018449544906616 -0.22695983946323395
v 0.3790445923805237 -0.2425830215215683 0.04653139039874077
v 0.3769155442714691 -0.23441952466964722 0.06352594494819641
v 0.36758628487586975 -0.21889056265354156 -0.2566893398761749
v 0.38810083270072937 -0.17550599575042725 0.10029597580432892
v 0.37983396649360657 -0.0425247885286808 0.10479018092155457
v 0.37945249676704407 0.04468078911304474 -0.23107095062732697
v 0.37863561511039734 0.12776833772659302 0.09055151790380478
v 0.38903650641441345 0.16289032995700836 -0.17414598166942596
v 0.38805338740348816 0.22094060480594635 -0.14929063618183136
v 0.384348064661026 0.250283807516098 -0.12627491354942322
v 0.3725477457046509 0.2562909722328186 -0.10722952336072922
v 0.37833333015441895 0.26138222217559814 0.042823001742362976
v 0.3732207715511322 0.2620692253112793 0.15056030452251434
v 0.3799755573272705 0.27889102697372437 0.13705691695213318
v 0.3723120093345642 0.2750646471977234 0.14560478925704956
v 0.37445691227912903 0.2715301215648651 0.15442027151584625
v 0.3953930139541626 -0.5467126369476318 -0.27385517954826355
v 0.40286770462989807 -0.5462839007377625 -0.15378092229366302
v 0.38572990894317627 -0.5474963188171387 0.058692801743745804
v 0.3816438317298889 -0.5466992259025574 0.07494810223579407
v 0.3829973042011261 -0.5382510423660278 -0.07100296020507812
v 0.38815203309059143 -0.5337546467781067 0.06081787496805191
v 0.3886905610561371 -0.5392361283302307 -0.13318538665771484
v 0.38935863971710205 -0.5111997127532959 -0.2837330400943756
v 0.37490972876548767 -0.5303506851196289 -0.07554113119840622
v 0.3889930248260498 -0.5063044428825378 -0.05427014082670212
v 0.38871100544929504 -0.5105642676353455 0.0484393835067749
v 0.38599395751953125 -0.48043447732925415 -0.029936963692307472
v 0.38567420840263367 -0.48281702399253845 -0.1617000252008438
v 0.3869878053665161 -0.47778791189193726 -0.016400646418333054
v 0.38841360807418823 -0.48220038414001465 0.014846489764750004
v 0.3814180791378021 -0.2698861360549927 -0.16591614484786987
v 0.38165047764778137 -0.2516934871673584 -0.19592611491680145
v 0.38928788900375366 -0.24057608842849731 -0.21218574047088623
v 0.38618338108062744 -0.23852522671222687 0.030204294249415398
v 0.38402366638183594 -0.2190203219652176 -0.2440030723810196
v 0.3948354125022888 -0.1980314403772354 0.08905245363712311
v 0.3860243260860443 -0.14065644145011902 0.1081426814198494
v 0.39168697595596313 -0.02091776207089424 -0.25936317443847656
v 0.37752336263656616 0.05079767107963562 0.09499163925647736
v 0.3939540386199951 0.09962421655654907 0.09615596383810043
v 0.40167859196662903 0.11161433160305023 -0.19356022775173187
v 0.38267624378204346 0.2033449113368988 0.07977079600095749
v 0.38403698801994324 0.22676298022270203 0.16877755522727966
v 0.386545866727829 0.22861267626285553 0.16100609302520752
v 0.38757777214050293 0.24322500824928284 0.1527814269065857
v 0.38373875617980957 0.2437172383069992 0.1610564887523651
v 0.39879968762397766 0.23699091374874115 0.14793315529823303
v 0.382386177778244 0.2601902186870575 0.16101881861686707
v 0.3804650604724884 0.2686222493648529 0.1381588876247406
v 0.4032055735588074 0.27263790369033813 0.16459350287914276
v 0.37946808338165283 0.28940245509147644 0.14553287625312805
v 0.39447882771492004 -0.5546592473983765 -0.21924258768558502
v 0.40699565410614014 -0.5557927489280701 -0.1844591349363327
v 0.38072094321250916 -0.5578873753547668 -0.1805335432291031
v 0.39749306440353394 -0.551838219165802 -0.2502090334892273
v 0.39112529158592224 -0.5483013987541199 -0.13524915277957916
v 0.3843677341938019 -0.5469524264335632 -0.06546099483966827
v 0.3971279263496399 -0.5540844202041626 0.02867908962070942
v 0.39746683835983276 -0.5476953983306885 0.053643032908439636
v 0.3999180495738983 -0.5373364686965942 0.05711426958441734
v 0.4002787172794342 -0.5288763642311096 -0.2781875729560852
v 0.4033927321434021 -0.535462498664856 -0.14320936799049377
v 0.3967321217060089 -0.5362094640731812 -0.05783870071172714
v 0.40616291761398315 -0.5175799131393433 -0.2697484493255615
v 0.39558863639831543 -0.5271982550621033 -0.057906441390514374
v 0.3864206373691559 -0.5208648443222046 -0.13932093977928162
v 0.39324435591697693 -0.49823200702667236 -0.14716102182865143
v 0.38170528411865234 -0.4986030161380768 0.04245641455054283
v 0.38820481300354004 -0.49418091773986816 0.032794903963804245
v 0.3932307958602905 -0.49327704310417175 -0.25671395659446716
v 0.3923815190792084 -0.48929500579833984 -0.15210317075252533
v 0.39812687039375305 -0.48985016345977783 -0.03342340886592865
v 0.40143945813179016 -0.4813203811645508 -0.015004931017756462
v 0.39809373021125793 -0.4895888864994049 0.0187789686024189
v 0.39436641335487366 -0.4786776602268219 -0.23871946334838867
v 0.39538508653640747 -0.4730815887451172 -0.19512119889259338
v 0.3964897394180298 -0.4834255278110504 -0.16229189932346344
v 0.38371697068214417 -0.2613048851490021 0.0008861645474098623
v 0.3931773900985718 -0.24285778403282166 -0.18846459686756134
v 0.39704328775405884 -0.2286858856678009 0.03645506873726845
v 0.39061790704727173 -0.21876183152198792 0.0710887610912323
v 0.40667852759361267 -0.08862421661615372 0.10354753583669662
v 0.3891504406929016 -0.010439615696668625 0.09911729395389557
v 0.39047524333000183 0.030621107667684555 0.09574849903583527
v 0.3882693648338318 0.20519497990608215 0.1688699573278427
v 0.39066973328590393 0.1960126757621765 0.17673876881599426
v 0.396893709897995 0.20305223762989044 0.18162591755390167
v 0.3964071571826935 0.21217475831508636 0.16024309396743774
v 0.38939207792282104 0.2183844894170761 0.17693482339382172
v 0.3862050175666809 0.24040105938911438 0.17063385248184204
v 0.39884087443351746 0.21676671504974365 0.18084071576595306
v 0.38811466097831726 0.2505471110343933 0.16811080276966095
v 0.3977457284927368 0.24483950436115265 0.0750037431716919
v 0.39916014671325684 0.27614620327949524 0.1277626007795334
v 0.39167991280555725 0.27725842595100403 -0.10163186490535736
v 0.4002918004989624 0.30974090099334717 0.006296074483543634
v 0.3867277503013611 0.2965301275253296 0.13738854229450226
v 0.38879379630088806 0.29338181018829346 0.1538817435503006
v 0.4187171459197998 -0.5505141019821167 -0.167876735329628
v 0.40219295024871826 -0.5466868877410889 -0.04893287271261215
v 0.41007426381111145 -0.5497869849205017 -0.03531415015459061
v 0.4073096811771393 -0.5488360524177551 0.04330388456583023
v 0.41300201416015625 -0.5469992160797119 0.05627858266234398
v 0.399370938539505 -0.5383912324905396 -0.2794848382472992
v 0.40488314628601074 -0.5262561440467834 -0.05285482853651047
v 0.40407878160476685 -0.5062264204025269 -0.26211974024772644
v 0.4056325852870941 -0.5191478133201599 -0.14508089423179626
v 0.4107758402824402 -0.5199052691459656 -0.043470438569784164
v 0.4057774543762207 -0.49523141980171204 0.004893239121884108
v 0.4062999486923218 -0.4907187223434448 -0.16012558341026306
v 0.403763085603714 -0.47915753722190857 -0.21715833246707916
v 0.4154997169971466 -0.31525638699531555 -0.06271004676818848
v 0.4261712431907654 -0.2720956802368164 -0.14283236861228943
v 0.39803943037986755 -0.2510950267314911 -0.17371401190757751
v 0.41027846932411194 -0.18947868049144745 0.08619721978902817
v 0.3953993320465088 -0.19110850989818573 -0.2598874270915985
v 0.4068848192691803 -0.011610813438892365 -0.2509070932865143
v 0.4017418920993805 0.00670047989115119 0.09580527245998383
v 0.39790210127830505 0.17741623520851135 0.17689166963100433
v 0.39499807357788086 0.19009612500667572 0.16855326294898987
v 0.39727240800857544 0.18623127043247223 0.1806938797235489
v 0.40723559260368347 0.17153368890285492 0.18555761873722076
v 0.4055449962615967 0.19238728284835815 0.18487119674682617
v 0.40296220779418945 0.2505667507648468 0.17533181607723236
v 0.4100845754146576 0.26927271485328674 -0.1276109218597412
v 0.3991260528564453 0.29260116815567017 0.12667343020439148
v 0.41628628969192505 0.30780136585235596 -0.09555725753307343
v 0.3983500301837921 0.29421672224998474 0.03985423967242241
v 0.4092683494091034 0.3047625422477722 0.12426462769508362
v 0.39271920919418335 0.3008365035057068 -0.01823453977704048
v 0.40610063076019287 0.32084158062934875 0.15323302149772644
v 0.4022897779941559 0.3082379102706909 0.02463623322546482
v 0.42013218998908997 -0.5551954507827759 -0.2332363873720169
v 0.41634103655815125 -0.5556695461273193 -0.012156874872744083
v 0.4196015000343323 -0.5467974543571472 -0.27299830317497253
v 0.4100719690322876 -0.5541359186172485 -0.2125842124223709
v 0.403037428855896 -0.5564515590667725 0.013915001414716244
v 0.4175702631473541 -0.5482275485992432 0.05180070549249649
v 0.40641388297080994 -0.5370962619781494 -0.05453526973724365
v 0.40574759244918823 -0.530606746673584 0.05043882504105568
v 0.40387481451034546 -0.5188404321670532 0.04129273071885109
v 0.4113553762435913 -0.49959999322891235 -0.15848200023174286
v 0.40339139103889465 -0.5009878873825073 0.027684258297085762
v 0.41063275933265686 -0.49230214953422546 -0.010988731868565083
v 0.4121951758861542 -0.4785892963409424 -0.18722274899482727
v 0.3926079571247101 -0.2420179694890976 0.018971845507621765
v 0.40944117307662964 -0.22110983729362488 -0.2130829244852066
v 0.40519094467163086 -0.168598473072052 -0.26348677277565
v 0.40231895446777344 -0.040308598428964615 0.09850914031267166
v 0.4274628162384033 -0.012442465871572495 0.09044155478477478
v 0.41356897354125977 0.15125291049480438 -0.1804477423429489
v 0.3911084830760956 0.15384754538536072 0.09296233206987381
v 0.4069828689098358 0.17631593346595764 0.16713158786296844
v 0.4207899868488312 0.1572127789258957 0.1903505176305771
v 0.4212622046470642 0.2631998658180237 0.08503054827451706
v 0.4090484380722046 0.2534734010696411 0.13343024253845215
v 0.4071539640426636 0.2611510455608368 -0.2242870330810547
v 0.40821573138237 0.2630044221878052 -0.21530893445014954
v 0.40852659940719604 0.2764366567134857 -0.22454309463500977
v 0.4141698479652405 0.2854580283164978 0.12260251492261887
v 0.40801385045051575 0.27743422985076904 -0.2168930023908615
v 0.411681592464447 0.32737332582473755 -0.01630350574851036
v 0.40479573607444763 0.3230500817298889 0.1374986618757248
v 0.4054151773452759 0.32565444707870483 0.14541514217853546
v 0.43615660071372986 -0.5507960915565491 -0.009305465035140514
v 0.4210970997810364 -0.5462630987167358 -0.259753942489624
v 0.41966938972473145 -0.5472564101219177 -0.15933534502983093
v 0.4215400218963623 -0.5469610095024109 -0.05168847739696503
v 0.4233379065990448 -0.5474494099617004 -0.04384360462427139
v 0.4226433336734772 -0.5460978746414185 -0.027298707515001297
v 0.4180619418621063 -0.5499571561813354 0.02908555045723915
v 0.42700135707855225 -0.5425527691841125 -0.272772878408432
v 0.42386627197265625 -0.5352732539176941 -0.15335765480995178
v 0.4156089127063751 -0.5404156446456909 0.04489795118570328
v 0.4154070317745209 -0.5372177362442017 0.05284673348069191
v 0.4183357357978821 -0.5392217040061951 -0.27658435702323914
v 0.4247290790081024 -0.5375156402587891 -0.26707202196121216
v 0.4210262596607208 -0.5384687781333923 -0.051734402775764465
v 0.4185927212238312 -0.5262318253517151 -0.03727063164114952
v 0.41975006461143494 -0.5379107594490051 0.03771212324500084
v 0.4221799969673157 -0.526176393032074 0.026691345497965813
v 0.4176160991191864 -0.5191344022750854 -0.25447791814804077
v 0.42036712169647217 -0.5196444392204285 0.020459774881601334
v 0.4084855616092682 -0.4850398302078247 -0.2384478598833084
v 0.4277201294898987 -0.507457435131073 -0.175395667552948
v 0.4079395532608032 -0.49040329456329346 -0.02079964429140091
v 0.4222339987754822 -0.49414926767349243 -0.2234666645526886
v 0.4143310487270355 -0.4840410649776459 -0.21779915690422058
v 0.4270496070384979 -0.31302520632743835 -0.07367122173309326
v 0.4308415651321411 -0.28799089789390564 -0.12237510830163956
v 0.4006553292274475 -0.3089507520198822 -0.04346310719847679
v 0.40238091349601746 -0.2971924841403961 -0.13271746039390564
v 0.40866759419441223 -0.2845447063446045 -0.02183607779443264
v 0.4181056022644043 -0.23758108913898468 0.017022836953401566
v 0.42243415117263794 -0.21505975723266602 -0.20821373164653778
v 0.41376081109046936 -0.21731515228748322 0.042163945734500885
v 0.4184389114379883 -0.20806102454662323 0.05216645821928978
v 0.4269591271877289 -0.18341228365898132 -0.2446705847978592
v 0.43200841546058655 -0.16341711580753326 -0.2534334659576416
v 0.38588234782218933 -0.12339702248573303 -0.2751922011375427
v 0.4207087457180023 -0.03721914067864418 -0.2537783682346344
v 0.4169468581676483 0.025507180020213127 0.09416840970516205
v 0.4046432673931122 0.12520134449005127 0.09786864370107651
v 0.41197413206100464 0.155166357755661 0.17632199823856354
v 0.4065641462802887 0.20691126585006714 0.093314029276371
v 0.41652557253837585 0.21983899176120758 -0.23411299288272858
v 0.4188480079174042 0.22645550966262817 -0.15380612015724182
v 0.4182632565498352 0.24183359742164612 -0.2339497208595276
v 0.41553759574890137 0.2440134882926941 -0.22234931588172913
v 0.41384226083755493 0.26797857880592346 -0.23217447102069855
v 0.43052008748054504 0.25549784302711487 -0.1956498920917511
v 0.4235859513282776 0.2562330663204193 0.18265387415885925
v 0.4195980131626129 0.28564193844795227 -0.19827473163604736
v 0.41215944290161133 0.2764466404914856 -0.20900653302669525
v 0.4207129180431366 0.29361942410469055 -0.22493235766887665
v 0.41734692454338074 0.29944971203804016 -0.21486875414848328
v 0.40551525354385376 0.29435476660728455 0.05252774432301521
v 0.42725956439971924 0.33896008133888245 0.045222196727991104
v 0.43177860975265503 0.3492492437362671 -0.06307301670312881
v 0.4053567349910736 0.3121846616268158 0.12880516052246094
v 0.41174134612083435 0.3245558440685272 -0.0429358035326004
v 0.425578773021698 0.34293147921562195 0.1287616342306137
v 0.42602354288101196 0.3412016034126282 0.16185881197452545
v 0.4214201271533966 0.34777745604515076 0.14697834849357605
v 0.42409107089042664 -0.5564900040626526 -0.19701288640499115
v 0.4367392659187317 -0.5475406646728516 -0.25006112456321716
v 0.4320903420448303 -0.5495915412902832 -0.23364998400211334
v 0.42916810512542725 -0.5557534694671631 -0.19007430970668793
v 0.4281485378742218 -0.5502570271492004 -0.1741584986448288
v 0.4320860505104065 -0.5477133989334106 0.004071349743753672
v 0.42103585600852966 -0.55229651927948 0.012458094395697117
v 0.43792372941970825 -0.5478323698043823 0.0286371111869812
v 0.4385051727294922 -0.5408791303634644 -0.15765832364559174
v 0.4246377646923065 -0.538404643535614 -0.04322957247495651
v 0.4228854179382324 -0.538449227809906 -0.03538073971867561
v 0.42683300375938416 -0.5347029566764832 -0.025647712871432304
v 0.428329199552536 -0.5379651188850403 -0.25454840064048767
v 0.43099498748779297 -0.5307381749153137 -0.23910899460315704
v 0.419635146856308 -0.5151436924934387 -0.024542219936847687
v 0.4272301495075226 -0.5209051966667175 -0.011726236902177334
v 0.43028420209884644 -0.5364350080490112 0.012896775268018246
v 0.4273482859134674 -0.5213101506233215 -0.002632620045915246
v 0.42687147855758667 -0.4999918043613434 -0.2115294188261032
v 0.4252491295337677 -0.31274229288101196 -0.0920959934592247
v 0.41117528080940247 -0.31128713488578796 -0.11208251118659973
v 0.4227621853351593 -0.3005158007144928 -0.04568595439195633
v 0.4114229083061218 -0.23164482414722443 -0.18966728448867798
v 0.4438410997390747 -0.18463364243507385 -0.22463949024677277
v 0.4169691801071167 -0.17582263052463531 -0.25614288449287415
v 0.43224266171455383 -0.1635662466287613 0.08806666731834412
v 0.439956396818161 -0.13691973686218262 0.09212761372327805
v 0.4380700886249542 -0.13693633675575256 -0.2532911002635956
v 0.42715024948120117 -0.08463462442159653 0.09738369286060333
v 0.40738654136657715 0.07088645547628403 -0.20864801108837128
v 0.4169239401817322 0.07720407843589783 0.09808534383773804
v 0.43556541204452515 0.09610282629728317 -0.1933329552412033
v 0.4422186017036438 0.11480712890625 0.1028815507888794
v 0.4159846603870392 0.1491313874721527 0.18451076745986938
v 0.4357393682003021 0.13006287813186646 0.18467740714550018
v 0.4386027157306671 0.13482849299907684 0.17679113149642944
v 0.43349331617355347 0.1506275087594986 0.1937612146139145
v 0.4296204447746277 0.15620119869709015 0.1678934097290039
v 0.422759473323822 0.18725240230560303 0.1586633324623108
v 0.4299592971801758 0.1764553189277649 -0.23266512155532837
v 0.4193241000175476 0.20499280095100403 -0.23232513666152954
v 0.4302007257938385 0.19141864776611328 -0.2381124198436737
v 0.4210909605026245 0.21106962859630585 -0.22381597757339478
v 0.4310671091079712 0.20555844902992249 -0.1634964495897293
v 0.42986446619033813 0.2007514238357544 0.10343165695667267
v 0.41263246536254883 0.237277552485466 0.18063519895076752
v 0.4247076213359833 0.27483895421028137 -0.23367559909820557
v 0.4223875403404236 0.24163995683193207 -0.21423885226249695
v 0.41822880506515503 0.2509922683238983 -0.142975851893425
v 0.4292091131210327 0.2655242383480072 0.12913544476032257
v 0.4275984764099121 0.2722136378288269 -0.1866142451763153
v 0.4414561986923218 0.2928752303123474 -0.13336490094661713
v 0.4321267604827881 0.31661951541900635 -0.2164878100156784
v 0.42593055963516235 0.3148093819618225 -0.20831841230392456
v 0.4382050335407257 0.34282442927360535 -0.0876680463552475
v 0.4122692346572876 0.316050261259079 -0.07222822308540344
v 0.42740947008132935 0.32981348037719727 0.12138828635215759
v 0.41793909668922424 0.3362862765789032 0.010671276599168777
v 0.43017685413360596 0.35948026180267334 0.0021296082995831966
v 0.42600110173225403 0.3511725664138794 0.13707542419433594
v 0.4355130195617676 -0.5476059317588806 -0.2192668318748474
v 0.4384614825248718 -0.5534595251083374 -0.1986500769853592
v 0.44177955389022827 -0.5465400218963623 -0.1898191273212433
v 0.43176499009132385 -0.5462722778320312 0.012715140357613564
v 0.4426085352897644 -0.5445456504821777 -0.012003323994576931
v 0.43402206897735596 -0.5391507148742676 0.029032418504357338
v 0.4379950761795044 -0.539520263671875 -0.24744822084903717
v 0.4374827742576599 -0.5172720551490784 -0.19678166508674622
v 0.4332892596721649 -0.5115198493003845 -0.18425174057483673
v 0.4238770008087158 -0.4908547103404999 -0.1897830218076706
v 0.440097451210022 -0.3039284944534302 -0.08663471043109894
v 0.4383198320865631 -0.30361461639404297 -0.06528031826019287
v 0.44924280047416687 -0.29172876477241516 -0.09918089210987091
v 0.4388715922832489 -0.19702425599098206 -0.21559171378612518
v 0.4143126606941223 -0.1980002224445343 0.07475712895393372
v 0.44932740926742554 -0.15491808950901031 -0.24512097239494324
v 0.45224037766456604 -0.14448940753936768 0.08380807191133499
v 0.42901313304901123 -0.10770725458860397 0.09862462431192398
v 0.4396783709526062 -0.09075816720724106 -0.2528303563594818
v 0.43941980600357056 -0.057845018804073334 -0.24957165122032166
v 0.4342665672302246 -0.049915611743927 0.08704553544521332
v 0.4422434866428375 0.016522007063031197 0.08952945470809937
v 0.44443899393081665 0.042625922709703445 0.09283366054296494
v 0.4351736009120941 0.1380019634962082 0.19332973659038544
v 0.42855381965637207 0.21656939387321472 -0.24000728130340576
v 0.43238115310668945 0.17118918895721436 0.10509973019361496
v 0.4253624379634857 0.22685804963111877 0.14584307372570038
v 0.44533926248550415 0.249678835272789 0.10224214196205139
v 0.4372429847717285 0.24786978960037231 -0.23624463379383087
v 0.4455708861351013 0.2748498022556305 0.09713393449783325
v 0.4468717575073242 0.2753771245479584 -0.2347598671913147
v 0.4297582805156708 0.28698083758354187 -0.1772514432668686
v 0.43301594257354736 0.30653297901153564 -0.22333434224128723
v 0.42827850580215454 0.30094292759895325 -0.18112342059612274
v 0.42535704374313354 0.30218175053596497 0.11988826841115952
v 0.44723814725875854 0.3175501823425293 -0.16835612058639526
v 0.4133751690387726 0.2812232971191406 0.07059645652770996
v 0.4279629588127136 0.31164008378982544 -0.19157852232456207
v 0.4386986196041107 0.322818398475647 0.11895481497049332
v 0.4126713275909424 0.31544336676597595 0.1613006889820099
v 0.4355786144733429 0.3354588449001312 0.06520888209342957
v 0.4356394112110138 0.3360446095466614 0.17077188193798065
v 0.4327648878097534 0.36653855443000793 -0.018334630876779556
v 0.4331152141094208 0.3579459488391876 0.027514223009347916
v 0.44332876801490784 0.38308656215667725 0.029401011765003204
v 0.43906810879707336 -0.546697735786438 -0.24448256194591522
v 0.4397895038127899 -0.5508041381835938 -0.2091572880744934
v 0.4389804005622864 -0.5477575063705444 -0.15958546102046967
v 0.44081777334213257 -0.5463613867759705 -0.004239478148519993
v 0.4400823414325714 -0.5387363433837891 -0.18487927317619324
v 0.4390718638896942 -0.5382766723632812 -0.17594455182552338
v 0.4376724064350128 -0.5374717712402344 -0.003365659387782216
v 0.43653127551078796 -0.5363675951957703 -0.2253248244524002
v 0.4395042359828949 -0.5281592011451721 -0.1884070187807083
v 0.4344511330127716 -0.5280618667602539 -0.16652755439281464
v 0.45494699478149414 -0.2700482904911041 -0.028378760442137718
v 0.4505353569984436 -0.24632228910923004 -0.15637266635894775
v 0.43872714042663574 -0.26566770672798157 -0.012562661431729794
v 0.45063284039497375 -0.2222893387079239 -0.1804538518190384
v 0.4334086775779724 -0.2276739925146103 0.021725798025727272
v 0.44215577840805054 -0.20059821009635925 0.04203803092241287
v 0.4561731517314911 -0.1759050488471985 0.051212966442108154
v 0.4451330900192261 -0.16926200687885284 0.07433725148439407
v 0.43817606568336487 -0.01416840497404337 -0.23808471858501434
v 0.4321622848510742 0.028592148795723915 -0.21823717653751373
v 0.4177386164665222 0.0482572540640831 -0.2151409089565277
v 0.4508398771286011 0.08101631700992584 0.0988675057888031
v 0.44947516918182373 0.12183637171983719 0.18456391990184784
v 0.44042515754699707 0.1443084180355072 -0.18101662397384644
v 0.4473632872104645 0.15973792970180511 -0.23672053217887878
v 0.43872934579849243 0.16327977180480957 -0.22373296320438385
v 0.4472792446613312 0.16606532037258148 -0.21645671129226685
v 0.43735969066619873 0.19025886058807373 0.19041386246681213
v 0.43835389614105225 0.22183547914028168 -0.20926018059253693
v 0.46148979663848877 0.25990206003189087 0.1976519227027893
v 0.4477747678756714 0.23423361778259277 0.14564967155456543
v 0.4400253891944885 0.27526840567588806 -0.17685894668102264
v 0.45135554671287537 0.2959095537662506 -0.16811633110046387
v 0.44110897183418274 0.30381596088409424 -0.16918277740478516
v 0.4443036615848541 0.3096435070037842 -0.22196833789348602
v 0.4293108284473419 0.3000253438949585 0.1711656004190445
v 0.4213674068450928 0.30029296875 -0.11140350997447968
v 0.44863471388816833 0.32776206731796265 -0.21666158735752106
v 0.4439021050930023 0.32713019847869873 -0.17657087743282318
v 0.44228076934814453 0.30577221512794495 0.08693558722734451
v 0.4343724250793457 0.32847025990486145 -0.19985830783843994
v 0.44072386622428894 0.33441829681396484 0.11855928599834442
v 0.4373016357421875 0.3299393653869629 -0.20950789749622345
v 0.45364996790885925 0.352075457572937 -0.1933014839887619
v 0.4496307671070099 0.3774121403694153 0.1456936150789261
v 0.4396686255931854 0.3641307055950165 0.04318278282880783
v 0.4321253299713135 0.36107173562049866 -0.03892140835523605
v 0.45526495575904846 -0.5475407242774963 -0.20807898044586182
v 0.45116016268730164 -0.5382542610168457 -0.2005261480808258
v 0.4503266215324402 -0.5379589796066284 -0.2092055082321167
v 0.4623354971408844 -0.28449851274490356 -0.07886459678411484
v 0.4577779769897461 -0.2663494348526001 -0.12797826528549194
v 0.4590493440628052 -0.20332631468772888 0.028279894962906837
v 0.45064616203308105 -0.207869753241539 -0.19750967621803284
v 0.4576795697212219 -0.15197640657424927 0.07358825206756592
v 0.4461861848831177 -0.12147402763366699 0.09175155311822891
v 0.44721323251724243 -0.09806235134601593 0.09117142856121063
v 0.47834134101867676 -0.08623136579990387 -0.2309640794992447
v 0.4490428864955902 -0.062445055693387985 0.08110665529966354
v 0.44450950622558594 0.1267949491739273 0.19301076233386993
v 0.4549219012260437 0.12682804465293884 0.17784427106380463
v 0.46134597063064575 0.13035669922828674 -0.18031641840934753
v 0.459572970867157 0.13484607636928558 -0.2235824018716812
v 0.44452041387557983 0.15280883014202118 -0.23202396929264069
v 0.4427385628223419 0.19050490856170654 0.15423418581485748
v 0.4411053955554962 0.17948511242866516 -0.17178085446357727
v 0.45343083143234253 0.21151207387447357 -0.20539839565753937
v 0.44927093386650085 0.2420267015695572 -0.19430598616600037
v 0.46605226397514343 0.23893417418003082 -0.23300164937973022
v 0.44668012857437134 0.25249183177948 -0.15147839486598969
v 0.453563392162323 0.2683044970035553 0.13381852209568024
v 0.45461153984069824 0.33365827798843384 0.119642473757267
v 0.45315802097320557 0.3450410068035126 -0.20908775925636292
v 0.4587210714817047 0.3499807119369507 -0.17927926778793335
v 0.4521576762199402 0.3559732139110565 0.07495099306106567
v 0.4423977732658386 0.3347853422164917 -0.10308492928743362
v 0.44710585474967957 0.3615892827510834 0.12790459394454956
v 0.44698381423950195 0.34479859471321106 -0.20066525042057037
v 0.44580334424972534 0.37523338198661804 -0.06477092951536179
v 0.4496157765388489 0.37275680899620056 0.16089610755443573
v 0.45372119545936584 0.4137096703052521 0.026956768706440926
v 0.45831286907196045 -0.24828404188156128 -0.007633434142917395
v 0.47223562002182007 -0.23935765027999878 -0.14547479152679443
v 0.46080005168914795 -0.16584937274456024 -0.22803476452827454
v 0.46073636412620544 -0.11276350915431976 0.08096648752689362
v 0.4669981598854065 -0.06614388525485992 0.07092703133821487
v 0.44759833812713623 -0.027632445096969604 -0.23812666535377502
v 0.46579164266586304 -0.03200187161564827 -0.2278013527393341
v 0.45966458320617676 0.002852075733244419 -0.21478897333145142
v 0.44642284512519836 0.06501345336437225 -0.1987297683954239
v 0.46990397572517395 0.11289026588201523 0.18412405252456665
v 0.46853408217430115 0.11138555407524109 0.1931113302707672
v 0.46572375297546387 0.15934321284294128 0.1637420654296875
v 0.45137256383895874 0.1728932112455368 -0.2382720708847046
v 0.4764951467514038 0.16172757744789124 -0.20616544783115387
v 0.4471653699874878 0.21101941168308258 0.14952197670936584
v 0.47365936636924744 0.20349381864070892 0.2004522979259491
v 0.46252351999282837 0.24198679625988007 0.14753586053848267
v 0.4647566080093384 0.2520788908004761 0.10980263352394104
v 0.46635279059410095 0.29548364877700806 -0.2206157147884369
v 0.464741051197052 0.28844916820526123 0.13302038609981537
v 0.4682171046733856 0.31933337450027466 0.10438686609268188
v 0.44771623611450195 0.2917090654373169 0.12501075863838196
v 0.4581374228000641 0.288809210062027 0.1921190470457077
v 0.4631875157356262 0.3150322735309601 0.12758299708366394
v 0.4608233869075775 0.3404461145401001 -0.11784499883651733
v 0.47133904695510864 0.36555013060569763 -0.11107281595468521
v 0.4545769989490509 0.3504177927970886 0.1208379939198494
v 0.45528754591941833 0.35432806611061096 0.17578241229057312
v 0.4690282940864563 0.3876025378704071 0.1332271546125412
v 0.4578234851360321 0.37507858872413635 0.07463441789150238
v 0.44998759031295776 0.37363171577453613 0.13713979721069336
v 0.4465065896511078 0.37351977825164795 0.15335673093795776
v 0.4481404721736908 0.3777157664299011 0.05346132814884186
v 0.46300747990608215 0.41399577260017395 -0.06545902043581009
v 0.441596120595932 0.38717398047447205 -0.03176622837781906
v 0.4682595133781433 -0.27397841215133667 -0.0960240587592125
v 0.46283361315727234 -0.27633458375930786 -0.04830489680171013
v 0.4766000807285309 -0.24905981123447418 -0.026070816442370415
v 0.472709059715271 -0.18917591869831085 0.02697651833295822
v 0.4673071801662445 -0.21099823713302612 -0.18165217339992523
v 0.4638761281967163 -0.18019291758537292 -0.20993676781654358
v 0.47108951210975647 -0.1649741232395172 0.042467452585697174
v 0.4652225971221924 -0.13654674589633942 0.070779949426651
v 0.46892091631889343 -0.0797513797879219 0.06866057217121124
v 0.4749675989151001 -0.023271353915333748 0.07399839162826538
v 0.46231088042259216 0.04858788847923279 -0.19683915376663208
v 0.4660991430282593 0.12921161949634552 -0.23215985298156738
v 0.46029728651046753 0.12684637308120728 0.19898174703121185
v 0.4684511721134186 0.1369490921497345 -0.21605776250362396
v 0.45708167552948 0.13416944444179535 0.17367655038833618
v 0.46949276328086853 0.1619575470685959 0.20274165272712708
v 0.45824742317199707 0.20798420906066895 -0.23790325224399567
v 0.46834510564804077 0.228417307138443 -0.19558750092983246
v 0.4722317159175873 0.23003123700618744 0.11310321092605591
v 0.46441125869750977 0.24998417496681213 -0.15610025823116302
v 0.4712885320186615 0.31197285652160645 -0.2163303792476654
v 0.46198412775993347 0.31603261828422546 -0.1666734218597412
v 0.4712790250778198 0.33396345376968384 -0.16626696288585663
v 0.4688582718372345 0.3437787890434265 0.11934833228588104
v 0.459078848361969 0.335147887468338 -0.16891340911388397
v 0.46984925866127014 0.3552383780479431 -0.20947293937206268
v 0.4608529210090637 0.34243375062942505 -0.1714324951171875
v 0.4624902904033661 0.3590630292892456 -0.200570747256279
v 0.46358194947242737 0.40573009848594666 0.07146500796079636
v 0.4702696204185486 0.3861173689365387 0.09206507354974747
v 0.46710264682769775 0.441127210855484 0.03278616443276405
v 0.46521565318107605 0.4394509494304657 -0.005019791889935732
v 0.47811320424079895 -0.21683228015899658 0.0019512235885486007
v 0.4743700325489044 -0.14927399158477783 -0.2261311560869217
v 0.4716963469982147 -0.14735738933086395 0.052055105566978455
v 0.4808194637298584 -0.08986014872789383 0.052866313606500626
v 0.46843013167381287 0.018705835565924644 -0.20286348462104797
v 0.4850412607192993 0.1139189749956131 -0.22377385199069977
v 0.4821654260158539 0.11393406987190247 0.2000548094511032
v 0.47197824716567993 0.16046454012393951 -0.1742129772901535
v 0.47291767597198486 0.165811225771904 0.11152592301368713
v 0.48303675651550293 0.17173410952091217 0.16064997017383575
v 0.47820815443992615 0.20510126650333405 -0.19888761639595032
v 0.4727117717266083 0.2125621885061264 -0.1648212969303131
v 0.4704456925392151 0.25709599256515503 0.1470220685005188
v 0.4725894331932068 0.26604902744293213 -0.2287687212228775
v 0.4756884276866913 0.2707611620426178 -0.17783544957637787
v 0.4567016363143921 0.284171998500824 -0.14506471157073975
v 0.48915326595306396 0.26781293749809265 -0.2263309806585312
v 0.4864428639411926 0.30969271063804626 0.1461321860551834
v 0.4711843729019165 0.3223796784877777 0.13106153905391693
v 0.4706591069698334 0.3388272523880005 0.10321443527936935
v 0.47121280431747437 0.33084726333618164 0.12619848549365997
v 0.4751942753791809 0.34185200929641724 0.11975390464067459
v 0.48018911480903625 0.3505958914756775 -0.1661410927772522
v 0.48039987683296204 0.34555137157440186 -0.12954236567020416
v 0.47490018606185913 0.3580818474292755 0.10600680857896805
v 0.4690444767475128 0.36698681116104126 -0.19001151621341705
v 0.4755702316761017 0.36302489042282104 0.11381665617227554
v 0.46767091751098633 0.3639281988143921 0.12082153558731079
v 0.4762348532676697 0.3765496611595154 0.11652819067239761
v 0.4700293242931366 0.38116100430488586 0.17655883729457855
v 0.46284347772598267 0.3742918074131012 -0.09544005990028381
v 0.4758031666278839 0.4022747874259949 0.14588381350040436
v 0.4799370765686035 0.4161769151687622 -0.09456399083137512
v 0.46716001629829407 0.39565718173980713 0.16193263232707977
v 0.48219189047813416 0.41338831186294556 0.10283290594816208
v 0.4634546637535095 0.42501211166381836 0.05570834130048752
v 0.4711759388446808 -0.27340614795684814 -0.06290543079376221
v 0.4981531500816345 -0.1792774647474289 0.0064332252368330956
v 0.4785480201244354 -0.18023650348186493 -0.1908242404460907
v 0.4788765609264374 -0.16156955063343048 -0.21067282557487488
v 0.48098525404930115 -0.12855276465415955 0.04443899169564247
v 0.4745204746723175 -0.11436329036951065 -0.23322679102420807
v 0.48232734203338623 -0.061687737703323364 0.059956662356853485
v 0.4760972559452057 0.024032559245824814 0.0827978253364563
v 0.49205291271209717 0.06957021355628967 0.09227634966373444
v 0.4855286478996277 0.10419650375843048 0.19393640756607056
v 0.47337886691093445 0.11947318911552429 0.17861516773700714
v 0.506705105304718 0.11024197190999985 0.17983049154281616
v 0.4755003750324249 0.13326449692249298 -0.23668129742145538
v 0.49367839097976685 0.1386951357126236 0.169293612241745
v 0.5327980518341064 0.13739922642707825 -0.1923828423023224
v 0.4968692660331726 0.21166393160820007 -0.23359201848506927
v 0.48965537548065186 0.24979767203330994 -0.18548879027366638
v 0.4894609749317169 0.26021844148635864 0.20542752742767334
v 0.482490599155426 0.30925318598747253 -0.16943565011024475
v 0.4911171495914459 0.324474573135376 -0.14571011066436768
v 0.4907764196395874 0.3105030953884125 -0.16827768087387085
v 0.480359822511673 0.3337611258029938 0.11388833075761795
v 0.49343666434288025 0.32471200823783875 -0.16335929930210114
v 0.459791362285614 0.33750852942466736 -0.21430417895317078
v 0.4759937822818756 0.34998708963394165 0.11381688714027405
v 0.48930180072784424 0.3361087143421173 0.1254965215921402
v 0.4861668050289154 0.36038196086883545 0.1899745911359787
v 0.4917506277561188 0.3577063977718353 -0.2102438509464264
v 0.499644011259079 0.36412110924720764 -0.13308605551719666
v 0.4768882095813751 0.36885184049606323 -0.20129379630088806
v 0.49034178256988525 0.3837057650089264 -0.1844325214624405
v 0.47977036237716675 0.37090736627578735 -0.17637547850608826
v 0.47778305411338806 0.38934290409088135 0.110464908182621
v 0.47736066579818726 0.3923424184322357 0.12734724581241608
v 0.4664185643196106 0.39626213908195496 0.15386271476745605
v 0.48697835206985474 0.4021017849445343 0.1776139885187149
v 0.4912590980529785 0.41786205768585205 0.1508776694536209
v 0.4962345361709595 0.42081236839294434 0.16197919845581055
v 0.4747258424758911 0.43275555968284607 0.07293913513422012
v 0.47758495807647705 0.43769571185112 -0.06807579845190048
v 0.47225502133369446 0.44248369336128235 -0.042973242700099945
v 0.4865477383136749 0.4613944888114929 -0.044314488768577576
v 0.4799450933933258 0.46303921937942505 0.01772257313132286
v 0.4827196002006531 0.45867300033569336 0.05253180116415024
v 0.49714991450309753 -0.23817269504070282 -0.06382182985544205
v 0.48807379603385925 -0.23819062113761902 -0.11903230845928192
v 0.49203261733055115 -0.22596950829029083 -0.02340538054704666
v 0.49999871850013733 -0.19046390056610107 -0.00258647371083498
v 0.48830851912498474 -0.1612887680530548 -0.18965038657188416
v 0.4986964762210846 -0.12218008190393448 -0.21178755164146423
v 0.4902278780937195 -0.08559753000736237 0.04030396789312363
v 0.4895939528942108 -0.013760211877524853 0.06884083151817322
v 0.48381853103637695 -0.017717255279421806 -0.20327423512935638
v 0.4829649329185486 0.0567912720143795 -0.18515698611736298
v 0.4867422580718994 0.1073254868388176 0.18463654816150665
v 0.4947468042373657 0.12009408324956894 0.20293593406677246
v 0.48300376534461975 0.12754712998867035 0.10710374265909195
v 0.4964272379875183 0.1886431723833084 -0.1669909507036209
v 0.48651695251464844 0.20847024023532867 0.15533626079559326
v 0.4841541647911072 0.25178924202919006 0.15483303368091583
v 0.49077120423316956 0.25265324115753174 -0.15819187462329865
v 0.48466578125953674 0.2719417214393616 0.15328195691108704
v 0.4901999235153198 0.2812843918800354 -0.15615913271903992
v 0.49302253127098083 0.30760395526885986 -0.15363575518131256
v 0.4791882634162903 0.2834074795246124 0.20145584642887115
v 0.473718523979187 0.3157595992088318 0.1944248527288437
v 0.49681735038757324 0.28286921977996826 -0.22324146330356598
v 0.4947309195995331 0.32942867279052734 0.12753604352474213
v 0.4893832206726074 0.334475040435791 0.13701044023036957
v 0.4897250533103943 0.33902281522750854 -0.1608685702085495
v 0.49059557914733887 0.373081237077713 -0.20378178358078003
v 0.5061280727386475 0.3916275203227997 -0.17299319803714752
v 0.4878857731819153 0.38859573006629944 -0.11721067130565643
v 0.4918121099472046 0.3925306797027588 0.18642078340053558
v 0.48792463541030884 0.4130220413208008 0.12259622663259506
v 0.4809339940547943 0.46355098485946655 -0.013317728415131569
v 0.4905850291252136 0.47219809889793396 0.03955913335084915
v 0.4994286894798279 0.4845329821109772 0.007372763007879257
v 0.4865933358669281 -0.2544321119785309 -0.0781201645731926
v 0.4822143614292145 -0.2548617124557495 -0.04670455679297447
v 0.4957022964954376 -0.23924300074577332 -0.09038495272397995
v 0.504120945930481 -0.21910163760185242 -0.1078658178448677
v 0.4847955107688904 -0.20865404605865479 -0.16225148737430573
v 0.49910563230514526 -0.14717215299606323 -0.17911706864833832
v 0.4893656373023987 -0.14527617394924164 -0.21252067387104034
v 0.49709102511405945 -0.1027747243642807 -0.21659483015537262
v 0.5112742185592651 -0.04904329776763916 0.02591988816857338
v 0.49289730191230774 -0.05958547443151474 0.04928431287407875
v 0.4868813157081604 -0.042527731508016586 -0.21328820288181305
v 0.4974401891231537 -0.005740405060350895 -0.18825066089630127
v 0.49604564905166626 -0.028101636096835136 0.060621943324804306
v 0.5118996500968933 0.10836360603570938 -0.16531871259212494
v 0.493918240070343 0.10641875863075256 0.10224840044975281
v 0.49240627884864807 0.11598405241966248 -0.21557337045669556
v 0.4864407479763031 0.10752726346254349 -0.17579980194568634
v 0.49111491441726685 0.19062291085720062 0.20472922921180725
v 0.4939649701118469 0.21594512462615967 0.11761611700057983
v 0.49340710043907166 0.2493562549352646 0.12006533890962601
v 0.5110185146331787 0.26277241110801697 -0.15901468694210052
v 0.48692086338996887 0.2821773588657379 0.11846277117729187
v 0.5068817734718323 0.29472777247428894 -0.16101029515266418
v 0.4962770342826843 0.30071163177490234 0.1534009575843811
v 0.5123835206031799 0.3034531772136688 0.20631803572177887
v 0.49823227524757385 0.30883410573005676 -0.15786902606487274
v 0.48943209648132324 0.301594614982605 0.11962097138166428
v 0.5023267269134521 0.3060355484485626 0.13160750269889832
v 0.49907028675079346 0.3173515498638153 0.14942266047000885
v 0.4988752603530884 0.3177081346511841 -0.16112840175628662
v 0.5163149237632751 0.34160473942756653 0.20076656341552734
v 0.4990120828151703 0.3294049799442291 -0.15318404138088226
v 0.491153746843338 0.3258775770664215 0.14370380342006683
v 0.5036349892616272 0.3281823396682739 -0.21747730672359467
v 0.4998549222946167 0.3345218896865845 0.13786205649375916
v 0.49931320548057556 0.3263285458087921 0.1454741656780243
v 0.49758681654930115 0.33939725160598755 -0.14462225139141083
v 0.49839499592781067 0.3584830164909363 -0.15357215702533722
v 0.49497219920158386 0.3665241301059723 -0.1609499603509903
v 0.4890121519565582 0.37113499641418457 -0.16827701032161713
v 0.49389636516571045 0.38446328043937683 -0.19331148266792297
v 0.49514177441596985 0.4331957995891571 0.10864630341529846
v 0.49102291464805603 0.43960073590278625 -0.08869622647762299
v 0.4998375177383423 0.48004719614982605 -0.03157109394669533
v 0.508245050907135 -0.2205180674791336 -0.08193455636501312
v 0.4964640736579895 -0.2090393304824829 -0.14267538487911224
v 0.509653627872467 -0.20105184614658356 -0.0282463189214468
v 0.5026909708976746 -0.18761147558689117 -0.14974148571491241
v 0.47973862290382385 -0.15898723900318146 0.03535617142915726
v 0.5058029890060425 -0.14879360795021057 -0.16385936737060547
v 0.4917888343334198 -0.1314888894557953 0.030574601143598557
v 0.4993530511856079 -0.13214576244354248 -0.20414403080940247
v 0.5106186270713806 -0.1092388704419136 -0.1875556856393814
v 0.505657434463501 -0.09923996031284332 -0.20348533987998962
v 0.4951484203338623 -0.06619122624397278 -0.21161913871765137
v 0.501106321811676 -0.04023698717355728 -0.1911480575799942
v 0.513599157333374 -0.018061207607388496 0.04663632810115814
v 0.5148457884788513 -0.010352336801588535 -0.17354807257652283
v 0.5048362016677856 -0.00521107530221343 0.06254927068948746
v 0.5109243988990784 0.014887058176100254 -0.17512767016887665
v 0.50107342004776 0.019487403333187103 0.07371652126312256
v 0.4957883656024933 0.11210352927446365 -0.23237740993499756
v 0.5142355561256409 0.10072945803403854 0.18472468852996826
v 0.5114831328392029 0.10462469607591629 0.20112945139408112
v 0.5050708055496216 0.1564207375049591 -0.16693824529647827
v 0.5018333196640015 0.17967678606510162 0.11567272245883942
v 0.4960496425628662 0.21347621083259583 0.15655165910720825
v 0.5225459337234497 0.22353455424308777 0.15998509526252747
v 0.5057111978530884 0.24698445200920105 0.15988251566886902
v 0.5191265940666199 0.26924487948417664 0.2104748785495758
v 0.5052545070648193 0.2734203338623047 0.16010290384292603
v 0.5064207911491394 0.288439005613327 0.1313055008649826
v 0.5116319060325623 0.28968173265457153 0.15851253271102905
v 0.5006501078605652 0.30212050676345825 -0.16914983093738556
v 0.5003969073295593 0.3117590844631195 -0.16202162206172943
v 0.5042626261711121 0.31788280606269836 0.13754090666770935
v 0.5073913931846619 0.3062331974506378 0.15251357853412628
v 0.5063469409942627 0.31748780608177185 0.14540855586528778
v 0.5229647159576416 0.36192047595977783 -0.20661303400993347
v 0.5006974339485168 0.35491982102394104 -0.1442413181066513
v 0.5047082901000977 0.36798450350761414 -0.13914379477500916
v 0.5100423097610474 0.386817991733551 -0.1361950784921646
v 0.5234174728393555 0.4020661413669586 0.19377918541431427
v 0.5062698125839233 0.4231639802455902 -0.11799291521310806
v 0.5032259821891785 0.40536877512931824 0.18492402136325836
v 0.4896124303340912 0.41430410742759705 0.13706453144550323
v 0.5091727375984192 0.43866661190986633 0.13212892413139343
v 0.496869295835495 0.4638965129852295 0.07261749356985092
v 0.49975618720054626 0.4620251953601837 -0.07110018283128738
v 0.5159467458724976 -0.20618362724781036 -0.07078264653682709
v 0.5070857405662537 -0.2183198183774948 -0.04963560402393341
v 0.5143203735351562 -0.18850745260715485 -0.12277300655841827
v 0.5137653350830078 -0.17576129734516144 -0.010881086811423302
v 0.5140703320503235 -0.15266764163970947 0.0011888829758390784
v 0.5090299844741821 -0.13114933669567108 -0.1664530485868454
v 0.5168657898902893 -0.10568362474441528 -0.1589583158493042
v 0.5137276649475098 -0.09756473451852798 -0.18317675590515137
v 0.5177704095840454 -0.09257235378026962 0.011245698668062687
v 0.514453649520874 -0.07733871042728424 -0.18000197410583496
v 0.5102574825286865 -0.06780008971691132 0.02063608542084694
v 0.5008170008659363 0.03719685599207878 -0.1787557303905487
v 0.513189971446991 0.05446173995733261 0.08192308992147446
v 0.513684868812561 0.09777241945266724 -0.22410383820533752
v 0.5207222700119019 0.09997189790010452 0.09573746472597122
v 0.5181479454040527 0.1299229860305786 0.10527931153774261
v 0.5079367160797119 0.12116259336471558 -0.23495683073997498
v 0.5032917261123657 0.15142390131950378 0.20627442002296448
v 0.5152661204338074 0.15735596418380737 0.11179230362176895
v 0.5115289688110352 0.22622452676296234 -0.1892743706703186
v 0.5106109976768494 0.2229621559381485 0.2088562548160553
v 0.515423595905304 0.2097344845533371 0.1203974261879921
v 0.5225610136985779 0.19267243146896362 0.1597442477941513
v 0.5221394300460815 0.24829712510108948 -0.15706957876682281
v 0.5096467137336731 0.2687429189682007 0.1287284791469574
v 0.519421398639679 0.27220556139945984 0.13694308698177338
v 0.5106828212738037 0.2884519398212433 -0.1734965294599533
v 0.5102207660675049 0.28695544600486755 -0.16147921979427338
v 0.5142703056335449 0.2944898307323456 -0.16898833215236664
v 0.5124335289001465 0.3029230535030365 0.1458197683095932
v 0.5091436505317688 0.3848734200000763 -0.1569521576166153
v 0.5145896077156067 0.3988041281700134 -0.18467430770397186
v 0.5145452618598938 0.39058253169059753 -0.1488393396139145
v 0.49924078583717346 0.41633638739585876 0.17249681055545807
v 0.5197455286979675 0.4390154182910919 0.15632754564285278
v 0.5077844858169556 0.4476439654827118 0.11173959821462631
v 0.5173031687736511 0.4807279407978058 -0.061979617923498154
v 0.5271589756011963 -0.17461273074150085 -0.09725596755743027
v 0.5228206515312195 -0.18235768377780914 -0.039773184806108475
v 0.5234668254852295 -0.0814528539776802 -0.14169804751873016
v 0.5218106508255005 -0.07029929757118225 -0.1606016457080841
v 0.5160713791847229 -0.04883331432938576 0.020943602547049522
v 0.5176123976707458 -0.06140366569161415 -0.17158864438533783
v 0.5261885523796082 -0.0003030449734069407 0.04402976855635643
v 0.5191759467124939 0.031380049884319305 0.06796741485595703
v 0.5217838883399963 0.10119838267564774 -0.22950291633605957
v 0.5261409878730774 0.09370633959770203 -0.22391249239444733
v 0.5163940191268921 0.0993112102150917 -0.21567243337631226
v 0.5126853585243225 0.09602265059947968 0.19255931675434113
v 0.5309714078903198 0.10450545698404312 -0.2045241743326187
v 0.5084670782089233 0.11706453561782837 -0.20753049850463867
v 0.5116568207740784 0.146312415599823 -0.2357555776834488
v 0.5266152024269104 0.24327398836612701 0.1280468851327896
v 0.5293801426887512 0.2783229351043701 -0.17430704832077026
v 0.5189420580863953 0.29471060633659363 0.15312963724136353
v 0.5320661664009094 0.28567811846733093 -0.1697016805410385
v 0.5147850513458252 0.3832170069217682 -0.20175902545452118
v 0.5075508952140808 0.38606610894203186 0.19475442171096802
v 0.5269030928611755 0.4019535779953003 -0.19293178617954254
v 0.5189385414123535 0.4032174348831177 -0.14140649139881134
v 0.5152314305305481 0.4791683256626129 0.07448440045118332
v 0.5241530537605286 0.4924648702144623 -0.04498348757624626
v 0.5076627135276794 0.4862186908721924 0.04581703990697861
v 0.5135831236839294 0.4956477880477905 -0.0015353444032371044
v 0.5223098993301392 0.49742987751960754 -0.024768318980932236
v 0.5300066471099854 -0.1727270632982254 -0.05211297795176506
v 0.5276757478713989 -0.18052279949188232 -0.07750294357538223
v 0.5201848745346069 -0.1632332056760788 -0.1296679824590683
v 0.5285341739654541 -0.1481049358844757 -0.017333421856164932
v 0.52300626039505 -0.1409095972776413 -0.13227269053459167
v 0.5207063555717468 -0.10406862944364548 -0.14559662342071533
v 0.528606116771698 -0.10682313144207001 -0.001034665503539145
v 0.5301946997642517 -0.07382598519325256 -0.12155495584011078
v 0.5356501340866089 -0.06819730997085571 0.000052616047469200566
v 0.5331382751464844 -0.0369824543595314 -0.1495361626148224
v 0.5291309952735901 -0.0226536076515913 -0.15830343961715698
v 0.5551033020019531 0.09654948860406876 0.1840483695268631
v 0.5315024852752686 0.10708960890769958 0.2032039910554886
v 0.5316649675369263 0.12936297059059143 0.10172375291585922
v 0.5435794591903687 0.12969492375850677 0.206121027469635
v 0.5423291921615601 0.16603457927703857 -0.15314766764640808
v 0.5338220596313477 0.1817988157272339 0.11637482792139053
v 0.5300593972206116 0.18025943636894226 -0.2305528223514557
v 0.5242072939872742 0.1906399428844452 -0.16108110547065735
v 0.5360925793647766 0.22348691523075104 -0.1580781191587448
v 0.5457956790924072 0.21888291835784912 0.21117934584617615
v 0.5198717713356018 0.27040156722068787 -0.22153063118457794
v 0.5290642976760864 0.27962177991867065 -0.1632249504327774
v 0.5269515514373779 0.40825799107551575 -0.15590767562389374
v 0.5355584621429443 0.41207629442214966 -0.18544480204582214
v 0.5258059501647949 0.40694209933280945 -0.17133748531341553
v 0.5357210040092468 0.4294738173484802 -0.13826225697994232
v 0.5247568488121033 0.42100557684898376 0.18112745881080627
v 0.5177550315856934 0.4575798213481903 -0.097041055560112
v 0.521484375 0.451262503862381 0.1278635561466217
v 0.5284833908081055 0.47735533118247986 0.09337189793586731
v 0.5339147448539734 0.4826693832874298 -0.07498316466808319
v 0.5186040997505188 0.4980376958847046 0.022526733577251434
v 0.5394885540008545 -0.14577417075634003 -0.07576020061969757
v 0.5345661640167236 -0.1493711769580841 -0.03185904026031494
v 0.5368677973747253 -0.1363411843776703 -0.09486950188875198
v 0.5379898548126221 -0.11487410962581635 -0.01572585105895996
v 0.5395703315734863 -0.05750368535518646 -0.10263759642839432
v 0.5410467982292175 -0.058841194957494736 -0.00036721894866786897
v 0.5271404385566711 -0.016193877905607224 0.034438855946063995
v 0.5356019735336304 0.001982852118089795 -0.1538137048482895
v 0.5337944626808167 0.06644786149263382 -0.15609833598136902
v 0.5318219065666199 0.09202586114406586 -0.21644215285778046
v 0.545474648475647 0.08876247704029083 -0.21856912970542908
v 0.5390278100967407 0.09732981771230698 -0.20591655373573303
v 0.5294941067695618 0.09926193207502365 0.20150595903396606
v 0.5349110960960388 0.10242941230535507 -0.22915099561214447
v 0.5347626805305481 0.11829013377428055 -0.15436911582946777
v 0.5669838786125183 0.12944211065769196 -0.18370020389556885
v 0.5467280745506287 0.21155136823654175 -0.15630149841308594
v 0.5412547588348389 0.1905384510755539 0.2095586210489273
v 0.547540545463562 0.2023524045944214 0.1206764280796051
v 0.5463148355484009 0.2500726878643036 -0.15500397980213165
v 0.5361058712005615 0.26444804668426514 0.14470121264457703
v 0.5441524386405945 0.27603253722190857 -0.17377625405788422
v 0.5347886681556702 0.2736452519893646 0.1531178206205368
v 0.5282245874404907 0.27042582631111145 0.16154010593891144
v 0.5402562022209167 0.2797545790672302 -0.16024035215377808
v 0.5397690534591675 0.2809203863143921 0.21066734194755554
v 0.5169583559036255 0.3046268820762634 -0.21992583572864532
v 0.5510498285293579 0.3552907705307007 -0.20468679070472717
v 0.5425023436546326 0.38617849349975586 -0.2017126977443695
v 0.5371766090393066 0.3845939636230469 0.1992863416671753
v 0.5387658476829529 0.41897526383399963 0.1833045780658722
v 0.5327879786491394 0.43912988901138306 0.1658664345741272
v 0.5379599928855896 0.4847162067890167 0.090399831533432
v 0.542863667011261 -0.13689948618412018 -0.05029463768005371
v 0.5505931973457336 -0.10733655840158463 -0.05208166688680649
v 0.5453753471374512 -0.10612405091524124 -0.07798627763986588
v 0.5477579832077026 -0.10684677213430405 -0.03182586655020714
v 0.5444011688232422 -0.04575653001666069 -0.09963051974773407
v 0.5349318385124207 -0.049393054097890854 -0.13452903926372528
v 0.544468104839325 -0.02416437491774559 -0.13358519971370697
v 0.5482252836227417 0.036717381328344345 0.043693315237760544
v 0.5368087291717529 0.03310802951455116 -0.15564484894275665
v 0.5445420145988464 0.08817105740308762 -0.14843179285526276
v 0.5553394556045532 0.09983619302511215 -0.22448891401290894
v 0.5579345226287842 0.08860257267951965 -0.20744124054908752
v 0.5543535351753235 0.09180441498756409 0.19257225096225739
v 0.5372496247291565 0.08717433363199234 0.08077444136142731
v 0.5384923219680786 0.119165800511837 0.09453188627958298
v 0.5446538925170898 0.15113453567028046 -0.23027189075946808
v 0.5505930185317993 0.17624983191490173 0.11148311197757721
v 0.5409035086631775 0.15739791095256805 0.16472461819648743
v 0.5540547370910645 0.2124890238046646 -0.1775003969669342
v 0.550429105758667 0.22361718118190765 0.1266765594482422
v 0.5380949974060059 0.2472885698080063 0.13452239334583282
v 0.5329060554504395 0.25566741824150085 0.16335135698318481
v 0.5617722868919373 0.27349919080734253 -0.2136833369731903
v 0.5411835312843323 0.32325926423072815 0.20655426383018494
v 0.5498136281967163 0.37790465354919434 0.19856639206409454
v 0.5427634119987488 0.4012306034564972 -0.1972886472940445
v 0.5488227605819702 0.4139266610145569 0.18139201402664185
v 0.5414953827857971 0.419975221157074 -0.17268821597099304
v 0.5515324473381042 0.42212072014808655 -0.1811477541923523
v 0.5535074472427368 0.4303460717201233 0.17049813270568848
v 0.5399067401885986 0.4672519564628601 -0.10082163661718369
v 0.5430663228034973 0.4529416263103485 0.15124405920505524
v 0.532494843006134 0.493948370218277 0.06448756903409958
v 0.5501322746276855 0.5071799755096436 -0.028671005740761757
v 0.5364505648612976 0.5065746903419495 -0.004431246779859066
v 0.5388821363449097 0.5049405694007874 0.035185061395168304
v 0.5536128878593445 0.5114824771881104 0.019562745466828346
v 0.5544671416282654 -0.08442900329828262 -0.05302968621253967
v 0.5535021424293518 -0.07726063579320908 -0.02679949253797531
v 0.5490320324897766 -0.077630914747715 -0.07443904131650925
v 0.558459460735321 -0.0594809390604496 -0.023682916536927223
v 0.552956223487854 -0.022088784724473953 0.012584229931235313
v 0.558556854724884 -0.005919737741351128 -0.11162496358156204
v 0.5515115261077881 0.0009369897888973355 -0.13537558913230896
v 0.5548493266105652 0.01260866317898035 0.02839524857699871
v 0.5411436557769775 0.03643343225121498 0.049080900847911835
v 0.5462190508842468 0.1159319281578064 -0.1942625492811203
v 0.5402951836585999 0.1321522444486618 0.17074598371982574
v 0.550334095954895 0.1471136212348938 0.09966612607240677
v 0.5341354012489319 0.16659128665924072 -0.18797160685062408
v 0.5613930225372314 0.17291085422039032 -0.22511407732963562
v 0.5378417372703552 0.22193960845470428 -0.22616812586784363
v 0.5537426471710205 0.2581440210342407 0.16204825043678284
v 0.5615376830101013 0.2554754614830017 0.1531883329153061
v 0.5514882802963257 0.2923704981803894 -0.1686936914920807
v 0.5644552707672119 0.30163469910621643 -0.16144035756587982
v 0.5536419153213501 0.30329570174217224 0.20759718120098114
v 0.5508772730827332 0.35153231024742126 0.20580804347991943
v 0.5548275709152222 0.3822392523288727 0.19266049563884735
v 0.5602683424949646 0.4046311378479004 -0.19561214745044708
v 0.5489450693130493 0.4117380678653717 -0.19225148856639862
v 0.5485661029815674 0.4309397339820862 -0.1500985026359558
v 0.562411904335022 0.4469001889228821 -0.1339537799358368
v 0.5493831038475037 0.4484369158744812 0.1594647765159607
v 0.542191207408905 0.46511462330818176 0.12694066762924194
v 0.5612706542015076 0.4654881954193115 0.1391078382730484
v 0.5574002265930176 0.47884315252304077 -0.09307640790939331
v 0.562092661857605 0.492000550031662 0.09542930871248245
v 0.548054575920105 0.5030502676963806 0.05631515383720398
v 0.5622686743736267 -0.05918332561850548 -0.04357519745826721
v 0.5491699576377869 -0.06538841128349304 -0.013091308064758778
v 0.5599070191383362 0.031122170388698578 -0.1333417147397995
v 0.5726549625396729 0.06103692203760147 -0.12404808402061462
v 0.559531569480896 0.05852041020989418 -0.13687197864055634
v 0.5613415837287903 0.08916324377059937 -0.21785074472427368
v 0.5666432976722717 0.09116362035274506 -0.20170904695987701
v 0.567302405834198 0.12860967218875885 -0.13556821644306183
v 0.5663550496101379 0.1996367871761322 -0.14748021960258484
v 0.5704341530799866 0.23210181295871735 -0.21715417504310608
v 0.5627539753913879 0.24587230384349823 0.14376448094844818
v 0.5483222007751465 0.19661621749401093 0.1605331003665924
v 0.5597519874572754 0.24815714359283447 0.16171959042549133
v 0.5381200313568115 0.25914448499679565 -0.17822590470314026
v 0.557834267616272 0.24634824693202972 -0.15275098383426666
v 0.5441529154777527 0.2658650279045105 0.2116762399673462
v 0.5616430044174194 0.29351717233657837 -0.16732850670814514
v 0.5468276143074036 0.2916611433029175 -0.16060437262058258
v 0.5582104325294495 0.34419140219688416 0.20592837035655975
v 0.5640227198600769 0.354356586933136 0.20079690217971802
v 0.5683461427688599 0.3962736129760742 -0.1962137222290039
v 0.5617874264717102 0.388849675655365 0.1770661622285843
v 0.5569205284118652 0.4395919740200043 0.16456525027751923
v 0.5783697962760925 0.4610659182071686 -0.12096266448497772
v 0.5668078064918518 0.45634448528289795 0.15133175253868103
v 0.5528236627578735 0.49435046315193176 -0.06502562761306763
v 0.5729185938835144 0.5025953650474548 0.07636125385761261
v 0.5568035244941711 0.5117466449737549 -0.009951204061508179
v 0.5587760806083679 -0.05979008600115776 -0.0596594512462616
v 0.5812419652938843 -0.017956262454390526 -0.032078009098768234
v 0.5762057304382324 -0.020893031731247902 -0.016352113336324692
v 0.5684519410133362 -0.01870058663189411 -0.0018067905912175775
v 0.5765762329101562 0.0005624117911793292 -0.07693097740411758
v 0.563066840171814 0.013224514201283455 -0.12047336995601654
v 0.5766300559043884 0.050593651831150055 -0.1155325397849083
v 0.5636307597160339 0.07802462577819824 0.05102354288101196
v 0.5632444024085999 0.09943927824497223 0.0615122951567173
v 0.5739258527755737 0.0928337350487709 0.19252797961235046
v 0.5724327564239502 0.09889969974756241 -0.2183346301317215
v 0.5522005558013916 0.10947997868061066 0.17785410583019257
v 0.5744888186454773 0.11914736032485962 0.06451784074306488
v 0.5659807324409485 0.12967413663864136 0.07700107991695404
v 0.5644840002059937 0.1588001847267151 0.16292411088943481
v 0.5774721503257751 0.14672881364822388 -0.21926237642765045
v 0.5600126385688782 0.16163288056850433 0.10155390202999115
v 0.574387788772583 0.17702287435531616 0.10437070578336716
v 0.5726960301399231 0.1952798217535019 0.11524151265621185
v 0.5744088292121887 0.22358165681362152 0.13146403431892395
v 0.5746172070503235 0.20705102384090424 0.1582488864660263
v 0.5783070921897888 0.23635950684547424 0.15941868722438812
v 0.5673513412475586 0.22414982318878174 0.2102176547050476
v 0.5715156197547913 0.24887049198150635 0.15401111543178558
v 0.5640333294868469 0.36909428238868713 0.1913522481918335
v 0.5703476667404175 0.37805986404418945 0.1694687008857727
v 0.5683791041374207 0.3948592245578766 0.16765080392360687
v 0.5654119849205017 0.4224879741668701 -0.18330654501914978
v 0.5685073733329773 0.44077762961387634 0.15958058834075928
v 0.5666192770004272 0.49671512842178345 -0.06636641174554825
v 0.5919497013092041 0.5161409378051758 0.016036774963140488
v 0.5734426975250244 0.02110980823636055 -0.1019705981016159
v 0.5729020833969116 0.08700302988290787 -0.20802779495716095
v 0.5875399112701416 0.08851547539234161 -0.19909457862377167
v 0.5920003056526184 0.0925649031996727 0.039022207260131836
v 0.5854864716529846 0.0976698100566864 -0.19032219052314758
v 0.5975627899169922 0.10321377962827682 0.17518241703510284
v 0.565014660358429 0.09928520768880844 0.20004889369010925
v 0.5851114988327026 0.10769699513912201 0.1986665427684784
v 0.5962920784950256 0.12101435661315918 0.1665162295103073
v 0.5784446001052856 0.14062249660491943 0.07672920823097229
v 0.5821497440338135 0.161546528339386 0.09249556064605713
v 0.5745630264282227 0.2531047761440277 -0.16786032915115356
v 0.5650014281272888 0.27018406987190247 -0.15393812954425812
v 0.5696190595626831 0.27411389350891113 -0.16584813594818115
v 0.5699695944786072 0.29459837079048157 -0.15408730506896973
v 0.5819329023361206 0.2952946424484253 -0.16030950844287872
v 0.5778152346611023 0.2998850643634796 -0.15300728380680084
v 0.5605378150939941 0.3269493877887726 -0.21090221405029297
v 0.5718421936035156 0.32930150628089905 0.20396526157855988
v 0.5750207304954529 0.35226598381996155 0.17607268691062927
v 0.5776929259300232 0.362976998090744 0.16861166059970856
v 0.5874413847923279 0.4283375144004822 -0.17399488389492035
v 0.577607274055481 0.4115341901779175 0.1624227613210678
v 0.5877610445022583 0.44385242462158203 -0.15796121954917908
v 0.5619797110557556 0.43270638585090637 -0.16878142952919006
v 0.5853193402290344 0.5151506066322327 -0.010162323713302612
v 0.5811693668365479 -0.012473385781049728 -0.05110692232847214
v 0.5814402103424072 0.1062796413898468 -0.1222875714302063
v 0.5752899646759033 0.09517055749893188 0.1834033578634262
v 0.5992271900177002 0.10550443828105927 -0.20843255519866943
v 0.6006242632865906 0.190558061003685 0.15878981351852417
v 0.5866045355796814 0.17506426572799683 -0.21592991054058075
v 0.5664840340614319 0.13558779656887054 0.204499289393425
v 0.5953694581985474 0.21990573406219482 0.15689581632614136
v 0.6074861884117126 0.228716179728508 -0.2042672336101532
v 0.5900636315345764 0.23239882290363312 0.14570282399654388
v 0.5843615531921387 0.24121110141277313 0.1548883467912674
v 0.5769835114479065 0.2406415045261383 -0.14557026326656342
v 0.5682871341705322 0.2875887453556061 -0.1529988944530487
v 0.5680935978889465 0.31127870082855225 -0.21153667569160461
v 0.5834560394287109 0.3304094076156616 0.1930866837501526
v 0.5882651805877686 0.33142656087875366 0.1758023351430893
v 0.5850813984870911 0.3671073615550995 -0.19408676028251648
v 0.5895021557807922 0.39912620186805725 0.16426146030426025
v 0.581127941608429 0.41193968057632446 -0.18670248985290527
v 0.5831285119056702 0.4541473984718323 -0.13413259387016296
v 0.5812965631484985 0.464494526386261 0.1405515819787979
v 0.5937580466270447 0.48563194274902344 0.11407043784856796
v 0.5698480606079102 0.5087060332298279 -0.035386648029088974
v 0.5728330016136169 0.5125630497932434 0.03746321052312851
v 0.5994236469268799 0.024892030283808708 -0.019695237278938293
v 0.5933159589767456 0.017112532630562782 -0.012203671969473362
v 0.5925374031066895 0.028285270556807518 0.0007629788015037775
v 0.576014518737793 0.023614907637238503 0.016449009999632835
v 0.6022873520851135 0.08541183173656464 -0.08898738771677017
v 0.5861572027206421 0.0645676925778389 0.03001597709953785
v 0.5950391888618469 0.09035107493400574 -0.10459919273853302
v 0.5853109955787659 0.08945386856794357 -0.20936720073223114
v 0.6010880470275879 0.09150653332471848 -0.19241270422935486
v 0.5888264179229736 0.09530595690011978 0.18374226987361908
v 0.592271089553833 0.10944979637861252 -0.18226012587547302
v 0.5930682420730591 0.13255828619003296 -0.21192950010299683
v 0.5948318839073181 0.1860889196395874 0.11336150020360947
v 0.5918304920196533 0.2001008540391922 -0.16396301984786987
v 0.6099409461021423 0.21062429249286652 0.13680154085159302
v 0.5909423232078552 0.2705882489681244 0.20685774087905884
v 0.5899305939674377 0.2831469774246216 -0.16167904436588287
v 0.5933154225349426 0.2666831314563751 -0.14064691960811615
v 0.5873894095420837 0.2768220007419586 -0.20781797170639038
v 0.5946027040481567 0.307712197303772 -0.1455191671848297
v 0.5822174549102783 0.3098349869251251 0.20368404686450958
v 0.5929243564605713 0.31363558769226074 -0.1539939045906067
v 0.594730019569397 0.31645938754081726 0.18496349453926086
v 0.6054607629776001 0.3887839615345001 0.16990721225738525
v 0.5959480404853821 0.4477546215057373 0.14823469519615173
v 0.5939328670501709 0.4581666588783264 -0.12634779512882233
v 0.6139265298843384 0.49363648891448975 0.10388539731502533
v 0.5989441275596619 0.023372206836938858 -0.03265511244535446
v 0.597138524055481 0.09796689450740814 -0.2085837572813034
v 0.5912446975708008 0.0971384048461914 0.193036749958992
v 0.6044688820838928 0.13211172819137573 0.05814346298575401
v 0.6023104786872864 0.11991682648658752 0.19556041061878204
v 0.5966535806655884 0.17343339323997498 0.10188305377960205
v 0.568522572517395 0.1516944169998169 -0.13810887932777405
v 0.6078888177871704 0.22014686465263367 0.14530889689922333
v 0.5904225707054138 0.22690434753894806 -0.1625477373600006
v 0.5950646996498108 0.30039626359939575 -0.15817782282829285
v 0.6004161834716797 0.2997477352619171 0.19338750839233398
v 0.6012840270996094 0.3104669153690338 0.179194375872612
v 0.5951088666915894 0.31791257858276367 -0.20212417840957642
v 0.6002923846244812 0.320338636636734 0.17656032741069794
v 0.6059649586677551 0.3519265055656433 -0.19278991222381592
v 0.5861905217170715 0.3492305278778076 0.17130374908447266
v 0.6051537394523621 0.3813042938709259 -0.1836642026901245
v 0.6000528335571289 0.41830918192863464 -0.1742151528596878
v 0.595689058303833 0.4181126356124878 0.15928274393081665
v 0.604183554649353 0.4400394558906555 -0.15410266816616058
v 0.609576404094696 0.44706469774246216 -0.13343605399131775
v 0.5921433568000793 0.48010727763175964 -0.09729092568159103
v 0.601433515548706 0.034246936440467834 -0.042779531329870224
v 0.6196802258491516 0.07394418120384216 -0.0003078859590459615
v 0.5952141880989075 0.040461182594299316 -0.06838373839855194
v 0.6110506057739258 0.09206956624984741 0.025220133364200592
v 0.611047089099884 0.1006762832403183 -0.20193427801132202
v 0.6091370582580566 0.0957428589463234 -0.20042049884796143
v 0.6082287430763245 0.09782342612743378 -0.18393772840499878
v 0.6040329933166504 0.09896225482225418 0.1848621517419815
v 0.6134371757507324 0.10818299651145935 0.18818238377571106
v 0.6076907515525818 0.11983386427164078 0.045436792075634
v 0.6017089486122131 0.1313425451517105 -0.11021275073289871
v 0.610442578792572 0.14457935094833374 0.15997833013534546
v 0.5765470862388611 0.17518827319145203 -0.1730637550354004
v 0.5941725969314575 0.15312951803207397 -0.1225522831082344
v 0.6146596670150757 0.17907489836215973 -0.20273485779762268
v 0.6024243235588074 0.21237218379974365 0.2033623605966568
v 0.6025281548500061 0.2238258272409439 0.15261462330818176
v 0.5952615141868591 0.2423681765794754 0.20650900900363922
v 0.6190980076789856 0.30814284086227417 -0.15073692798614502
v 0.6071112155914307 0.3129786252975464 -0.15213902294635773
v 0.6010960936546326 0.3160468637943268 -0.1449170708656311
v 0.6086466312408447 0.3215760886669159 0.17810969054698944
v 0.6067977547645569 0.45583751797676086 -0.1252250373363495
v 0.6107604503631592 0.4685240685939789 -0.10809467732906342
v 0.597908079624176 0.4700468182563782 0.13256390392780304
v 0.598150908946991 0.49611783027648926 -0.07190705835819244
v 0.6154797673225403 0.057558219879865646 -0.020182650536298752
v 0.6246650218963623 0.10378362983465195 -0.19292199611663818
v 0.6106749176979065 0.09237804263830185 -0.19254688918590546
v 0.6169829368591309 0.10869940370321274 -0.17562495172023773
v 0.6158968806266785 0.12530049681663513 -0.17104509472846985
v 0.6212202906608582 0.11408624798059464 -0.1971629410982132
v 0.6172056198120117 0.1861453801393509 0.11774510890245438
v 0.6270118951797485 0.21172600984573364 0.14255847036838531
v 0.6241633892059326 0.2196005880832672 0.15386751294136047
v 0.621420681476593 0.22431440651416779 0.19645118713378906
v 0.6067972183227539 0.26755377650260925 0.20054158568382263
v 0.6192442178726196 0.27093759179115295 0.17641215026378632
v 0.6017669439315796 0.30272194743156433 0.18447063863277435
v 0.6132662296295166 0.28841012716293335 -0.15189751982688904
v 0.6085997223854065 0.2934727966785431 -0.1370060294866562
v 0.6095148921012878 0.31020528078079224 0.17688123881816864
v 0.617180347442627 0.31859567761421204 -0.15125000476837158
v 0.6182201504707336 0.32302966713905334 -0.18900005519390106
v 0.6081594228744507 0.3265422284603119 -0.14549997448921204
v 0.6165066957473755 0.353464275598526 -0.18516968190670013
v 0.6107860207557678 0.3403486907482147 -0.1443832814693451
v 0.6169718503952026 0.3712874948978424 -0.17707407474517822
v 0.6102699637413025 0.386992484331131 -0.17798084020614624
v 0.6155165433883667 0.3865116834640503 -0.16718298196792603
v 0.620004415512085 0.39259085059165955 -0.14877840876579285
v 0.6095916032791138 0.4214414060115814 -0.16285499930381775
v 0.6172321438789368 0.4241405129432678 -0.14134854078292847
v 0.6076317429542542 0.45206430554389954 0.14405694603919983
v 0.5955283045768738 0.5074756741523743 -0.045758914202451706
v 0.6336027383804321 0.09996428340673447 -0.02411780320107937
v 0.6116708517074585 0.0736093521118164 0.012291055172681808
v 0.6322263479232788 0.11977600306272507 0.02422838658094406
v 0.6195288300514221 0.11625608056783676 0.16825348138809204
v 0.624704897403717 0.1232823058962822 0.18595750629901886
v 0.61847323179245 0.13520346581935883 -0.0930185467004776
v 0.61803138256073 0.13266383111476898 0.16138318181037903
v 0.6176182627677917 0.13684134185314178 0.1911865770816803
v 0.6287376284599304 0.1663358062505722 -0.0985395610332489
v 0.6110609173774719 0.1588384062051773 0.08546146750450134
v 0.6337931752204895 0.1653541922569275 0.08861234039068222
v 0.6219068169593811 0.1881529539823532 0.1935877948999405
v 0.631771445274353 0.19215600192546844 -0.10719120502471924
v 0.6156609058380127 0.21429941058158875 0.160057932138443
v 0.627247154712677 0.2162727415561676 0.16327720880508423
v 0.623940646648407 0.23650218546390533 0.19321268796920776
v 0.6167084574699402 0.2631007432937622 0.1922755241394043
v 0.6259099841117859 0.2514807879924774 0.1765037477016449
v 0.6153177618980408 0.2850801348686218 0.17574645578861237
v 0.6290392875671387 0.27371686697006226 -0.14844775199890137
v 0.6484619379043579 0.2771119177341461 -0.11403819173574448
v 0.6178138852119446 0.28833654522895813 -0.19372309744358063
v 0.6276636719703674 0.3106440007686615 -0.15243670344352722
v 0.6243493556976318 0.33833053708076477 -0.15955707430839539
v 0.6171981692314148 0.3188093900680542 -0.13880430161952972
v 0.6261378526687622 0.3311689496040344 -0.1768968105316162
v 0.6271596550941467 0.33449047803878784 -0.1694074422121048
v 0.6223599910736084 0.3527376055717468 -0.137771338224411
v 0.6197061538696289 0.3539315462112427 0.17996537685394287
v 0.620952844619751 0.35807645320892334 -0.15728116035461426
v 0.6195436716079712 0.3695010244846344 -0.15625949203968048
v 0.620650589466095 0.36623257398605347 -0.16911575198173523
v 0.62000972032547 0.37263116240501404 -0.14572319388389587
v 0.6179656386375427 0.42477506399154663 0.15897968411445618
v 0.6075872778892517 0.511775553226471 0.04861662536859512
v 0.6259499192237854 0.5014916658401489 0.08441638201475143
v 0.6234278082847595 0.5111715793609619 -0.019024280831217766
v 0.6415271759033203 0.12260497361421585 0.015994176268577576
v 0.6221424341201782 0.09866976737976074 -0.18352222442626953
v 0.6186521649360657 0.08732223510742188 -0.05292603746056557
v 0.6348432302474976 0.11720804125070572 -0.16906504333019257
v 0.624064564704895 0.12302844971418381 -0.07552237808704376
v 0.6378715634346008 0.12945972383022308 -0.04272783547639847
v 0.6169431209564209 0.10683203488588333 0.17669296264648438
v 0.6339000463485718 0.1269458681344986 0.1683003157377243
v 0.6328657269477844 0.12333940714597702 0.17663097381591797
v 0.6220773458480835 0.13661205768585205 0.05273895710706711
v 0.6292659044265747 0.13220034539699554 0.18472430109977722
v 0.6387972235679626 0.13625980913639069 -0.161519393324852
v 0.6222830414772034 0.17841753363609314 -0.15925797820091248
v 0.628736138343811 0.16009189188480377 0.15895263850688934
v 0.6316162347793579 0.1858147382736206 0.16084474325180054
v 0.6138706803321838 0.23051795363426208 -0.15461717545986176
v 0.6185080409049988 0.2064085453748703 -0.1203470453619957
v 0.6371060609817505 0.24462592601776123 -0.11718005686998367
v 0.6399438381195068 0.21826522052288055 0.15361075103282928
v 0.6338210701942444 0.21688507497310638 0.18463927507400513
v 0.6353878378868103 0.24485285580158234 -0.14890894293785095
v 0.633681058883667 0.223293274641037 0.18095041811466217
v 0.6284140944480896 0.20990382134914398 -0.19374273717403412
v 0.6302436590194702 0.2961837649345398 -0.18493162095546722
v 0.6348438262939453 0.28089210391044617 -0.14891867339611053
v 0.6377658247947693 0.292481392621994 -0.15188942849636078
v 0.6313067674636841 0.32044705748558044 -0.1615491360425949
v 0.6388123035430908 0.3291662037372589 -0.13004660606384277
v 0.6259223818778992 0.4192165434360504 -0.13237835466861725
v 0.6345202922821045 0.4848412573337555 0.1179514154791832
v 0.6266170740127563 0.49013441801071167 -0.07558713853359222
v 0.6391760110855103 0.110553078353405 -0.17712989449501038
v 0.6439836025238037 0.11595892906188965 -0.006274588871747255
v 0.6383237838745117 0.10538515448570251 0.0008512554923072457
v 0.6348329186439514 0.10780325531959534 -0.18451668322086334
v 0.6327677369117737 0.14219336211681366 0.16094468533992767
v 0.6333321928977966 0.1516004055738449 0.06650304794311523
v 0.6403689980506897 0.14931683242321014 0.1625850349664688
v 0.6518701314926147 0.178970068693161 -0.07827545702457428
v 0.6408004760742188 0.16889715194702148 0.16200774908065796
v 0.6343879699707031 0.18938003480434418 0.1867651492357254
v 0.644800066947937 0.19909138977527618 0.1315104216337204
v 0.6407846212387085 0.1957365721464157 0.16870006918907166
v 0.6380809545516968 0.20328867435455322 -0.15257248282432556
v 0.6397790312767029 0.20478945970535278 0.1768929362297058
v 0.6346132159233093 0.21609026193618774 0.16828741133213043
v 0.6478042602539062 0.23328688740730286 -0.10758566111326218
v 0.6358867883682251 0.22412821650505066 0.1609969586133957
v 0.6323125958442688 0.2337171584367752 0.16988682746887207
v 0.6429371237754822 0.226942241191864 0.16162453591823578
v 0.6321708559989929 0.256583034992218 0.1727709174156189
v 0.639168381690979 0.23825936019420624 -0.18402178585529327
v 0.6331335306167603 0.2780493199825287 0.17707091569900513
v 0.6541934609413147 0.2771957814693451 0.18384209275245667
v 0.6374807953834534 0.2935144901275635 -0.1776934564113617
v 0.6424886584281921 0.2894735634326935 -0.16903623938560486
v 0.6426905989646912 0.2918716073036194 -0.1603255420923233
v 0.6329410076141357 0.3092822730541229 0.1848730742931366
v 0.6522029638290405 0.3643876612186432 0.18641605973243713
v 0.6294421553611755 0.38475939631462097 -0.13348974287509918
v 0.6350331902503967 0.47260209918022156 0.1305830329656601
v 0.6321554183959961 0.5016946196556091 -0.0499238483607769
v 0.6405141949653625 0.5098311305046082 0.03731866553425789
v 0.6392606496810913 0.12038666009902954 -0.1860317885875702
v 0.6482431888580322 0.12234792113304138 -0.17684824764728546
v 0.6457109451293945 0.12146725505590439 -0.16861747205257416
v 0.6450457572937012 0.13443179428577423 -0.18346916139125824
v 0.6483197212219238 0.13497121632099152 -0.1614226996898651
v 0.6486133933067322 0.13748103380203247 0.02386827953159809
v 0.6482633948326111 0.15923844277858734 -0.15508444607257843
v 0.6474723219871521 0.1554214507341385 -0.06291734427213669
v 0.6462047696113586 0.14403009414672852 0.04046012461185455
v 0.6452038884162903 0.14877893030643463 0.16894811391830444
v 0.640649676322937 0.14159798622131348 0.1772690713405609
v 0.6433218121528625 0.18000270426273346 0.1779574751853943
v 0.6463054418563843 0.1698009967803955 0.16897501051425934
v 0.6538442969322205 0.16706141829490662 -0.17638635635375977
v 0.6446242332458496 0.2587377727031708 -0.17689332365989685
v 0.6477583050727844 0.21776622533798218 -0.1509707272052765
v 0.6429267525672913 0.25281822681427 -0.1499081552028656
v 0.6435567736625671 0.24852624535560608 0.17116481065750122
v 0.6484665870666504 0.2563092112541199 -0.15338203310966492
v 0.6563841104507446 0.3064391314983368 -0.11705833673477173
v 0.6437802314758301 0.43029725551605225 -0.11215712875127792
v 0.6552218198776245 0.4319846034049988 0.15871639549732208
v 0.628450334072113 0.44364598393440247 -0.11798587441444397
v 0.6514182090759277 0.4588765501976013 0.1399613320827484
v 0.6549555659294128 0.49567940831184387 -0.04827245697379112
v 0.6464200019836426 0.5059090852737427 -0.02338532730937004
v 0.6449012756347656 0.5095529556274414 0.0007352585671469569
v 0.6515403389930725 0.13467690348625183 -0.17760396003723145
v 0.6551712155342102 0.1337844729423523 -0.1689125895500183
v 0.655328094959259 0.14100541174411774 0.005375976674258709
v 0.6568289995193481 0.1442786008119583 -0.16069068014621735
v 0.6609141230583191 0.16700436174869537 -0.03075362741947174
v 0.6511887907981873 0.15421916544437408 0.057038813829422
v 0.6565149426460266 0.1641339212656021 -0.15535543859004974
v 0.6560307145118713 0.1942957639694214 -0.15419231355190277
v 0.6557441353797913 0.20738589763641357 -0.16895601153373718
v 0.6565724015235901 0.22100381553173065 -0.16105923056602478
v 0.6773213148117065 0.22804513573646545 0.16907799243927002
v 0.6500913500785828 0.25276440382003784 -0.16933992505073547
v 0.6531753540039062 0.2463746964931488 -0.16101399064064026
v 0.6530397534370422 0.2188316285610199 -0.15352490544319153
v 0.6596038937568665 0.29685845971107483 0.19335003197193146
v 0.6568002700805664 0.40113621950149536 0.17387813329696655
v 0.6370697021484375 0.40231791138648987 -0.1259119063615799
v 0.6688389778137207 0.4492555260658264 -0.08420829474925995
v 0.6467853784561157 0.4657861888408661 -0.09087926894426346
v 0.6499908566474915 0.48290738463401794 -0.07373622059822083
v 0.6462630033493042 0.4991481602191925 0.08451154828071594
v 0.6770262718200684 0.5010666251182556 0.027346309274435043
v 0.6770530343055725 0.5000820755958557 0.04320138320326805
v 0.6552156209945679 0.14643247425556183 -0.014449630863964558
v 0.6630306839942932 0.1530463993549347 0.0003269221924711019
v 0.6596975326538086 0.1556738018989563 -0.1701088696718216
v 0.6618972420692444 0.16595876216888428 -0.16133926808834076
v 0.6541078090667725 0.20941634476184845 -0.0936974436044693
v 0.6613766551017761 0.2691982090473175 -0.1043727695941925
v 0.6757866740226746 0.3589256703853607 -0.10769373178482056
v 0.6636266708374023 0.46775177121162415 0.13018375635147095
v 0.6541492938995361 0.49152010679244995 0.10129062831401825
v 0.6652919054031372 0.49837392568588257 0.07230086624622345
v 0.6728811264038086 0.16151846945285797 0.008368954993784428
v 0.6644702553749084 0.15311214327812195 0.03625000640749931
v 0.6341513991355896 0.17487961053848267 0.10391678661108017
v 0.6775635480880737 0.1977894902229309 -0.04675314202904701
v 0.6645254492759705 0.18252263963222504 -0.057486265897750854
v 0.6594247817993164 0.19533184170722961 0.12687906622886658
v 0.6732968688011169 0.2651628255844116 0.18212628364562988
v 0.6771644949913025 0.30247917771339417 0.19468246400356293
v 0.6624815464019775 0.3138783276081085 0.19556282460689545
v 0.6642447710037231 0.3400149643421173 0.1933257132768631
v 0.6813682317733765 0.3598177134990692 0.18839113414287567
v 0.685882568359375 0.37598052620887756 0.18360589444637299
v 0.6754957437515259 0.4237801432609558 -0.08970057219266891
v 0.6563888788223267 0.4817224442958832 0.11732200533151627
v 0.6747644543647766 0.49958935379981995 -0.009252583608031273
v 0.6871512532234192 0.4928683340549469 0.0640111118555069
v 0.6690089702606201 0.15523061156272888 0.02694067172706127
v 0.669158399105072 0.1624031960964203 0.06509344279766083
v 0.6835043430328369 0.16239696741104126 0.05376696586608887
v 0.691405713558197 0.20108912885189056 0.13649366796016693
v 0.6772782802581787 0.21604469418525696 -0.06491736322641373
v 0.6570832133293152 0.21289397776126862 0.15114253759384155
v 0.7013930082321167 0.2151537984609604 0.16144759953022003
v 0.6980476975440979 0.3227470815181732 -0.09525960683822632
v 0.6577016115188599 0.32485610246658325 -0.1197303980588913
v 0.6880195736885071 0.3346206545829773 0.19214263558387756
v 0.6722902059555054 0.4686279594898224 -0.06921474635601044
v 0.6818983554840088 0.46986788511276245 0.11749164760112762
v 0.6655489802360535 0.4829038083553314 0.11079223453998566
v 0.6721335649490356 0.1745336949825287 -0.020826850086450577
v 0.6704756617546082 0.1880202293395996 0.11484476178884506
v 0.6739213466644287 0.2630598843097687 -0.09254714846611023
v 0.6972141265869141 0.2931861877441406 0.18863770365715027
v 0.6864647269248962 0.32035887241363525 0.1944192349910736
v 0.668959379196167 0.3388298749923706 -0.1136370301246643
v 0.684445858001709 0.41791123151779175 0.16979295015335083
v 0.6943128108978271 0.4565373361110687 0.132914200425148
v 0.67823326587677 0.48675262928009033 0.09300616383552551
v 0.6798624992370605 0.1704573780298233 0.0008954757358878851
v 0.6917293071746826 0.1686871349811554 0.030906517058610916
v 0.708279013633728 0.20115740597248077 -0.015158707275986671
v 0.706939160823822 0.19329997897148132 0.11925502121448517
v 0.705140233039856 0.22726547718048096 0.1728910356760025
v 0.6886160373687744 0.2738562524318695 -0.08539362251758575
v 0.6933638453483582 0.3062441051006317 -0.0945810005068779
v 0.6939036250114441 0.37125155329704285 -0.0932699665427208
v 0.6994502544403076 0.37499576807022095 0.1818135678768158
v 0.697924792766571 0.395778626203537 0.18108047544956207
v 0.6935626864433289 0.4372357428073883 -0.06908202916383743
v 0.6850882172584534 0.43397098779678345 0.1588965207338333
v 0.6807106137275696 0.4502188265323639 0.1448032110929489
v 0.6989096403121948 0.4610269367694855 0.12132599204778671
v 0.6833177804946899 0.4855543076992035 -0.040333814918994904
v 0.6813132762908936 0.4934479594230652 -0.025283178314566612
v 0.698054313659668 0.49160948395729065 0.030853595584630966
v 0.7017031908035278 0.16863445937633514 0.05252344161272049
v 0.714277982711792 0.17338457703590393 0.0734233409166336
v 0.6962035298347473 0.17763544619083405 0.0911886990070343
v 0.6941455602645874 0.24537336826324463 -0.06458191573619843
v 0.7014654278755188 0.24221007525920868 0.17822237312793732
v 0.6996355652809143 0.2714296877384186 0.18412265181541443
v 0.7001270055770874 0.3460070788860321 0.18402905762195587
v 0.7058062553405762 0.41662827134132385 0.176112100481987
v 0.698769748210907 0.445335328578949 0.14953632652759552
v 0.7006435394287109 0.45944780111312866 -0.04778836667537689
v 0.6959966421127319 0.4753210246562958 -0.038392677903175354
v 0.697966992855072 0.4696268141269684 0.10385075211524963
v 0.6999466419219971 0.4840892553329468 -0.017969094216823578
v 0.7114701867103577 0.4734445810317993 0.07472050189971924
v 0.6958833336830139 0.49247121810913086 0.005863049998879433
v 0.6989192366600037 0.20612552762031555 -0.03164445981383324
v 0.7139891386032104 0.25878626108169556 -0.05822769179940224
v 0.7233477234840393 0.3214852809906006 0.1801854372024536
v 0.7085846662521362 0.35885098576545715 0.1795688271522522
v 0.709613561630249 0.3957761228084564 0.1784999668598175
v 0.7092854976654053 0.43006202578544617 0.16900406777858734
v 0.7180410623550415 0.4511723518371582 0.13422493636608124
v 0.7216119170188904 0.4626677930355072 0.08799822628498077
v 0.7114044427871704 0.48319047689437866 0.01524900272488594
v 0.7267028093338013 0.4698631763458252 0.04009843245148659
v 0.7150574326515198 0.17489194869995117 0.051654621958732605
v 0.7220016121864319 0.1917404681444168 0.027109859511256218
v 0.7257891297340393 0.21995991468429565 0.17477825284004211
v 0.725407063961029 0.2204122096300125 -0.022370610386133194
v 0.7211892604827881 0.2846522033214569 0.1839681714773178
v 0.7324199080467224 0.3125631511211395 -0.07395065575838089
v 0.7293033599853516 0.309264212846756 0.18049457669258118
v 0.741034746170044 0.34188514947891235 0.16451184451580048
v 0.7184563279151917 0.40994009375572205 0.1759171485900879
v 0.7196277976036072 0.4258906841278076 0.17148523032665253
v 0.7224952578544617 0.44198980927467346 0.15429651737213135
v 0.7370439171791077 0.18044209480285645 0.06336202472448349
v 0.7235697507858276 0.17900079488754272 0.09338079392910004
v 0.7162993550300598 0.2006056010723114 -0.003691729623824358
v 0.7120881080627441 0.20736977458000183 0.15249870717525482
v 0.7229663729667664 0.2389192134141922 0.18126383423805237
v 0.7240657806396484 0.26170653104782104 0.18374378979206085
v 0.716412365436554 0.3835364580154419 -0.0712500512599945
v 0.7277823090553284 0.38594070076942444 0.16433311998844147
v 0.7329492568969727 0.4270789921283722 0.16684462130069733
v 0.7191402316093445 0.457442969083786 0.11188183724880219
v 0.7256730794906616 0.4656665027141571 -0.002652061404660344
v 0.7413830757141113 0.17603525519371033 0.0827476978302002
v 0.7389193177223206 0.18093352019786835 0.10584797710180283
v 0.731662929058075 0.1928686797618866 0.12546120584011078
v 0.7469217777252197 0.20321258902549744 0.16362495720386505
v 0.7396115064620972 0.20873330533504486 0.0020911425817757845
v 0.7408539056777954 0.22728006541728973 0.18574021756649017
v 0.7412081956863403 0.24830415844917297 -0.03325442597270012
v 0.723330020904541 0.29199665784835815 -0.07080616056919098
v 0.731896698474884 0.3308700621128082 -0.07559719681739807
v 0.7374071478843689 0.3186625838279724 0.17604370415210724
v 0.729656994342804 0.40500205755233765 -0.049549683928489685
v 0.740249514579773 0.404789537191391 0.16307738423347473
v 0.7357953190803528 0.43041959404945374 -0.028603442013263702
v 0.7314237952232361 0.4480353593826294 -0.019156256690621376
v 0.7342482805252075 0.4623725116252899 0.05942988768219948
v 0.7545458674430847 0.4454321563243866 0.09635157138109207
v 0.7477092146873474 0.17569942772388458 0.09962426871061325
v 0.7430940270423889 0.19736072421073914 0.038751356303691864
v 0.7392148375511169 0.254233181476593 0.18682274222373962
v 0.750679612159729 0.3351860046386719 0.16377104818820953
v 0.7336538434028625 0.3680526316165924 0.16262291371822357
v 0.7537511587142944 0.37365561723709106 0.14721912145614624
v 0.7422630786895752 0.35244420170783997 -0.06358228623867035
v 0.740486204624176 0.4372421205043793 0.15044081211090088
v 0.7354081273078918 0.46394413709640503 0.01795872114598751
v 0.7505297660827637 0.17501655220985413 0.0844542607665062
v 0.7454707622528076 0.1891050785779953 0.12862232327461243
v 0.7420442700386047 0.21320433914661407 0.1783284693956375
v 0.7591938376426697 0.22722989320755005 -0.007134643383324146
v 0.7547139525413513 0.2934246361255646 -0.0497722253203392
v 0.7475754618644714 0.30368706583976746 -0.06042470037937164
v 0.7453674077987671 0.29846397042274475 0.18136408925056458
v 0.7566797733306885 0.3153386116027832 -0.05567174404859543
v 0.7544483542442322 0.3244823217391968 -0.058463819324970245
v 0.7533430457115173 0.34915995597839355 0.15655547380447388
v 0.7538434267044067 0.40783819556236267 0.1528688222169876
v 0.7372533082962036 0.41335806250572205 0.16829602420330048
v 0.7501816153526306 0.4238705635070801 0.154695525765419
v 0.7523766160011292 0.4306090474128723 0.14302262663841248
v 0.7484977841377258 0.44496363401412964 0.11049740761518478
v 0.7395105957984924 0.44347864389419556 0.13870519399642944
v 0.7540602087974548 0.45083534717559814 0.016723858192563057
v 0.7536643147468567 0.45423534512519836 0.035912130028009415
v 0.756539523601532 0.17308948934078217 0.11570387333631516
v 0.7538127899169922 0.1786525845527649 0.07646755129098892
v 0.7595415711402893 0.1897435188293457 0.06406431645154953
v 0.7612819671630859 0.1931706815958023 0.15274368226528168
v 0.7502213716506958 0.28509101271629333 0.18422602117061615
v 0.7639283537864685 0.2907882630825043 0.18608985841274261
v 0.7528141736984253 0.37548235058784485 -0.039972711354494095
v 0.7534627318382263 0.392188161611557 -0.03333020582795143
v 0.7645491361618042 0.39869409799575806 -0.02189832553267479
v 0.7538678050041199 0.42538997530937195 -0.01544871460646391
v 0.7582359910011292 0.4334152340888977 0.12073276937007904
v 0.753480076789856 0.43894246220588684 -0.0044146268628537655
v 0.7685611248016357 0.4378509223461151 0.006333268713206053
v 0.7648087739944458 0.16586489975452423 0.0957813411951065
v 0.770283579826355 0.21091437339782715 0.018610727041959763
v 0.7598854899406433 0.21728190779685974 0.19341112673282623
v 0.7613515257835388 0.2327231913805008 0.1957358866930008
v 0.7588894963264465 0.24848508834838867 -0.018599016591906548
v 0.7565495371818542 0.3128391206264496 0.1773182600736618
v 0.7669675350189209 0.3549172580242157 0.15007814764976501
v 0.766218900680542 0.3768363893032074 0.1403961479663849
v 0.7644447088241577 0.3755250871181488 -0.01833420991897583
v 0.7576702833175659 0.3906615674495697 0.14427484571933746
v 0.7713643908500671 0.41960614919662476 -0.0075649600476026535
v 0.7647904753684998 0.41043320298194885 0.12997545301914215
v 0.7627635598182678 0.4452805817127228 0.06993640214204788
v 0.7731228470802307 0.44354721903800964 0.02056216448545456
v 0.7688729166984558 0.16354762017726898 0.10922139137983322
v 0.7784570455551147 0.1727440506219864 0.08490660786628723
v 0.7675812244415283 0.17563501000404358 0.13240261375904083
v 0.7570000886917114 0.20784853398799896 0.18334101140499115
v 0.7741212248802185 0.20766499638557434 0.19658826291561127
v 0.7907580137252808 0.21515360474586487 0.029415959492325783
v 0.7856927514076233 0.22865724563598633 0.014900527894496918
v 0.760299563407898 0.27455565333366394 -0.03141392394900322
v 0.7672716975212097 0.29791757464408875 -0.03769949451088905
v 0.791103720664978 0.29047784209251404 0.19262786209583282
v 0.7815937399864197 0.3023630678653717 0.18483537435531616
v 0.771237850189209 0.3142472207546234 -0.03759881481528282
v 0.7577759623527527 0.3472110331058502 -0.049864690750837326
v 0.7766897678375244 0.3697027266025543 -0.003634205088019371
v 0.7708770036697388 0.39766326546669006 -0.013233819045126438
v 0.7672212719917297 0.4327685832977295 0.10628450661897659
v 0.7749892473220825 0.43116968870162964 0.08947634696960449
v 0.77564537525177 0.4447125196456909 0.042569082230329514
v 0.7769899964332581 0.16385520994663239 0.10218468308448792
v 0.790359616279602 0.16903042793273926 0.1293773502111435
v 0.7638134360313416 0.17745289206504822 0.07794268429279327
v 0.7845592498779297 0.19873207807540894 0.19467179477214813
v 0.7839792370796204 0.26746267080307007 0.19794508814811707
v 0.7820577025413513 0.2838059663772583 -0.004999678581953049
v 0.77485191822052 0.3297087550163269 -0.030768172815442085
v 0.7885857820510864 0.33775296807289124 0.013232639990746975
v 0.7718989253044128 0.3502175211906433 -0.019772110506892204
v 0.7827776074409485 0.3499175012111664 0.006417459342628717
v 0.7885246872901917 0.34557658433914185 0.15283344686031342
v 0.7781645655632019 0.38755589723587036 0.007753822486847639
v 0.7760366797447205 0.3851214647293091 0.13082337379455566
v 0.7806040048599243 0.39684396982192993 0.1148626059293747
v 0.7789201736450195 0.41363435983657837 -0.003091649617999792
v 0.7824315428733826 0.4167644679546356 0.09944414347410202
v 0.7759113907814026 0.41744691133499146 0.11224310845136642
v 0.7833564281463623 0.42555734515190125 0.07070524245500565
v 0.7827108502388 0.4367101192474365 0.0210463497787714
v 0.7871516942977905 0.4355011284351349 0.03653594106435776
v 0.7810838222503662 0.4366178810596466 0.05608813092112541
v 0.7799800634384155 0.17082159221172333 0.1336149424314499
v 0.7961171865463257 0.18124626576900482 0.08461824804544449
v 0.7848786115646362 0.19554144144058228 0.06743625551462173
v 0.785946786403656 0.2092491090297699 0.035944025963544846
v 0.7817578315734863 0.2518368065357208 0.20044399797916412
v 0.8001998066902161 0.2556535005569458 0.020064152777194977
v 0.7844862937927246 0.30336955189704895 -0.010272027924656868
v 0.7812899351119995 0.32054948806762695 -0.01911087892949581
v 0.7870209813117981 0.3463209271430969 0.015608101151883602
v 0.7825427651405334 0.37469741702079773 0.023507440462708473
v 0.7834045886993408 0.36531612277030945 0.14049504697322845
v 0.7878846526145935 0.3769872486591339 0.039242181926965714
v 0.7892248034477234 0.3815697431564331 0.04607781395316124
v 0.7861368060112 0.3857864439487457 0.11688181012868881
v 0.7866789102554321 0.3898436427116394 0.06938205659389496
v 0.7895694375038147 0.3875337541103363 0.09708577394485474
v 0.7868456244468689 0.4067346453666687 0.0917743444442749
v 0.7889159321784973 0.39690539240837097 0.030494246631860733
v 0.7881425023078918 0.408401757478714 0.06980825960636139
v 0.7845207452774048 0.42407676577568054 0.00903649814426899
v 0.786302387714386 0.4107450544834137 0.010222379118204117
v 0.7920340299606323 0.42377158999443054 0.04963667690753937
v 0.8000112771987915 0.1758466213941574 0.16823521256446838
v 0.7938709259033203 0.19668897986412048 0.20076686143875122
v 0.8053053021430969 0.2021128088235855 0.21035227179527283
v 0.7834030985832214 0.2011711299419403 0.05883599445223808
v 0.792054295539856 0.3116074800491333 0.006750327534973621
v 0.8015987873077393 0.33013200759887695 0.1662704348564148
v 0.7887488603591919 0.3643644452095032 0.03424607217311859
v 0.7915822267532349 0.3725827932357788 0.07195088267326355
v 0.7965526580810547 0.3617984354496002 0.13350485265254974
v 0.7923184633255005 0.4107728898525238 0.05129124969244003
v 0.794205367565155 0.4170756936073303 0.030415868386626244
v 0.7892328500747681 0.4282103180885315 0.02314595691859722
v 0.8012785911560059 0.17106670141220093 0.10794874280691147
v 0.7824873924255371 0.21127377450466156 0.20229266583919525
v 0.8374035954475403 0.23543696105480194 0.2190074771642685
v 0.791982889175415 0.2817685306072235 0.009998469613492489
v 0.8047243356704712 0.32276010513305664 0.0391203910112381
v 0.7921128273010254 0.362822949886322 0.04559079557657242
v 0.8114169239997864 0.33756181597709656 0.15631163120269775
v 0.8024113774299622 0.3543722927570343 0.07774168252944946
v 0.7994986772537231 0.3693985641002655 0.10438176244497299
v 0.8176296353340149 0.1667151004076004 0.12822957336902618
v 0.7955355048179626 0.18847717344760895 0.18555492162704468
v 0.8151025176048279 0.19762983918190002 0.0751890316605568
v 0.8138859868049622 0.21989962458610535 0.041982654482126236
v 0.8211125135421753 0.2733290493488312 0.043761707842350006
v 0.808810830116272 0.29006728529930115 0.03344546630978584
v 0.8108378648757935 0.305214524269104 0.04166576266288757
v 0.8155209422111511 0.32049983739852905 0.0604645200073719
v 0.7849485874176025 0.3139342963695526 0.1778026968240738
v 0.806081235408783 0.3306928873062134 0.051501911133527756
v 0.8203086256980896 0.33100566267967224 0.07985855638980865
v 0.8167027831077576 0.34434446692466736 0.09906067699193954
v 0.8023599982261658 0.3625376522541046 0.12143129855394363
v 0.8138107657432556 0.35136279463768005 0.11459244787693024
v 0.7979094982147217 0.16938292980194092 0.1481117606163025
v 0.811271071434021 0.1766182780265808 0.0977836325764656
v 0.8425664305686951 0.2529152035713196 0.21919900178909302
v 0.8294338583946228 0.3265891671180725 0.17051579058170319
v 0.8003337383270264 0.34965980052948 0.14458586275577545
v 0.8336603045463562 0.33259427547454834 0.15574410557746887
v 0.8245739936828613 0.16705194115638733 0.15785959362983704
v 0.819165050983429 0.18594622611999512 0.205568328499794
v 0.8142202496528625 0.20961490273475647 0.052656251937150955
v 0.8544074296951294 0.28330889344215393 0.21193169057369232
v 0.8236664533615112 0.2995239496231079 0.19550184905529022
v 0.8165847659111023 0.34553200006484985 0.1359225958585739
v 0.8481957912445068 0.16465213894844055 0.1723489761352539
v 0.8403493165969849 0.16937576234340668 0.18965880572795868
v 0.827928364276886 0.19581849873065948 0.21549195051193237
v 0.8424275517463684 0.22544747591018677 0.06050344929099083
v 0.8159553408622742 0.23984846472740173 0.03561205044388771
v 0.8248462677001953 0.2961013913154602 0.05572793260216713
v 0.83952796459198 0.3001765012741089 0.07362951338291168
v 0.8366101384162903 0.3107517659664154 0.18914265930652618
v 0.8456597924232483 0.32631316781044006 0.11373116075992584
v 0.8357274532318115 0.17070552706718445 0.11390890926122665
v 0.8536943197250366 0.16979409754276276 0.1273326426744461
v 0.8431752324104309 0.17894624173641205 0.20772498846054077
v 0.8432116508483887 0.19607657194137573 0.08026368916034698
v 0.8324477076530457 0.21114735305309296 0.05971679091453552
v 0.8467552661895752 0.20760762691497803 0.07044173777103424
v 0.8367992639541626 0.26929494738578796 0.2131699025630951
v 0.8318309783935547 0.3379722535610199 0.12772797048091888
v 0.8541839718818665 0.30678412318229675 0.09399925172328949
v 0.870278537273407 0.30536603927612305 0.11125224083662033
v 0.8585391044616699 0.3229058086872101 0.16634522378444672
v 0.8688485026359558 0.17914293706417084 0.11163388937711716
v 0.8670410513877869 0.1952919214963913 0.08938253670930862
v 0.8533051013946533 0.19832754135131836 0.21987542510032654
v 0.8501580357551575 0.2079082727432251 0.2225991040468216
v 0.8713980317115784 0.2534712553024292 0.23228879272937775
v 0.8723177909851074 0.3065166771411896 0.19529667496681213
v 0.8534746170043945 0.31774652004241943 0.1817459762096405
v 0.8720037937164307 0.16743269562721252 0.15321628749370575
v 0.8672321438789368 0.22022835910320282 0.2316136658191681
v 0.8341090679168701 0.2507898807525635 0.051907729357481
v 0.8689799904823303 0.2566792964935303 0.08464102447032928
v 0.8598604202270508 0.26956385374069214 0.07991966605186462
v 0.8709308505058289 0.29478493332862854 0.20796418190002441
v 0.8799356818199158 0.3108294606208801 0.1842917501926422
v 0.8628708720207214 0.3230117857456207 0.15406136214733124
v 0.8668587803840637 0.16842573881149292 0.18349522352218628
v 0.8617481589317322 0.1762029379606247 0.2024359405040741
v 0.8806203603744507 0.19989624619483948 0.22431212663650513
v 0.8699144721031189 0.2059289515018463 0.22844770550727844
v 0.8665444254875183 0.21330009400844574 0.08180098980665207
v 0.8829294443130493 0.24939627945423126 0.23782198131084442
v 0.8801265954971313 0.27379924058914185 0.22604383528232574
v 0.8814021944999695 0.3129366934299469 0.17407777905464172
v 0.884438693523407 0.22656694054603577 0.23701468110084534
v 0.8760297298431396 0.28122714161872864 0.09863901883363724
v 0.8881269693374634 0.2871325612068176 0.21668319404125214
v 0.8922818303108215 0.17561310529708862 0.16523602604866028
v 0.8852030038833618 0.18820245563983917 0.11110050231218338
v 0.8855528235435486 0.17278026044368744 0.14140717685222626
v 0.8931661248207092 0.19822372496128082 0.21796545386314392
v 0.8875446319580078 0.21014924347400665 0.23223160207271576
v 0.8885643482208252 0.24452343583106995 0.09993351250886917
v 0.9061088562011719 0.25103285908699036 0.24280552566051483
v 0.9014153480529785 0.2728428840637207 0.23110011219978333
v 0.9146209955215454 0.1956237256526947 0.13742749392986298
v 0.9020485877990723 0.20157259702682495 0.1160035952925682
v 0.9064579010009766 0.21714769303798676 0.11412578076124191
v 0.913912832736969 0.24106071889400482 0.24304597079753876
v 0.9067683815956116 0.25259026885032654 0.11392137408256531
v 0.9057191610336304 0.26318567991256714 0.23924563825130463
v 0.9063112139701843 0.27152156829833984 0.11910858005285263
v 0.8990005254745483 0.28998592495918274 0.21217286586761475
v 0.8868681788444519 0.29320839047431946 0.11684112250804901
v 0.8704831600189209 0.31763169169425964 0.13612328469753265
v 0.9079367518424988 0.298066109418869 0.18697935342788696
v 0.9126324653625488 0.21596941351890564 0.11725456267595291
v 0.9155564904212952 0.2122296690940857 0.22387458384037018
v 0.9041456580162048 0.21813145279884338 0.23372973501682281
v 0.9105627536773682 0.23062729835510254 0.11483694612979889
v 0.9071427583694458 0.2876729965209961 0.13122883439064026
v 0.9074587821960449 0.29316672682762146 0.14042919874191284
v 0.9082931280136108 0.2998243272304535 0.16410809755325317
v 0.9149447083473206 0.19180803000926971 0.16856926679611206
v 0.895892858505249 0.18729287385940552 0.19664190709590912
v 0.9186692833900452 0.20157058537006378 0.13161011040210724
v 0.918118953704834 0.2074611634016037 0.21131683886051178
v 0.9164278507232666 0.22249862551689148 0.23484228551387787
v 0.9175547361373901 0.2594883143901825 0.11903990060091019
v 0.9175814986228943 0.2540149688720703 0.2429933249950409
v 0.9152390360832214 0.2754409611225128 0.12453094124794006
v 0.9151380062103271 0.29113462567329407 0.19926585257053375
v 0.9166972637176514 0.2971791923046112 0.15465007722377777
v 0.915959894657135 0.2977093756198883 0.18130555748939514
v 0.9168506860733032 0.19979333877563477 0.19501115381717682
v 0.9207800030708313 0.21798764169216156 0.1233178898692131
v 0.9242129921913147 0.2315485030412674 0.12398018687963486
v 0.9234104156494141 0.25834590196609497 0.12621687352657318
v 0.9219093918800354 0.2780492305755615 0.135373055934906
v 0.9172130823135376 0.28165435791015625 0.21735592186450958
v 0.9185595512390137 0.28861260414123535 0.14114096760749817
v 0.9215402603149414 0.29306474328041077 0.16444937884807587
v 0.923957884311676 0.28969794511795044 0.17859897017478943
v 0.9266337752342224 0.20242571830749512 0.1657406985759735
v 0.9369316697120667 0.21345160901546478 0.15054230391979218
v 0.9443357586860657 0.22097642719745636 0.20797371864318848
v 0.9248932600021362 0.2671756148338318 0.23217332363128662
v 0.9274930953979492 0.20710675418376923 0.1901458501815796
v 0.9329531788825989 0.21883365511894226 0.1377565711736679
v 0.9392358064651489 0.2283591479063034 0.22616535425186157
v 0.9287084937095642 0.2377183884382248 0.2376682460308075
v 0.9336478114128113 0.2554737627506256 0.23507535457611084
v 0.9414655566215515 0.27413079142570496 0.15853433310985565
v 0.9462966918945312 0.2717839777469635 0.182224839925766
v 0.9489290714263916 0.2275400459766388 0.1540960669517517
v 0.9508724808692932 0.22292621433734894 0.16649633646011353
v 0.9421109557151794 0.2362528145313263 0.1403767317533493
v 0.9405297040939331 0.2552025318145752 0.1399678736925125
v 0.9443016648292542 0.24332426488399506 0.22772452235221863
v 0.9475322961807251 0.25549712777137756 0.220686674118042
v 0.9438393115997314 0.26596277952194214 0.21515807509422302
v 0.9566724896430969 0.23081941902637482 0.1858227401971817
v 0.9541411995887756 0.2318233847618103 0.20586535334587097
v 0.9583010673522949 0.24424903094768524 0.1625891625881195
v 0.9530466794967651 0.24389423429965973 0.21602241694927216
v 0.9578178524971008 0.25193336606025696 0.20316345989704132
v 0.9557730555534363 0.2293720841407776 0.17075452208518982
v 0.959644079208374 0.23984134197235107 0.19428274035453796
v 0.9545027017593384 0.26003313064575195 0.16272324323654175
v 0.9594561457633972 0.25591030716896057 0.18618005514144897
f 4 6 2
f 3 4 2
f 5 4 3
f 1 5 3
f 10 5 1
f 5 10 7
f 12 6 13
f 4 13 6
f 5 14 4
f 14 13 4
f 3 2 20
f 18 1 17
f 1 3 17
f 19 9 1
f 20 2 11
f 9 10 1
f 10 9 21
f 12 23 11
f 2 6 11
f 11 6 12
f 7 10 21
f 12 13 25
f 5 7 14
f 7 27 14
f 13 34 25
f 13 28 34
f 14 28 13
f 27 28 14
f 56 15 17
f 16 36 20
f 17 20 36
f 19 18 15
f 8 16 20
f 17 3 20
f 15 18 17
f 1 18 19
f 8 11 23
f 20 11 8
f 21 9 22
f 24 21 22
f 32 23 12
f 21 26 7
f 26 21 24
f 32 12 25
f 33 32 25
f 27 7 26
f 34 33 25
f 35 28 27
f 56 17 36
f 19 15 44
f 44 37 19
f 16 8 45
f 29 45 8
f 37 9 19
f 38 9 37
f 8 23 29
f 22 9 38
f 32 31 23
f 24 30 26
f 33 31 32
f 41 31 33
f 30 51 26
f 26 43 27
f 26 51 43
f 33 34 53
f 35 27 43
f 34 28 42
f 42 28 54
f 35 54 28
f 46 38 37
f 29 47 45
f 22 38 39
f 40 22 39
f 29 23 31
f 22 40 24
f 24 40 30
f 30 40 50
f 50 51 30
f 52 41 33
f 52 33 53
f 53 34 42
f 69 35 43
f 35 85 54
f 56 57 15
f 44 15 57
f 16 73 58
f 36 16 58
f 16 45 73
f 37 44 46
f 47 73 45
f 46 59 38
f 38 59 39
f 47 29 61
f 39 49 40
f 29 31 61
f 61 31 48
f 31 41 48
f 40 49 50
f 43 51 66
f 67 52 53
f 66 69 43
f 42 83 53
f 83 42 54
f 68 84 54
f 85 68 54
f 55 36 58
f 56 36 70
f 72 46 44
f 72 59 46
f 60 47 61
f 59 115 39
f 115 63 39
f 39 63 49
f 61 48 76
f 76 48 62
f 63 64 49
f 48 41 62
f 49 64 50
f 41 52 62
f 62 52 65
f 64 81 50
f 50 81 51
f 67 65 52
f 51 81 66
f 112 67 53
f 83 112 53
f 85 35 94
f 69 94 35
f 83 54 84
f 56 96 57
f 70 36 55
f 86 44 57
f 55 58 71
f 58 73 71
f 86 72 44
f 73 87 71
f 73 100 87
f 73 47 100
f 47 60 100
f 115 59 101
f 60 61 74
f 74 61 75
f 115 88 63
f 88 77 63
f 75 61 76
f 76 62 89
f 63 77 64
f 64 77 78
f 89 62 79
f 78 80 64
f 62 65 79
f 64 80 81
f 80 107 81
f 65 67 82
f 66 81 109
f 68 156 84
f 113 68 85
f 96 56 70
f 86 96 97
f 86 57 96
f 55 71 136
f 72 101 59
f 138 60 74
f 88 117 77
f 75 76 102
f 76 89 102
f 90 77 117
f 77 90 78
f 78 90 105
f 80 78 105
f 79 65 91
f 65 82 91
f 107 109 81
f 92 82 67
f 92 67 112
f 69 66 93
f 66 109 93
f 69 93 94
f 83 134 112
f 84 95 134
f 84 134 83
f 95 84 156
f 113 85 94
f 157 156 68
f 113 157 68
f 114 96 70
f 177 97 96
f 86 98 99
f 86 97 98
f 136 71 137
f 99 72 86
f 71 87 137
f 159 101 72
f 100 60 138
f 140 115 101
f 138 74 160
f 160 74 141
f 115 116 88
f 74 75 141
f 118 141 75
f 102 118 75
f 123 90 121
f 121 90 117
f 102 89 124
f 89 103 124
f 103 89 104
f 104 124 103
f 89 79 104
f 106 104 79
f 79 91 106
f 80 129 107
f 91 82 130
f 107 108 109
f 82 92 130
f 92 112 132
f 109 110 93
f 110 111 93
f 113 94 155
f 94 93 155
f 177 96 114
f 98 135 99
f 99 159 72
f 100 138 139
f 100 139 87
f 115 140 162
f 115 162 116
f 88 116 142
f 141 118 165
f 119 117 142
f 142 117 88
f 143 165 118
f 119 121 117
f 143 102 146
f 118 102 143
f 121 120 123
f 123 120 122
f 102 124 146
f 146 124 126
f 123 122 105
f 123 105 90
f 126 124 104
f 104 106 128
f 128 126 104
f 149 127 122
f 105 127 80
f 122 127 105
f 127 129 80
f 150 129 127
f 106 91 151
f 151 128 106
f 107 129 108
f 130 151 91
f 109 108 110
f 130 92 131
f 92 132 131
f 112 134 132
f 133 132 134
f 111 155 93
f 114 70 55
f 135 191 99
f 191 159 99
f 87 139 207
f 179 140 159
f 159 140 101
f 161 138 160
f 160 141 163
f 119 120 121
f 144 165 143
f 168 144 169
f 144 143 145
f 169 144 122
f 120 169 122
f 143 146 145
f 122 144 145
f 147 145 146
f 126 125 146
f 147 146 125
f 145 147 149
f 145 149 122
f 126 128 125
f 149 147 148
f 147 125 148
f 128 170 125
f 149 148 172
f 172 127 149
f 129 150 108
f 151 130 153
f 150 152 108
f 130 131 153
f 108 152 110
f 152 154 110
f 153 131 174
f 154 186 110
f 131 132 174
f 174 132 133
f 110 186 111
f 111 186 155
f 155 158 113
f 205 177 114
f 136 190 55
f 114 55 190
f 137 178 136
f 137 87 207
f 179 159 221
f 207 139 192
f 192 139 161
f 139 138 161
f 163 161 160
f 116 162 180
f 163 141 165
f 180 164 142
f 116 180 142
f 164 167 119
f 164 119 142
f 168 163 165
f 169 166 168
f 167 169 120
f 119 167 120
f 168 165 144
f 170 148 125
f 128 151 170
f 148 170 171
f 172 148 171
f 171 196 172
f 127 172 173
f 127 173 150
f 153 170 151
f 173 152 150
f 153 174 184
f 154 185 186
f 187 174 133
f 187 133 134
f 155 186 158
f 186 175 158
f 188 187 134
f 95 215 188
f 95 188 134
f 95 156 203
f 215 95 203
f 203 156 157
f 157 113 204
f 189 203 157
f 204 189 157
f 176 205 114
f 114 190 176
f 97 177 206
f 136 178 190
f 97 206 98
f 98 206 135
f 191 221 159
f 207 178 137
f 179 208 140
f 161 163 209
f 168 181 163
f 180 210 164
f 166 164 194
f 164 166 167
f 167 166 169
f 171 170 182
f 196 173 172
f 196 171 182
f 196 198 173
f 173 198 183
f 173 183 152
f 153 197 182
f 153 182 170
f 153 184 197
f 152 183 154
f 185 154 183
f 174 187 184
f 184 187 201
f 186 185 175
f 113 158 204
f 217 205 176
f 205 218 177
f 218 206 177
f 176 190 219
f 206 231 135
f 192 161 223
f 209 223 161
f 162 193 180
f 180 193 210
f 163 181 209
f 210 194 164
f 166 181 168
f 166 195 181
f 211 195 166
f 194 211 166
f 183 198 199
f 199 185 183
f 201 200 184
f 185 199 175
f 199 213 175
f 187 188 201
f 201 188 202
f 175 213 158
f 204 158 214
f 214 158 213
f 215 202 188
f 219 217 176
f 206 218 241
f 190 178 230
f 219 190 230
f 231 191 135
f 207 220 178
f 221 222 179
f 220 207 192
f 222 208 179
f 208 244 140
f 193 162 244
f 162 140 244
f 232 209 181
f 196 182 225
f 196 225 198
f 197 184 200
f 200 234 197
f 234 182 197
f 225 182 234
f 225 227 198
f 198 227 199
f 200 201 212
f 201 202 212
f 238 212 202
f 215 238 202
f 189 204 216
f 204 214 216
f 205 217 240
f 205 240 218
f 241 242 206
f 206 242 231
f 220 230 178
f 220 192 272
f 272 192 223
f 193 244 233
f 245 210 233
f 233 210 193
f 181 195 224
f 232 181 224
f 224 195 211
f 245 246 194
f 210 245 194
f 194 246 211
f 200 226 234
f 235 225 234
f 235 227 225
f 200 212 236
f 236 226 200
f 213 199 227
f 228 213 227
f 214 213 228
f 212 238 236
f 236 238 248
f 228 229 214
f 214 229 216
f 252 238 215
f 203 252 215
f 240 268 218
f 268 241 218
f 231 271 191
f 191 271 221
f 243 272 223
f 222 284 208
f 208 284 244
f 273 223 209
f 273 209 232
f 246 224 211
f 226 261 234
f 235 234 261
f 228 237 229
f 216 239 253
f 216 229 239
f 229 237 239
f 203 189 281
f 189 216 281
f 254 252 203
f 281 254 203
f 219 270 255
f 219 255 217
f 255 240 217
f 219 230 270
f 242 257 231
f 257 271 231
f 230 220 258
f 243 223 273
f 274 232 224
f 226 236 263
f 263 261 226
f 227 235 247
f 227 247 228
f 236 248 263
f 247 237 228
f 247 249 237
f 248 238 265
f 237 249 239
f 249 250 239
f 238 252 265
f 265 252 251
f 239 250 253
f 216 253 281
f 241 256 242
f 242 256 257
f 258 220 272
f 221 259 222
f 273 232 275
f 244 276 233
f 232 274 275
f 224 246 274
f 245 260 246
f 261 263 277
f 277 262 261
f 261 262 235
f 235 262 247
f 262 264 247
f 247 264 249
f 248 265 263
f 264 266 249
f 266 250 249
f 265 251 279
f 250 266 253
f 266 267 253
f 252 280 251
f 280 279 251
f 281 253 267
f 255 270 269
f 258 272 283
f 271 259 221
f 259 324 222
f 272 243 290
f 222 324 299
f 222 299 284
f 300 243 273
f 244 284 325
f 276 244 325
f 276 245 233
f 260 274 246
f 263 285 277
f 277 278 262
f 262 278 264
f 263 265 285
f 266 278 294
f 264 278 266
f 265 279 285
f 287 266 294
f 266 287 267
f 252 288 280
f 281 267 282
f 267 287 282
f 281 282 254
f 255 306 240
f 306 307 240
f 240 307 268
f 269 306 255
f 268 308 241
f 241 308 256
f 230 258 270
f 257 321 271
f 283 272 290
f 243 300 291
f 273 275 300
f 325 292 276
f 245 276 293
f 285 279 286
f 277 285 286
f 279 280 286
f 280 288 286
f 286 288 295
f 287 296 282
f 252 254 288
f 268 307 308
f 289 269 270
f 256 321 257
f 270 258 289
f 289 258 310
f 283 310 258
f 321 259 271
f 290 243 291
f 276 292 293
f 275 274 326
f 245 293 260
f 286 328 277
f 277 294 278
f 328 294 277
f 328 286 302
f 286 295 302
f 287 294 296
f 288 297 295
f 254 297 288
f 304 297 254
f 304 254 305
f 305 254 282
f 305 282 296
f 298 256 308
f 299 325 284
f 326 274 260
f 260 293 301
f 329 294 328
f 329 296 294
f 302 295 303
f 297 303 295
f 296 329 305
f 297 304 350
f 307 306 383
f 256 309 321
f 256 298 309
f 321 341 259
f 341 311 259
f 259 311 324
f 300 275 312
f 275 326 312
f 260 301 326
f 301 293 313
f 293 292 313
f 329 330 305
f 351 350 304
f 349 351 304
f 349 304 330
f 330 304 305
f 331 318 335
f 315 318 331
f 317 336 335
f 318 317 335
f 338 336 317
f 315 319 318
f 316 319 315
f 320 338 317
f 318 319 317
f 319 320 317
f 340 319 316
f 337 340 316
f 308 307 383
f 310 283 322
f 322 283 323
f 283 290 323
f 290 291 323
f 300 342 291
f 325 299 362
f 300 312 342
f 312 326 327
f 384 313 292
f 303 344 302
f 328 302 345
f 345 302 344
f 329 328 345
f 303 297 344
f 344 297 346
f 350 346 297
f 314 331 332
f 314 332 334
f 353 335 333
f 331 335 353
f 333 335 336
f 314 315 331
f 314 334 354
f 314 354 315
f 316 315 354
f 316 354 357
f 337 316 357
f 320 319 339
f 339 319 340
f 337 435 340
f 320 339 382
f 269 438 306
f 306 438 409
f 409 383 306
f 343 325 362
f 312 411 342
f 343 292 325
f 363 301 313
f 343 384 292
f 344 346 347
f 345 344 347
f 330 345 348
f 330 329 345
f 330 348 349
f 352 366 332
f 389 332 366
f 389 334 332
f 334 389 369
f 352 353 367
f 353 333 367
f 331 353 352
f 332 331 352
f 354 334 369
f 354 369 355
f 336 393 333
f 371 393 336
f 355 357 354
f 357 355 356
f 375 371 336
f 358 357 356
f 336 338 375
f 357 358 337
f 337 358 359
f 359 435 337
f 320 382 379
f 320 379 338
f 381 340 435
f 339 380 382
f 381 339 340
f 381 380 339
f 269 439 438
f 383 440 308
f 440 298 308
f 309 298 472
f 410 309 472
f 441 289 310
f 309 410 321
f 410 341 321
f 323 291 361
f 360 324 311
f 291 342 361
f 324 362 299
f 411 312 412
f 312 327 412
f 301 363 326
f 345 347 386
f 347 413 386
f 386 348 345
f 347 346 385
f 348 386 349
f 386 364 349
f 346 350 385
f 364 351 349
f 365 352 367
f 366 352 365
f 333 393 368
f 368 367 333
f 369 370 355
f 395 355 370
f 395 356 355
f 397 374 396
f 373 374 397
f 403 372 374
f 373 376 374
f 376 403 374
f 358 406 359
f 433 403 376
f 373 377 376
f 377 378 376
f 376 434 433
f 378 434 376
f 408 378 377
f 338 379 375
f 383 409 561
f 440 472 298
f 439 269 289
f 324 360 362
f 476 343 362
f 413 347 385
f 350 414 385
f 387 350 351
f 387 351 364
f 387 414 350
f 366 365 417
f 417 388 366
f 367 419 365
f 367 368 419
f 389 366 388
f 390 389 388
f 392 389 390
f 369 389 392
f 368 393 391
f 421 395 370
f 396 372 394
f 372 425 394
f 451 397 396
f 422 397 451
f 397 422 456
f 371 454 393
f 395 459 356
f 396 374 372
f 398 400 397
f 425 402 460
f 425 372 402
f 400 373 397
f 427 400 398
f 404 399 371
f 459 401 356
f 356 401 358
f 401 428 358
f 372 403 402
f 371 375 404
f 428 406 358
f 400 377 373
f 377 400 407
f 375 405 404
f 379 405 375
f 434 378 470
f 469 470 408
f 470 378 408
f 379 496 405
f 606 496 382
f 382 496 379
f 536 381 435
f 382 437 606
f 382 380 437
f 383 561 440
f 441 439 289
f 473 410 472
f 310 322 564
f 411 361 342
f 360 476 362
f 327 326 442
f 442 326 363
f 313 511 363
f 511 313 384
f 386 413 364
f 385 414 413
f 387 413 415
f 364 413 387
f 415 414 387
f 418 478 416
f 417 418 416
f 417 365 418
f 418 419 444
f 365 419 418
f 445 388 417
f 419 368 391
f 390 388 447
f 452 391 393
f 392 370 369
f 370 392 420
f 420 421 370
f 449 394 448
f 396 394 449
f 451 396 449
f 425 448 394
f 454 423 393
f 395 424 459
f 456 398 397
f 399 454 371
f 460 402 461
f 398 426 427
f 461 402 464
f 404 429 399
f 402 403 464
f 464 403 465
f 400 427 407
f 404 405 429
f 433 465 403
f 405 431 429
f 377 432 408
f 407 432 377
f 406 497 359
f 432 469 408
f 496 471 431
f 496 431 405
f 436 380 381
f 381 536 436
f 436 437 380
f 438 439 509
f 409 438 508
f 438 509 508
f 563 439 441
f 564 322 474
f 322 323 474
f 323 361 474
f 311 475 360
f 411 754 361
f 327 510 412
f 327 442 510
f 442 363 511
f 476 384 343
f 413 414 415
f 478 418 443
f 418 444 443
f 479 417 416
f 479 445 417
f 446 515 444
f 444 419 446
f 445 447 388
f 447 445 481
f 419 391 446
f 392 390 447
f 446 391 452
f 449 486 451
f 486 422 451
f 452 393 423
f 487 456 422
f 456 487 457
f 421 424 395
f 425 453 450
f 450 448 425
f 455 423 454
f 424 458 459
f 453 425 460
f 398 456 457
f 455 454 399
f 398 457 426
f 453 460 461
f 463 491 399
f 459 594 401
f 426 462 427
f 399 429 463
f 462 430 427
f 463 429 466
f 401 492 428
f 427 430 407
f 428 492 406
f 492 600 406
f 466 429 431
f 433 659 465
f 407 430 432
f 466 431 467
f 600 497 406
f 433 468 659
f 433 434 468
f 471 467 431
f 435 359 497
f 432 495 469
f 435 497 536
f 434 498 468
f 470 498 434
f 538 498 470
f 469 538 470
f 508 561 409
f 472 440 562
f 310 564 441
f 384 476 512
f 384 512 511
f 477 513 443
f 513 478 443
f 443 444 515
f 443 515 477
f 480 445 479
f 481 445 480
f 515 446 482
f 447 481 518
f 485 447 518
f 447 485 392
f 392 485 420
f 483 449 519
f 486 449 483
f 484 422 486
f 519 448 523
f 449 448 519
f 487 422 484
f 448 450 523
f 521 487 484
f 450 525 523
f 420 488 421
f 488 529 421
f 421 529 424
f 453 489 525
f 525 450 453
f 423 455 490
f 453 530 489
f 455 491 490
f 455 399 491
f 459 458 594
f 426 589 462
f 426 457 589
f 453 461 530
f 530 461 595
f 532 491 463
f 595 461 464
f 533 595 464
f 462 534 430
f 534 462 531
f 493 532 463
f 466 493 463
f 533 464 465
f 533 465 659
f 430 534 535
f 466 467 493
f 432 430 535
f 494 493 467
f 467 471 494
f 535 495 432
f 495 538 469
f 660 471 496
f 496 606 660
f 606 437 540
f 437 436 540
f 436 720 540
f 436 536 720
f 499 503 544
f 501 503 499
f 541 501 499
f 547 501 541
f 544 503 500
f 502 501 547
f 502 547 551
f 507 546 549
f 503 505 500
f 501 506 503
f 502 506 501
f 548 507 553
f 506 505 503
f 504 507 549
f 507 555 553
f 506 502 554
f 440 561 687
f 562 634 473
f 472 562 473
f 341 752 311
f 752 475 311
f 637 474 361
f 637 361 754
f 475 565 360
f 476 360 565
f 754 411 412
f 513 477 567
f 513 514 478
f 478 514 416
f 416 514 479
f 514 571 479
f 480 479 571
f 481 480 517
f 482 516 515
f 517 518 481
f 573 483 575
f 486 483 573
f 574 486 573
f 519 580 575
f 483 519 575
f 574 484 486
f 520 484 574
f 518 578 485
f 521 484 520
f 521 520 581
f 482 446 582
f 578 583 485
f 519 523 580
f 522 582 446
f 485 583 420
f 523 524 580
f 647 521 581
f 446 452 522
f 420 583 488
f 523 525 524
f 452 423 522
f 521 526 487
f 522 423 527
f 525 489 584
f 487 526 457
f 457 526 585
f 423 490 527
f 527 490 528
f 458 424 529
f 491 590 490
f 490 590 528
f 589 457 585
f 595 709 530
f 589 531 462
f 491 532 590
f 401 594 492
f 532 493 598
f 659 597 533
f 598 493 657
f 493 494 657
f 600 601 497
f 497 601 536
f 535 602 495
f 471 660 494
f 498 537 468
f 537 498 538
f 495 603 538
f 720 536 604
f 539 537 538
f 541 499 663
f 499 544 609
f 543 546 614
f 545 546 543
f 549 546 545
f 547 541 542
f 669 547 542
f 617 552 545
f 500 672 544
f 614 548 616
f 546 548 614
f 552 549 545
f 669 551 547
f 507 548 546
f 669 618 551
f 552 504 549
f 548 553 616
f 505 621 500
f 557 618 673
f 551 618 557
f 620 616 553
f 552 556 504
f 554 502 551
f 557 554 551
f 555 507 558
f 507 504 558
f 553 555 620
f 626 504 556
f 622 621 505
f 506 560 505
f 560 628 505
f 506 554 630
f 623 554 557
f 620 555 559
f 558 559 555
f 626 558 504
f 622 505 628
f 630 560 506
f 625 630 554
f 623 625 554
f 687 562 440
f 439 563 688
f 688 509 439
f 563 441 690
f 473 635 410
f 441 564 690
f 410 635 341
f 635 752 341
f 755 754 412
f 566 476 565
f 755 412 510
f 476 566 512
f 511 692 442
f 511 875 692
f 512 875 511
f 513 567 569
f 513 569 694
f 513 694 514
f 477 760 568
f 568 567 477
f 570 571 514
f 477 515 760
f 760 515 572
f 571 643 480
f 643 571 761
f 572 515 516
f 480 643 517
f 573 575 641
f 644 520 574
f 643 576 517
f 517 576 518
f 580 641 575
f 518 576 578
f 578 576 646
f 580 579 699
f 581 520 644
f 578 646 702
f 580 524 579
f 482 582 577
f 578 702 583
f 582 522 648
f 521 647 526
f 524 525 584
f 522 527 648
f 488 706 529
f 489 587 649
f 489 649 584
f 648 527 586
f 528 586 527
f 529 706 591
f 489 530 587
f 529 591 458
f 588 589 585
f 587 530 709
f 588 593 589
f 589 593 531
f 595 592 709
f 590 532 596
f 458 591 594
f 593 655 531
f 595 533 652
f 652 592 595
f 531 655 534
f 532 598 596
f 652 533 597
f 534 655 599
f 534 599 535
f 659 658 597
f 657 494 716
f 602 535 599
f 494 660 716
f 601 604 536
f 718 659 468
f 468 537 718
f 603 495 602
f 715 603 602
f 538 605 539
f 603 605 538
f 540 607 606
f 664 541 663
f 729 542 664
f 542 541 664
f 732 665 608
f 663 499 609
f 611 542 729
f 735 608 543
f 611 667 542
f 735 543 668
f 545 543 608
f 665 545 608
f 666 612 665
f 612 545 665
f 609 544 610
f 543 614 668
f 544 613 610
f 669 542 667
f 612 617 545
f 544 672 613
f 614 616 615
f 552 617 550
f 615 616 619
f 550 556 552
f 556 550 677
f 672 500 675
f 500 621 675
f 620 674 619
f 616 620 619
f 673 624 557
f 626 556 681
f 624 623 557
f 681 682 626
f 559 680 620
f 622 628 743
f 558 626 627
f 628 560 629
f 629 560 630
f 683 630 625
f 623 683 625
f 559 631 680
f 631 559 632
f 558 632 559
f 630 685 629
f 683 685 630
f 627 632 558
f 561 508 633
f 561 633 687
f 750 563 690
f 750 688 563
f 510 692 755
f 442 692 510
f 568 638 567
f 569 567 638
f 514 694 570
f 639 640 573
f 640 697 573
f 573 641 639
f 574 573 697
f 644 574 697
f 642 644 697
f 642 645 644
f 767 516 482
f 641 580 699
f 645 581 644
f 482 768 767
f 768 482 577
f 576 823 646
f 577 582 771
f 773 702 646
f 579 524 703
f 648 771 582
f 524 584 703
f 703 584 649
f 647 650 526
f 587 779 649
f 526 650 585
f 708 588 650
f 650 588 585
f 779 587 709
f 708 651 588
f 590 586 528
f 588 651 593
f 590 596 586
f 586 596 840
f 593 651 655
f 596 598 653
f 594 711 492
f 711 654 492
f 492 654 600
f 655 712 599
f 599 712 784
f 652 597 714
f 598 657 783
f 654 785 600
f 597 658 714
f 599 784 656
f 600 785 601
f 602 599 656
f 657 787 783
f 657 716 787
f 659 846 658
f 602 656 715
f 604 601 788
f 846 659 718
f 537 719 718
f 791 603 715
f 539 719 537
f 790 720 604
f 540 661 607
f 540 725 661
f 540 720 725
f 663 728 664
f 728 729 664
f 727 609 733
f 663 609 727
f 609 610 733
f 802 668 805
f 735 668 802
f 610 613 734
f 615 737 668
f 614 615 668
f 612 739 617
f 669 667 857
f 550 617 739
f 671 669 857
f 739 807 550
f 672 860 613
f 669 671 618
f 808 550 807
f 677 550 808
f 671 673 618
f 673 671 676
f 673 676 624
f 674 679 676
f 674 620 679
f 681 556 677
f 679 678 676
f 678 624 676
f 742 675 621
f 621 622 742
f 678 679 680
f 679 620 680
f 916 682 681
f 622 743 742
f 627 626 682
f 741 683 623
f 682 684 627
f 743 628 745
f 628 629 745
f 632 865 631
f 865 632 816
f 627 816 632
f 686 508 509
f 508 686 633
f 688 689 509
f 686 509 689
f 752 636 475
f 474 637 753
f 636 691 475
f 565 475 691
f 874 565 691
f 874 566 565
f 512 693 875
f 566 693 512
f 570 694 876
f 570 876 757
f 570 695 571
f 640 696 697
f 696 763 697
f 571 695 761
f 639 698 758
f 640 639 758
f 697 763 642
f 761 821 643
f 698 641 699
f 639 641 698
f 572 516 767
f 643 821 576
f 769 699 579
f 581 645 700
f 824 768 577
f 823 773 646
f 703 769 579
f 577 771 824
f 647 581 700
f 583 702 774
f 771 648 701
f 704 703 833
f 833 703 649
f 700 705 647
f 583 776 488
f 774 776 583
f 647 705 650
f 833 649 777
f 701 648 775
f 488 776 706
f 649 779 777
f 648 586 775
f 707 708 650
f 707 650 705
f 708 782 651
f 592 710 709
f 840 596 653
f 711 594 841
f 654 711 713
f 654 713 785
f 783 787 843
f 656 847 715
f 604 788 790
f 660 717 716
f 660 606 717
f 719 539 794
f 539 605 721
f 794 539 721
f 791 605 603
f 607 717 606
f 790 792 720
f 795 721 605
f 607 722 717
f 722 607 661
f 725 720 723
f 723 720 792
f 722 661 724
f 661 662 724
f 662 661 725
f 725 726 662
f 726 725 723
f 724 728 730
f 662 728 724
f 726 728 662
f 728 727 730
f 726 729 728
f 728 663 727
f 853 729 726
f 853 611 729
f 727 733 730
f 608 735 731
f 732 608 731
f 800 665 732
f 666 665 800
f 804 806 666
f 611 803 667
f 733 610 734
f 612 666 806
f 805 668 737
f 612 738 739
f 612 806 738
f 734 613 736
f 613 860 736
f 670 737 615
f 807 739 738
f 615 619 670
f 670 674 671
f 674 676 671
f 670 619 674
f 672 740 860
f 672 675 740
f 740 675 810
f 677 811 681
f 742 810 675
f 624 741 623
f 741 624 678
f 681 811 916
f 678 680 814
f 680 631 814
f 743 813 742
f 683 741 812
f 682 916 684
f 864 683 812
f 683 744 685
f 865 814 631
f 745 629 746
f 685 747 629
f 747 746 629
f 744 748 685
f 748 747 685
f 816 919 865
f 627 867 816
f 684 867 627
f 686 689 747
f 747 689 746
f 633 686 747
f 748 633 747
f 633 748 863
f 633 863 687
f 749 689 688
f 687 634 562
f 688 750 749
f 751 473 634
f 751 635 473
f 751 872 635
f 690 564 753
f 752 635 872
f 564 474 753
f 566 874 1012
f 756 755 692
f 569 638 694
f 570 757 695
f 758 759 640
f 640 759 696
f 763 696 924
f 698 762 758
f 761 764 821
f 699 765 698
f 763 819 642
f 819 880 642
f 769 765 699
f 642 880 645
f 880 766 645
f 645 766 700
f 770 773 823
f 824 771 772
f 702 773 828
f 703 704 883
f 701 772 771
f 702 828 774
f 700 830 705
f 776 774 829
f 830 778 705
f 834 885 701
f 775 834 701
f 836 834 775
f 705 778 707
f 586 836 775
f 782 707 778
f 836 586 840
f 780 591 706
f 708 707 782
f 781 591 780
f 779 709 710
f 591 781 594
f 712 651 782
f 841 594 781
f 710 592 942
f 655 651 712
f 840 653 896
f 592 652 942
f 783 946 653
f 598 783 653
f 652 714 842
f 784 712 898
f 601 785 788
f 846 786 658
f 716 950 787
f 715 847 791
f 716 789 950
f 717 789 716
f 846 718 849
f 849 718 793
f 718 719 793
f 605 791 795
f 722 908 717
f 719 794 793
f 796 908 722
f 793 794 797
f 798 797 794
f 721 798 794
f 722 724 796
f 792 853 723
f 801 796 730
f 724 730 796
f 853 726 723
f 797 731 799
f 732 731 797
f 798 732 797
f 800 732 798
f 800 798 854
f 853 803 611
f 799 731 802
f 801 730 733
f 731 735 802
f 804 666 800
f 733 913 801
f 733 734 913
f 802 805 910
f 804 912 806
f 734 736 913
f 803 856 667
f 667 856 857
f 737 670 858
f 857 961 671
f 961 670 671
f 740 1055 860
f 808 809 677
f 811 677 809
f 678 812 741
f 678 814 812
f 916 811 915
f 742 813 810
f 917 812 814
f 743 862 813
f 744 683 864
f 918 814 865
f 745 862 743
f 862 745 815
f 745 746 815
f 744 863 748
f 864 863 744
f 746 689 815
f 863 866 687
f 689 749 815
f 749 750 870
f 870 750 690
f 872 921 752
f 752 921 636
f 754 755 922
f 755 756 922
f 566 1012 693
f 692 875 923
f 757 1014 695
f 762 759 758
f 696 759 924
f 763 924 878
f 971 568 760
f 817 971 760
f 761 695 818
f 698 926 762
f 819 763 878
f 760 572 817
f 817 572 820
f 761 818 764
f 698 1102 926
f 698 765 1102
f 572 767 820
f 820 767 931
f 822 931 767
f 576 821 823
f 821 882 823
f 822 767 768
f 768 824 822
f 700 766 825
f 822 824 826
f 769 703 883
f 824 772 826
f 773 770 828
f 772 701 885
f 829 774 827
f 827 774 828
f 700 825 830
f 827 832 829
f 704 833 888
f 831 885 834
f 832 831 837
f 829 832 838
f 832 837 838
f 829 838 776
f 833 777 835
f 831 834 836
f 776 838 706
f 777 779 835
f 838 837 889
f 780 838 889
f 706 838 780
f 831 889 837
f 710 835 779
f 836 840 892
f 780 839 781
f 889 839 780
f 782 891 712
f 840 896 892
f 841 781 839
f 942 652 842
f 842 714 900
f 783 843 946
f 785 713 844
f 714 658 900
f 784 845 656
f 785 844 788
f 658 786 900
f 656 845 847
f 845 902 847
f 846 849 786
f 787 950 843
f 847 850 791
f 789 904 950
f 790 788 848
f 906 790 848
f 792 790 906
f 795 791 953
f 793 797 851
f 795 854 721
f 854 798 721
f 799 851 797
f 909 796 801
f 851 799 852
f 799 802 852
f 804 800 854
f 804 854 912
f 913 955 801
f 852 802 910
f 912 956 806
f 956 738 806
f 737 914 805
f 855 913 736
f 914 737 858
f 855 736 859
f 858 670 961
f 1055 740 1056
f 740 810 1056
f 864 812 917
f 917 814 918
f 862 861 813
f 866 863 864
f 862 815 868
f 634 866 871
f 634 687 866
f 865 919 918
f 867 684 869
f 815 749 868
f 816 967 919
f 868 749 870
f 634 871 751
f 872 751 871
f 690 873 870
f 690 753 873
f 753 637 873
f 921 1010 636
f 636 1010 691
f 754 969 637
f 1011 1012 874
f 692 923 756
f 693 970 875
f 568 971 638
f 695 1014 877
f 759 762 973
f 879 971 817
f 695 877 818
f 928 879 820
f 820 879 817
f 881 764 977
f 821 764 881
f 820 930 928
f 930 820 931
f 882 821 881
f 766 880 981
f 981 937 766
f 766 937 825
f 822 932 931
f 932 822 934
f 822 826 934
f 823 882 884
f 826 772 935
f 828 770 938
f 823 884 770
f 983 883 704
f 885 935 772
f 936 935 832
f 832 935 885
f 827 936 832
f 936 827 886
f 828 886 827
f 938 886 828
f 887 983 704
f 825 987 830
f 704 888 887
f 832 885 831
f 830 941 778
f 833 835 888
f 941 782 778
f 891 782 941
f 836 892 890
f 836 890 831
f 831 890 889
f 889 890 943
f 889 943 839
f 890 892 893
f 894 890 893
f 943 890 894
f 892 896 897
f 893 892 897
f 943 841 839
f 895 841 943
f 891 944 712
f 711 841 895
f 712 944 898
f 711 895 713
f 653 946 896
f 1044 844 713
f 842 900 899
f 898 845 784
f 946 843 947
f 900 998 899
f 786 998 900
f 844 901 788
f 901 848 788
f 786 849 903
f 847 902 850
f 902 949 850
f 850 953 791
f 789 905 904
f 903 849 793
f 789 907 905
f 717 907 789
f 717 908 907
f 793 851 903
f 854 795 953
f 908 796 909
f 906 853 792
f 851 852 903
f 1002 854 953
f 801 955 909
f 911 803 853
f 852 1003 952
f 854 1002 912
f 912 1002 1053
f 1003 852 910
f 1003 910 914
f 911 856 803
f 910 805 914
f 914 858 959
f 856 961 857
f 956 1004 738
f 1004 807 738
f 736 860 859
f 859 860 1055
f 807 963 808
f 808 963 809
f 809 1005 811
f 1005 1006 811
f 811 1006 915
f 810 813 1138
f 864 917 866
f 916 1139 684
f 862 1090 861
f 871 866 917
f 918 871 917
f 868 1090 862
f 967 816 867
f 868 965 1090
f 965 868 870
f 872 871 918
f 920 872 919
f 872 918 919
f 967 920 919
f 870 873 965
f 872 920 921
f 873 637 968
f 754 922 969
f 875 1060 923
f 875 970 1060
f 970 693 1012
f 638 971 1062
f 694 638 972
f 876 694 972
f 876 972 1014
f 757 876 1014
f 762 1064 973
f 759 973 924
f 878 924 925
f 818 877 974
f 925 819 878
f 818 974 977
f 764 818 977
f 1102 765 1066
f 819 927 880
f 927 929 880
f 765 769 1066
f 1066 769 978
f 883 978 769
f 882 933 884
f 826 986 934
f 936 982 935
f 938 770 884
f 983 887 1019
f 937 987 825
f 935 986 826
f 982 986 935
f 886 988 982
f 886 982 936
f 1026 988 886
f 1026 886 938
f 887 888 939
f 990 830 987
f 940 939 888
f 830 990 941
f 888 835 940
f 992 941 990
f 993 940 835
f 710 993 835
f 891 941 992
f 891 995 944
f 943 894 1077
f 895 943 1077
f 897 896 996
f 713 895 945
f 896 946 996
f 842 899 997
f 1045 844 1044
f 947 843 948
f 845 1080 902
f 902 1080 949
f 948 843 950
f 998 786 903
f 950 904 999
f 951 999 905
f 905 999 904
f 953 850 954
f 850 949 954
f 907 951 905
f 907 908 1001
f 951 907 1001
f 852 952 903
f 1002 953 954
f 1001 908 909
f 906 1047 853
f 853 1047 911
f 1053 956 912
f 957 1003 914
f 911 958 856
f 914 959 957
f 913 855 955
f 856 960 961
f 856 958 960
f 961 962 858
f 960 962 961
f 959 858 962
f 1054 1004 956
f 963 1005 809
f 1007 1056 810
f 1007 1134 1056
f 1137 1007 810
f 1137 810 1138
f 915 1089 916
f 869 684 964
f 684 1139 964
f 920 967 966
f 967 867 869
f 920 966 921
f 965 873 968
f 966 1010 921
f 1010 966 1009
f 1010 1094 691
f 874 691 1094
f 1094 1011 874
f 638 1062 972
f 924 973 1016
f 924 1016 925
f 1013 971 879
f 762 926 1063
f 762 1063 1064
f 819 925 975
f 879 928 1013
f 1013 928 1017
f 819 975 927
f 1017 928 976
f 928 930 976
f 977 980 881
f 880 929 981
f 979 930 931
f 881 980 882
f 978 883 1069
f 932 979 931
f 980 933 882
f 983 1069 883
f 932 985 979
f 934 985 932
f 985 934 986
f 987 937 984
f 984 937 1073
f 982 1025 986
f 1019 887 1022
f 887 939 1022
f 987 989 990
f 991 989 1027
f 1031 939 940
f 989 991 990
f 1033 1031 940
f 993 1033 940
f 990 991 992
f 1036 992 991
f 992 1036 994
f 992 994 891
f 1037 1033 993
f 995 891 994
f 993 710 1037
f 710 942 1037
f 893 897 1117
f 894 893 1117
f 1077 894 1117
f 895 1077 945
f 1044 713 945
f 1039 942 997
f 942 842 997
f 946 947 1043
f 898 1080 845
f 844 1045 901
f 1045 1122 901
f 950 999 948
f 901 1122 848
f 1122 1083 848
f 1083 906 848
f 951 1082 999
f 1083 1047 906
f 998 903 1000
f 1084 954 949
f 1048 1000 952
f 1000 903 952
f 1048 952 1003
f 957 1048 1003
f 1051 911 1047
f 911 1051 958
f 956 1053 1054
f 1004 1087 807
f 807 1087 963
f 915 1006 1008
f 915 1008 1089
f 813 861 1138
f 916 1089 1139
f 966 967 1009
f 1009 967 1092
f 869 1092 967
f 1092 869 1140
f 964 1140 869
f 1057 965 968
f 637 969 968
f 968 969 1059
f 970 1012 1177
f 971 1013 1061
f 971 1061 1062
f 972 1062 1098
f 972 1098 1143
f 972 1143 1014
f 973 1064 1015
f 925 1016 1144
f 974 877 1101
f 926 1103 1063
f 974 1101 977
f 926 1102 1103
f 929 1018 981
f 930 979 976
f 1019 1069 983
f 981 1073 937
f 1073 981 1018
f 985 1020 979
f 938 884 1068
f 884 933 1068
f 984 1073 1072
f 986 1074 985
f 985 1074 1020
f 1025 1074 986
f 1026 938 1068
f 1023 989 1024
f 989 987 984
f 989 984 1024
f 1024 984 1072
f 1021 1025 982
f 982 988 1021
f 1029 1021 988
f 1028 1022 1030
f 1030 1022 939
f 1030 1027 1028
f 1028 1027 1023
f 989 1023 1027
f 1026 1029 988
f 1030 939 1031
f 1032 1030 1031
f 1027 1030 1032
f 991 1027 1032
f 1032 1031 1034
f 1034 1031 1033
f 1032 1034 1035
f 991 1032 1035
f 991 1035 1036
f 1034 1033 1038
f 1038 1033 1037
f 1035 1034 1038
f 1036 1035 1038
f 1040 995 994
f 1039 1118 1037
f 1040 944 995
f 1037 942 1039
f 897 996 1041
f 1117 897 1041
f 1042 944 1040
f 946 1043 996
f 1042 898 944
f 1044 1119 1045
f 899 1079 997
f 898 1042 1080
f 947 948 1120
f 899 998 1079
f 1081 1079 998
f 949 1080 1125
f 999 1123 948
f 998 1000 1081
f 1125 1084 949
f 999 1082 1123
f 1082 951 1046
f 954 1084 1049
f 951 1001 1046
f 1002 954 1049
f 1046 1001 1050
f 1001 909 1050
f 1053 1002 1049
f 909 955 1050
f 855 1128 955
f 1133 958 1051
f 957 959 1052
f 958 1133 960
f 1054 1053 1130
f 1004 1054 1087
f 963 1087 1005
f 1087 1086 1005
f 1086 1135 1005
f 1005 1135 1006
f 1006 1173 1008
f 861 1090 1138
f 964 1139 1141
f 1141 1140 964
f 1009 1058 1010
f 1057 1059 1091
f 1059 1057 968
f 1058 1206 1010
f 1010 1206 1094
f 1093 1059 969
f 969 1096 1093
f 1096 969 922
f 922 1097 1096
f 1097 922 756
f 923 1305 756
f 756 1305 1097
f 1060 1305 923
f 1060 970 1177
f 973 1015 1016
f 925 1105 975
f 977 1101 1065
f 975 1106 927
f 977 1065 980
f 1017 976 1148
f 927 1106 929
f 1148 976 979
f 1148 979 1108
f 1107 980 1065
f 929 1106 1018
f 933 980 1107
f 978 1069 1067
f 1018 1152 1109
f 1073 1018 1109
f 979 1020 1108
f 1022 1113 1070
f 1022 1070 1019
f 1026 1068 1159
f 1022 1028 1113
f 1028 1023 1113
f 1113 1023 1114
f 1024 1071 1023
f 1023 1071 1114
f 1072 1071 1024
f 1025 1111 1074
f 1025 1021 1111
f 1159 1029 1026
f 1038 1075 1036
f 1075 994 1036
f 1037 1118 1038
f 1075 1038 1118
f 994 1075 1076
f 994 1076 1040
f 1118 1039 1115
f 1116 1117 1041
f 1039 997 1115
f 1076 1042 1040
f 996 1043 1078
f 996 1078 1041
f 945 1077 1119
f 1044 945 1119
f 1120 1043 947
f 1169 1083 1122
f 1082 1046 1085
f 1000 1048 1126
f 1046 1050 1085
f 1131 1051 1127
f 1127 1051 1047
f 1050 955 1128
f 1048 957 1052
f 1051 1131 1133
f 962 960 1202
f 960 1133 1202
f 962 1202 959
f 1202 1052 959
f 1054 1172 1087
f 1055 1056 1088
f 1056 1134 1088
f 1135 1173 1006
f 965 1057 1090
f 1058 1009 1092
f 1205 1092 1140
f 1095 1011 1094
f 1011 1177 1012
f 1062 1100 1098
f 1014 1143 1146
f 877 1014 1099
f 1180 877 1099
f 1016 1015 1216
f 1016 1216 1243
f 1016 1243 1144
f 1144 1105 925
f 1100 1061 1013
f 1100 1062 1061
f 877 1180 1101
f 1063 1208 1064
f 1104 1100 1013
f 1017 1104 1013
f 1105 1106 975
f 1102 1184 1241
f 1066 1184 1102
f 1017 1148 1104
f 1066 978 1184
f 1150 1152 1106
f 1107 1065 1151
f 1106 1152 1018
f 1108 1020 1154
f 1107 1159 1068
f 933 1107 1068
f 1069 1112 1067
f 1019 1112 1069
f 1019 1070 1112
f 1112 1070 1161
f 1070 1113 1161
f 1074 1110 1020
f 1020 1110 1154
f 1111 1021 1188
f 1071 1072 1164
f 1156 1164 1072
f 1156 1072 1073
f 1156 1073 1109
f 1110 1074 1111
f 1029 1162 1021
f 1193 1114 1071
f 1164 1193 1071
f 1158 1162 1029
f 1159 1158 1029
f 1168 1117 1116
f 1077 1117 1168
f 1119 1077 1168
f 1198 1115 997
f 1045 1119 1121
f 1045 1121 1122
f 1120 948 1123
f 1079 1081 1124
f 1081 1000 1124
f 1083 1127 1047
f 1085 1050 1200
f 1200 1050 1128
f 1126 1048 1129
f 1048 1052 1129
f 1049 1130 1053
f 1131 1132 1133
f 1054 1130 1201
f 1128 855 859
f 1172 1054 1201
f 1086 1231 1135
f 1136 1088 1134
f 1136 1134 1007
f 1007 1137 1136
f 1089 1008 1174
f 1089 1174 1139
f 1138 1090 1175
f 1091 1090 1057
f 1205 1140 1233
f 1141 1233 1140
f 1059 1093 1091
f 1058 1092 1205
f 1206 1095 1094
f 1098 1100 1178
f 1098 1178 1142
f 1098 1142 1143
f 1178 1100 1145
f 1099 1014 1146
f 1101 1180 1181
f 1064 1274 1147
f 1105 1144 1182
f 1145 1100 1104
f 1181 1183 1101
f 1101 1183 1065
f 1102 1241 1103
f 1150 1106 1105
f 1104 1148 1149
f 1065 1183 1151
f 1153 1149 1148
f 1148 1108 1153
f 978 1067 1184
f 1108 1154 1153
f 1151 1185 1107
f 1152 1221 1109
f 1185 1159 1107
f 1112 1295 1067
f 1154 1110 1186
f 1110 1187 1186
f 1110 1111 1187
f 1187 1111 1157
f 1111 1188 1157
f 1188 1162 1189
f 1158 1159 1155
f 1112 1160 1295
f 1112 1161 1160
f 1163 1161 1113
f 1162 1188 1021
f 1113 1114 1163
f 1114 1193 1163
f 1191 1164 1156
f 1165 1166 1075
f 1075 1166 1076
f 1165 1118 1115
f 1165 1075 1118
f 1168 1116 1195
f 1042 1076 1167
f 1119 1168 1301
f 1197 1078 1043
f 1119 1301 1121
f 997 1079 1198
f 1042 1196 1080
f 1079 1124 1198
f 1197 1043 1120
f 1264 1122 1121
f 1122 1264 1169
f 1125 1199 1084
f 1169 1170 1083
f 1124 1000 1126
f 1228 1083 1170
f 1084 1199 1049
f 1228 1127 1083
f 1227 1130 1049
f 1127 1228 1131
f 1052 1171 1129
f 1133 1132 1202
f 1128 859 1203
f 1230 1203 859
f 1087 1172 1086
f 1055 1230 859
f 1172 1204 1086
f 1135 1231 1173
f 1008 1173 1336
f 1137 1138 1269
f 1175 1269 1138
f 1090 1091 1175
f 1139 1232 1141
f 1233 1141 1271
f 1232 1271 1141
f 1176 1091 1093
f 1058 1205 1206
f 1096 1176 1093
f 1097 1273 1096
f 1177 1011 1095
f 1060 1340 1305
f 1143 1142 1207
f 1210 1146 1143
f 1182 1144 1243
f 1178 1145 1179
f 1063 1103 1215
f 1103 1214 1215
f 1063 1215 1208
f 1015 1064 1147
f 1216 1015 1147
f 1145 1104 1149
f 1103 1241 1214
f 1150 1105 1182
f 1151 1183 1217
f 1218 1149 1153
f 1152 1150 1221
f 1186 1153 1154
f 1186 1249 1153
f 1185 1220 1222
f 1185 1151 1220
f 1249 1186 1187
f 1185 1222 1155
f 1187 1157 1252
f 1252 1157 1253
f 1157 1188 1253
f 1253 1188 1189
f 1185 1155 1159
f 1155 1190 1158
f 1161 1298 1160
f 1161 1163 1298
f 1156 1223 1191
f 1156 1109 1223
f 1190 1189 1162
f 1158 1190 1162
f 1163 1192 1298
f 1163 1193 1192
f 1164 1224 1193
f 1164 1191 1224
f 1166 1167 1076
f 1198 1357 1115
f 1165 1115 1357
f 1041 1078 1194
f 1116 1041 1194
f 1168 1195 1301
f 1196 1042 1167
f 1329 1197 1120
f 1124 1325 1198
f 1327 1125 1080
f 1329 1120 1123
f 1123 1225 1329
f 1082 1225 1123
f 1169 1264 1170
f 1085 1226 1082
f 1200 1226 1085
f 1049 1199 1227
f 1227 1201 1130
f 1129 1171 1332
f 1052 1202 1171
f 1266 1128 1203
f 1204 1231 1086
f 1174 1008 1336
f 1174 1232 1139
f 1091 1176 1175
f 1205 1234 1206
f 1234 1205 1233
f 1206 1234 1095
f 1095 1234 1177
f 1234 1304 1177
f 1097 1305 1273
f 1060 1397 1340
f 1177 1235 1060
f 1060 1235 1397
f 1240 1142 1178
f 1210 1143 1207
f 1064 1208 1274
f 1179 1209 1237
f 1145 1209 1179
f 1179 1237 1238
f 1178 1179 1238
f 1099 1146 1211
f 1146 1210 1211
f 1099 1211 1212
f 1099 1212 1213
f 1180 1099 1213
f 1213 1181 1180
f 1147 1242 1216
f 1182 1243 1244
f 1145 1149 1209
f 1209 1149 1245
f 1248 1217 1213
f 1181 1217 1183
f 1181 1213 1217
f 1182 1244 1288
f 1288 1150 1182
f 1245 1149 1218
f 1218 1247 1246
f 1245 1218 1246
f 1217 1248 1220
f 1288 1251 1150
f 1247 1218 1153
f 1247 1153 1249
f 1151 1217 1220
f 1150 1251 1221
f 1222 1220 1317
f 1219 1184 1067
f 1219 1067 1255
f 1187 1250 1249
f 1293 1189 1190
f 1190 1155 1292
f 1222 1292 1155
f 1255 1067 1295
f 1109 1221 1223
f 1160 1298 1295
f 1223 1297 1191
f 1193 1256 1192
f 1193 1224 1256
f 1166 1165 1257
f 1078 1258 1194
f 1116 1194 1260
f 1261 1196 1167
f 1258 1078 1197
f 1327 1196 1261
f 1327 1080 1196
f 1124 1326 1325
f 1121 1263 1264
f 1327 1406 1125
f 1125 1406 1265
f 1199 1125 1265
f 1124 1126 1302
f 1082 1226 1225
f 1170 1359 1228
f 1226 1200 1266
f 1126 1129 1330
f 1200 1128 1266
f 1131 1229 1132
f 1055 1088 1230
f 1230 1088 1267
f 1267 1088 1136
f 1231 1268 1173
f 1269 1337 1137
f 1175 1270 1269
f 1273 1176 1096
f 1304 1235 1177
f 1278 1274 1208
f 1147 1274 1242
f 1239 1240 1238
f 1240 1178 1238
f 1142 1240 1275
f 1207 1236 1210
f 1312 1215 1214
f 1215 1312 1278
f 1278 1208 1215
f 1216 1242 1281
f 1216 1281 1282
f 1243 1216 1282
f 1209 1245 1237
f 1238 1237 1246
f 1246 1237 1245
f 1247 1238 1246
f 1247 1239 1238
f 1248 1213 1212
f 1285 1220 1248
f 1241 1184 1315
f 1249 1286 1247
f 1250 1286 1249
f 1220 1285 1317
f 1315 1184 1219
f 1287 1250 1252
f 1253 1287 1252
f 1252 1250 1187
f 1253 1189 1293
f 1223 1221 1254
f 1297 1223 1254
f 1192 1299 1298
f 1192 1256 1299
f 1300 1256 1224
f 1296 1300 1224
f 1191 1296 1224
f 1297 1296 1191
f 1165 1357 1257
f 1194 1258 1259
f 1194 1259 1260
f 1116 1260 1379
f 1195 1116 1379
f 1195 1379 1301
f 1198 1325 1357
f 1167 1166 1261
f 1262 1121 1301
f 1328 1197 1329
f 1262 1263 1121
f 1302 1326 1124
f 1170 1264 1387
f 1170 1387 1359
f 1265 1227 1199
f 1126 1330 1302
f 1228 1229 1131
f 1129 1332 1330
f 1227 1303 1201
f 1332 1171 1389
f 1202 1132 1411
f 1202 1411 1171
f 1411 1389 1171
f 1391 1136 1137
f 1268 1336 1173
f 1137 1337 1391
f 1393 1337 1269
f 1176 1270 1175
f 1271 1272 1233
f 1232 1272 1271
f 1272 1234 1233
f 1207 1142 1277
f 1207 1277 1236
f 1279 1242 1274
f 1240 1239 1306
f 1275 1240 1306
f 1276 1142 1275
f 1277 1142 1276
f 1348 1278 1312
f 1242 1279 1280
f 1281 1242 1280
f 1244 1282 1308
f 1244 1243 1282
f 1239 1247 1309
f 1283 1275 1306
f 1284 1275 1283
f 1284 1276 1275
f 1285 1248 1212
f 1214 1241 1311
f 1214 1311 1312
f 1286 1309 1247
f 1283 1309 1286
f 1283 1286 1250
f 1284 1283 1287
f 1287 1283 1250
f 1241 1315 1311
f 1290 1251 1288
f 1289 1287 1253
f 1317 1292 1222
f 1251 1290 1221
f 1253 1293 1289
f 1292 1291 1190
f 1352 1219 1255
f 1290 1254 1221
f 1291 1293 1190
f 1318 1352 1255
f 1255 1295 1318
f 1295 1298 1318
f 1298 1299 1319
f 1319 1299 1322
f 1322 1299 1300
f 1296 1320 1300
f 1300 1299 1256
f 1261 1166 1257
f 1261 1257 1323
f 1258 1197 1324
f 1259 1258 1324
f 1357 1325 1380
f 1323 1327 1261
f 1324 1197 1328
f 1264 1386 1387
f 1265 1303 1227
f 1359 1229 1228
f 1333 1201 1303
f 1132 1229 1410
f 1132 1410 1411
f 1266 1203 1331
f 1331 1203 1334
f 1203 1230 1334
f 1201 1333 1172
f 1172 1333 1204
f 1204 1417 1231
f 1136 1391 1267
f 1393 1269 1270
f 1174 1364 1232
f 1174 1363 1364
f 1232 1364 1272
f 1176 1365 1270
f 1176 1273 1365
f 1277 1276 1307
f 1236 1277 1347
f 1310 1210 1236
f 1310 1211 1210
f 1343 1212 1211
f 1278 1348 1369
f 1274 1278 1344
f 1344 1278 1369
f 1274 1344 1279
f 1282 1281 1308
f 1239 1309 1306
f 1306 1309 1283
f 1276 1284 1307
f 1307 1284 1313
f 1347 1310 1236
f 1285 1212 1343
f 1244 1308 1316
f 1316 1288 1244
f 1313 1284 1287
f 1290 1288 1316
f 1289 1313 1287
f 1314 1289 1293
f 1291 1314 1293
f 1314 1291 1371
f 1371 1291 1292
f 1317 1371 1292
f 1315 1219 1352
f 1290 1294 1254
f 1352 1318 1321
f 1294 1354 1297
f 1294 1297 1254
f 1318 1319 1321
f 1354 1320 1296
f 1297 1354 1296
f 1318 1298 1319
f 1320 1322 1300
f 1257 1357 1358
f 1257 1358 1323
f 1301 1379 1405
f 1301 1405 1262
f 1381 1327 1323
f 1262 1382 1263
f 1386 1264 1263
f 1388 1303 1265
f 1303 1361 1333
f 1333 1390 1204
f 1334 1230 1335
f 1230 1267 1335
f 1390 1417 1204
f 1416 1267 1391
f 1231 1417 1268
f 1336 1363 1174
f 1363 1429 1364
f 1365 1338 1270
f 1272 1367 1234
f 1273 1366 1365
f 1367 1304 1234
f 1304 1396 1235
f 1273 1305 1339
f 1305 1340 1339
f 1235 1341 1397
f 1277 1342 1347
f 1310 1368 1211
f 1211 1368 1343
f 1279 1345 1280
f 1281 1280 1346
f 1280 1345 1346
f 1308 1281 1346
f 1343 1350 1285
f 1311 1351 1312
f 1348 1312 1351
f 1279 1344 1373
f 1345 1279 1373
f 1308 1346 1349
f 1316 1308 1349
f 1347 1289 1314
f 1347 1314 1310
f 1371 1310 1314
f 1317 1285 1350
f 1351 1311 1315
f 1351 1353 1372
f 1316 1349 1375
f 1316 1375 1290
f 1350 1371 1317
f 1351 1315 1352
f 1353 1351 1352
f 1375 1354 1290
f 1353 1352 1321
f 1356 1377 1321
f 1374 1356 1355
f 1354 1294 1290
f 1321 1319 1356
f 1320 1356 1322
f 1355 1356 1320
f 1354 1355 1320
f 1356 1319 1322
f 1380 1378 1357
f 1323 1358 1420
f 1424 1324 1328
f 1259 1324 1424
f 1323 1420 1381
f 1262 1405 1382
f 1325 1326 1380
f 1329 1435 1328
f 1383 1406 1327
f 1302 1384 1326
f 1329 1225 1435
f 1388 1265 1406
f 1225 1226 1385
f 1384 1302 1330
f 1385 1226 1360
f 1388 1409 1303
f 1226 1266 1360
f 1266 1331 1360
f 1330 1332 1450
f 1362 1229 1359
f 1229 1362 1410
f 1450 1332 1389
f 1331 1334 1412
f 1333 1413 1390
f 1335 1267 1416
f 1391 1337 1454
f 1268 1363 1336
f 1454 1337 1393
f 1364 1395 1272
f 1272 1395 1367
f 1367 1396 1304
f 1307 1342 1277
f 1313 1342 1307
f 1370 1346 1345
f 1368 1310 1371
f 1343 1368 1350
f 1350 1368 1371
f 1351 1372 1348
f 1348 1372 1369
f 1373 1401 1345
f 1349 1370 1403
f 1349 1346 1370
f 1342 1313 1289
f 1347 1342 1289
f 1401 1373 1377
f 1374 1401 1377
f 1375 1349 1403
f 1402 1374 1355
f 1376 1353 1321
f 1377 1376 1321
f 1374 1377 1356
f 1354 1402 1355
f 1404 1379 1260
f 1382 1405 1422
f 1328 1435 1424
f 1381 1383 1327
f 1263 1382 1436
f 1436 1386 1263
f 1384 1459 1326
f 1435 1225 1385
f 1384 1330 1407
f 1387 1408 1359
f 1330 1450 1407
f 1303 1409 1361
f 1333 1361 1413
f 1412 1334 1414
f 1413 1441 1390
f 1414 1334 1335
f 1390 1415 1417
f 1363 1268 1392
f 1429 1395 1364
f 1394 1338 1365
f 1504 1367 1395
f 1367 1418 1396
f 1396 1341 1235
f 1369 1398 1344
f 1372 1399 1369
f 1399 1398 1369
f 1400 1373 1344
f 1400 1344 1398
f 1345 1401 1370
f 1401 1402 1370
f 1370 1402 1403
f 1399 1372 1353
f 1399 1353 1376
f 1400 1376 1377
f 1400 1377 1373
f 1402 1401 1374
f 1403 1402 1354
f 1403 1354 1375
f 1358 1357 1378
f 1259 1424 1430
f 1260 1259 1430
f 1260 1430 1404
f 1405 1379 1404
f 1382 1422 1425
f 1382 1425 1436
f 1359 1408 1362
f 1451 1362 1408
f 1331 1427 1360
f 1410 1362 1451
f 1461 1411 1410
f 1389 1411 1461
f 1427 1331 1412
f 1416 1391 1453
f 1417 1392 1268
f 1453 1391 1454
f 1393 1428 1454
f 1363 1443 1429
f 1428 1393 1270
f 1270 1338 1428
f 1444 1395 1429
f 1395 1444 1466
f 1365 1366 1394
f 1504 1418 1367
f 1397 1467 1340
f 1397 1341 1467
f 1399 1419 1398
f 1398 1419 1400
f 1419 1399 1376
f 1400 1419 1376
f 1420 1358 1421
f 1405 1404 1422
f 1423 1378 1380
f 1326 1459 1432
f 1380 1326 1432
f 1383 1434 1406
f 1406 1434 1449
f 1406 1449 1388
f 1385 1360 1426
f 1426 1360 1437
f 1437 1360 1427
f 1389 1452 1450
f 1410 1530 1461
f 1490 1389 1461
f 1427 1412 1438
f 1361 1462 1413
f 1438 1412 1439
f 1412 1414 1439
f 1413 1440 1441
f 1390 1441 1415
f 1335 1416 1464
f 1415 1477 1417
f 1477 1494 1417
f 1416 1453 1442
f 1494 1392 1417
f 1363 1392 1443
f 1273 1339 1366
f 1340 1467 1339
f 1420 1421 1431
f 1430 1424 1456
f 1404 1430 1458
f 1404 1458 1422
f 1420 1431 1381
f 1381 1431 1433
f 1456 1424 1468
f 1432 1423 1380
f 1468 1424 1435
f 1381 1433 1434
f 1383 1381 1434
f 1435 1385 1472
f 1384 1471 1459
f 1436 1448 1386
f 1386 1448 1460
f 1460 1387 1386
f 1472 1385 1426
f 1387 1460 1408
f 1474 1410 1451
f 1490 1452 1389
f 1438 1437 1427
f 1410 1474 1530
f 1462 1440 1413
f 1414 1335 1464
f 1442 1464 1416
f 1341 1517 1467
f 1396 1482 1341
f 1418 1482 1396
f 1445 1378 1423
f 1446 1422 1458
f 1425 1422 1446
f 1435 1472 1468
f 1425 1446 1447
f 1436 1425 1447
f 1436 1447 1448
f 1471 1384 1407
f 1449 1489 1388
f 1388 1489 1409
f 1473 1408 1460
f 1408 1473 1451
f 1437 1438 1502
f 1414 1464 1475
f 1441 1477 1415
f 1392 1479 1443
f 1478 1454 1428
f 1478 1428 1481
f 1429 1443 1480
f 1481 1428 1338
f 1429 1480 1444
f 1366 1455 1394
f 1421 1457 1431
f 1358 1378 1445
f 1358 1445 1421
f 1458 1430 1456
f 1445 1423 1470
f 1472 1497 1468
f 1432 1459 1486
f 1486 1459 1471
f 1471 1407 1488
f 1472 1426 1498
f 1407 1450 1488
f 1437 1524 1426
f 1451 1473 1474
f 1500 1450 1452
f 1361 1409 1511
f 1524 1437 1502
f 1361 1511 1462
f 1440 1462 1463
f 1439 1414 1475
f 1440 1476 1441
f 1441 1476 1477
f 1465 1442 1453
f 1494 1479 1392
f 1453 1454 1478
f 1443 1479 1480
f 1338 1394 1481
f 1444 1535 1466
f 1515 1366 1339
f 1395 1466 1504
f 1469 1458 1456
f 1421 1445 1495
f 1433 1431 1457
f 1469 1456 1468
f 1423 1486 1470
f 1432 1486 1423
f 1485 1447 1446
f 1434 1433 1508
f 1434 1508 1449
f 1449 1508 1489
f 1473 1460 1448
f 1426 1524 1498
f 1409 1489 1511
f 1438 1439 1502
f 1475 1464 1493
f 1464 1442 1493
f 1477 1531 1494
f 1453 1478 1465
f 1455 1366 1515
f 1418 1483 1482
f 1482 1517 1341
f 1421 1495 1496
f 1457 1421 1496
f 1519 1458 1518
f 1458 1519 1446
f 1445 1470 1495
f 1433 1457 1507
f 1484 1469 1468
f 1446 1519 1485
f 1508 1433 1507
f 1497 1509 1468
f 1486 1471 1487
f 1523 1489 1508
f 1488 1487 1471
f 1499 1473 1448
f 1488 1450 1500
f 1499 1474 1473
f 1474 1527 1530
f 1502 1439 1491
f 1491 1439 1492
f 1439 1475 1492
f 1442 1465 1493
f 1514 1479 1494
f 1534 1478 1481
f 1480 1479 1543
f 1481 1578 1534
f 1394 1578 1481
f 1444 1533 1535
f 1533 1444 1480
f 1339 1516 1515
f 1467 1516 1339
f 1504 1483 1418
f 1482 1483 1517
f 1495 1470 1506
f 1507 1457 1505
f 1509 1484 1468
f 1458 1469 1484
f 1518 1458 1484
f 1470 1486 1506
f 1487 1520 1486
f 1506 1486 1520
f 1472 1498 1497
f 1488 1510 1487
f 1510 1488 1500
f 1512 1474 1499
f 1452 1526 1500
f 1512 1527 1474
f 1490 1501 1452
f 1452 1501 1526
f 1511 1552 1462
f 1462 1552 1463
f 1476 1531 1477
f 1531 1514 1494
f 1478 1532 1465
f 1534 1532 1478
f 1480 1543 1533
f 1394 1455 1578
f 1466 1535 1504
f 1457 1496 1505
f 1485 1545 1447
f 1447 1545 1539
f 1447 1539 1448
f 1497 1498 1538
f 1499 1448 1539
f 1530 1527 1528
f 1461 1530 1551
f 1541 1502 1491
f 1492 1475 1513
f 1563 1476 1440
f 1513 1475 1493
f 1493 1465 1565
f 1479 1514 1566
f 1479 1566 1543
f 1535 1533 1554
f 1592 1578 1455
f 1515 1503 1455
f 1504 1580 1483
f 1537 1518 1484
f 1507 1505 1544
f 1509 1497 1538
f 1521 1523 1508
f 1546 1499 1539
f 1510 1522 1487
f 1499 1546 1512
f 1489 1523 1511
f 1510 1500 1526
f 1524 1502 1525
f 1490 1461 1529
f 1529 1501 1490
f 1502 1541 1525
f 1529 1461 1551
f 1552 1511 1562
f 1463 1563 1440
f 1564 1514 1531
f 1532 1553 1465
f 1580 1504 1607
f 1607 1504 1535
f 1495 1536 1496
f 1496 1556 1505
f 1505 1556 1544
f 1495 1506 1536
f 1556 1496 1536
f 1484 1509 1537
f 1518 1594 1519
f 1567 1594 1518
f 1536 1506 1568
f 1485 1519 1557
f 1557 1545 1485
f 1507 1544 1508
f 1521 1508 1544
f 1538 1498 1540
f 1510 1548 1522
f 1524 1525 1498
f 1548 1510 1526
f 1523 1562 1511
f 1550 1527 1512
f 1501 1549 1548
f 1548 1526 1501
f 1550 1528 1527
f 1501 1529 1549
f 1530 1528 1551
f 1513 1493 1589
f 1476 1542 1531
f 1542 1564 1531
f 1620 1533 1543
f 1533 1620 1591
f 1578 1599 1534
f 1533 1591 1554
f 1554 1579 1535
f 1594 1557 1519
f 1487 1522 1520
f 1546 1539 1571
f 1573 1523 1521
f 1525 1540 1498
f 1550 1512 1546
f 1523 1573 1562
f 1548 1549 1574
f 1587 1525 1541
f 1541 1491 1604
f 1491 1492 1588
f 1476 1563 1542
f 1493 1565 1589
f 1465 1553 1565
f 1503 1592 1455
f 1515 1516 1503
f 1518 1537 1567
f 1509 1559 1537
f 1538 1558 1559
f 1538 1559 1509
f 1539 1545 1571
f 1538 1540 1558
f 1546 1571 1560
f 1522 1548 1547
f 1575 1528 1550
f 1549 1529 1561
f 1561 1574 1549
f 1561 1529 1551
f 1586 1552 1562
f 1588 1604 1491
f 1563 1463 1552
f 1492 1513 1605
f 1589 1565 1680
f 1564 1590 1514
f 1514 1590 1566
f 1613 1532 1534
f 1599 1613 1534
f 1577 1579 1554
f 1607 1535 1579
f 1483 1582 1517
f 1536 1568 1555
f 1544 1556 1570
f 1567 1537 1569
f 1520 1584 1506
f 1568 1506 1584
f 1544 1570 1521
f 1569 1537 1559
f 1545 1557 1602
f 1571 1545 1602
f 1520 1522 1572
f 1584 1520 1572
f 1522 1547 1572
f 1573 1521 1570
f 1540 1618 1558
f 1550 1560 1575
f 1550 1546 1560
f 1548 1574 1547
f 1525 1587 1540
f 1528 1575 1585
f 1551 1528 1576
f 1528 1585 1576
f 1551 1576 1561
f 1541 1604 1587
f 1588 1492 1605
f 1542 1598 1564
f 1553 1532 1613
f 1566 1606 1543
f 1554 1591 1577
f 1516 1467 1581
f 1568 1600 1555
f 1583 1567 1569
f 1603 1573 1570
f 1562 1573 1603
f 1561 1576 1596
f 1596 1574 1561
f 1552 1597 1563
f 1605 1513 1589
f 1516 1608 1503
f 1516 1581 1608
f 1517 1621 1467
f 1621 1517 1582
f 1583 1594 1567
f 1593 1536 1555
f 1556 1536 1593
f 1593 1570 1556
f 1609 1557 1594
f 1602 1557 1609
f 1584 1572 1611
f 1584 1611 1617
f 1568 1584 1617
f 1595 1570 1593
f 1558 1618 1616
f 1648 1547 1574
f 1648 1574 1596
f 1626 1562 1603
f 1562 1626 1586
f 1586 1597 1552
f 1604 1588 1640
f 1563 1628 1542
f 1605 1589 1651
f 1630 1542 1628
f 1542 1630 1598
f 1564 1598 1590
f 1565 1553 1612
f 1543 1606 1620
f 1632 1599 1578
f 1592 1632 1578
f 1579 1577 1614
f 1579 1614 1607
f 1621 1581 1467
f 1483 1580 1582
f 1559 1601 1569
f 1570 1595 1603
f 1558 1616 1559
f 1572 1547 1611
f 1560 1571 1636
f 1575 1560 1636
f 1540 1587 1618
f 1575 1636 1624
f 1624 1585 1575
f 1625 1596 1576
f 1587 1619 1618
f 1588 1605 1663
f 1597 1628 1563
f 1589 1680 1651
f 1565 1612 1680
f 1566 1590 1606
f 1613 1642 1553
f 1613 1599 1631
f 1599 1632 1631
f 1503 1608 1592
f 1592 1608 1644
f 1622 1582 1580
f 1568 1617 1600
f 1595 1593 1610
f 1559 1616 1601
f 1547 1648 1611
f 1576 1585 1659
f 1576 1659 1625
f 1639 1586 1626
f 1586 1639 1597
f 1587 1604 1619
f 1605 1651 1663
f 1598 1681 1590
f 1612 1553 1642
f 1606 1664 1620
f 1620 1643 1591
f 1633 1577 1591
f 1632 1592 1644
f 1634 1622 1580
f 1621 1646 1581
f 1601 1583 1569
f 1635 1594 1583
f 1594 1635 1609
f 1615 1555 1600
f 1555 1615 1593
f 1593 1615 1610
f 1571 1602 1636
f 1636 1638 1624
f 1648 1596 1625
f 1618 1619 1670
f 1619 1604 1627
f 1588 1663 1640
f 1630 1688 1598
f 1598 1688 1681
f 1590 1681 1606
f 1606 1682 1664
f 1613 1758 1642
f 1613 1631 1758
f 1614 1652 1607
f 1580 1607 1634
f 1601 1647 1583
f 1583 1647 1635
f 1611 1648 1617
f 1595 1623 1603
f 1610 1623 1595
f 1626 1603 1623
f 1637 1585 1624
f 1618 1670 1616
f 1670 1619 1627
f 1604 1640 1627
f 1628 1629 1630
f 1643 1633 1591
f 1700 1633 1643
f 1632 1644 1689
f 1608 1581 1644
f 1621 1691 1646
f 1582 1691 1621
f 1600 1617 1654
f 1653 1609 1635
f 1602 1609 1653
f 1636 1602 1653
f 1625 1657 1648
f 1617 1648 1658
f 1624 1638 1637
f 1675 1585 1637
f 1659 1585 1675
f 1650 1625 1659
f 1657 1625 1650
f 1639 1626 1661
f 1627 1640 1678
f 1662 1597 1639
f 1662 1671 1597
f 1597 1671 1628
f 1628 1671 1629
f 1620 1664 1643
f 1632 1672 1631
f 1614 1577 1633
f 1632 1689 1672
f 1581 1645 1644
f 1607 1652 1634
f 1581 1646 1645
f 1615 1600 1654
f 1601 1616 1655
f 1655 1647 1601
f 1638 1636 1656
f 1657 1658 1648
f 1638 1656 1649
f 1638 1649 1637
f 1626 1623 1660
f 1661 1626 1660
f 1662 1639 1661
f 1646 1701 1645
f 1658 1654 1617
f 1647 1673 1635
f 1653 1635 1673
f 1656 1636 1653
f 1667 1615 1654
f 1610 1615 1667
f 1637 1649 1675
f 1650 1659 1669
f 1610 1660 1623
f 1616 1670 1655
f 1663 1651 1679
f 1651 1680 1679
f 1680 1612 1641
f 1642 1641 1612
f 1582 1622 1691
f 1673 1647 1665
f 1647 1655 1665
f 1653 1666 1656
f 1654 1658 1685
f 1610 1667 1676
f 1665 1655 1687
f 1675 1649 1725
f 1659 1675 1669
f 1669 1668 1650
f 1650 1668 1657
f 1658 1657 1668
f 1676 1660 1610
f 1670 1687 1655
f 1640 1663 1711
f 1680 1730 1679
f 1759 1758 1631
f 1721 1633 1700
f 1614 1745 1652
f 1690 1689 1644
f 1634 1652 1683
f 1644 1645 1690
f 1622 1634 1702
f 1653 1673 1666
f 1667 1654 1686
f 1654 1685 1686
f 1656 1666 1684
f 1649 1656 1684
f 1658 1668 1674
f 1685 1658 1674
f 1668 1669 1705
f 1687 1670 1698
f 1707 1660 1676
f 1661 1660 1707
f 1670 1627 1708
f 1708 1627 1677
f 1709 1662 1661
f 1627 1678 1677
f 1678 1640 1711
f 1711 1663 1679
f 1629 1769 1630
f 1681 1682 1606
f 1682 1731 1664
f 1634 1785 1702
f 1683 1785 1634
f 1691 1712 1646
f 1622 1702 1691
f 1692 1673 1665
f 1666 1673 1692
f 1665 1687 1692
f 1649 1684 1725
f 1675 1725 1694
f 1669 1694 1705
f 1669 1675 1694
f 1676 1667 1686
f 1668 1705 1714
f 1674 1668 1714
f 1708 1698 1670
f 1671 1662 1709
f 1671 1710 1629
f 1630 1742 1688
f 1641 1730 1680
f 1672 1689 1722
f 1614 1633 1745
f 1652 1745 1683
f 1645 1773 1690
f 1646 1712 1701
f 1691 1702 1713
f 1692 1687 1703
f 1666 1692 1704
f 1666 1704 1693
f 1684 1666 1693
f 1685 1674 1696
f 1674 1695 1696
f 1686 1685 1696
f 1695 1674 1714
f 1686 1696 1697
f 1676 1686 1697
f 1676 1697 1707
f 1707 1709 1661
f 1677 1678 1711
f 1679 1730 1720
f 1699 1681 1688
f 1681 1699 1682
f 1641 1642 1757
f 1672 1759 1631
f 1689 1733 1722
f 1701 1773 1645
f 1692 1703 1704
f 1684 1693 1725
f 1703 1687 1706
f 1697 1715 1716
f 1697 1696 1715
f 1687 1698 1706
f 1707 1717 1737
f 1707 1697 1717
f 1708 1718 1698
f 1707 1737 1709
f 1677 1719 1708
f 1677 1711 1719
f 1671 1709 1710
f 1629 1710 1769
f 1630 1769 1742
f 1742 1699 1688
f 1731 1732 1664
f 1732 1643 1664
f 1745 1633 1807
f 1712 1746 1701
f 1691 1713 1712
f 1696 1695 1715
f 1703 1706 1723
f 1694 1747 1728
f 1705 1694 1728
f 1705 1728 1714
f 1706 1736 1723
f 1716 1717 1697
f 1708 1738 1718
f 1708 1719 1738
f 1711 1679 1720
f 1642 1758 1757
f 1759 1672 1722
f 1839 1759 1722
f 1689 1690 1733
f 1701 1746 1773
f 1712 1713 1746
f 1704 1703 1724
f 1703 1723 1724
f 1694 1725 1747
f 1695 1714 1726
f 1695 1726 1727
f 1695 1727 1715
f 1715 1741 1716
f 1706 1698 1729
f 1706 1729 1736
f 1755 1717 1716
f 1737 1717 1767
f 1748 1709 1737
f 1739 1709 1748
f 1709 1739 1710
f 1711 1750 1719
f 1739 1769 1710
f 1711 1720 1750
f 1720 1730 1743
f 1794 1699 1742
f 1699 1817 1682
f 1702 1775 1713
f 1734 1724 1723
f 1693 1704 1788
f 1704 1724 1788
f 1693 1788 1747
f 1725 1693 1747
f 1714 1735 1726
f 1740 1715 1727
f 1715 1740 1741
f 1723 1736 1734
f 1728 1735 1714
f 1716 1741 1755
f 1698 1718 1729
f 1717 1755 1767
f 1757 1758 1781
f 1732 1782 1643
f 1633 1721 1807
f 1690 1751 1733
f 1690 1760 1751
f 1683 1745 1818
f 1683 1818 1785
f 1763 1735 1728
f 1718 1754 1729
f 1718 1738 1754
f 1748 1737 1767
f 1744 1743 1730
f 1699 1794 1817
f 1730 1641 1744
f 1682 1817 1731
f 1643 1782 1700
f 1690 1773 1760
f 1746 1808 1773
f 1746 1784 1808
f 1747 1763 1728
f 1734 1736 1764
f 1736 1753 1764
f 1736 1729 1753
f 1753 1729 1754
f 1719 1768 1738
f 1749 1739 1748
f 1719 1750 1768
f 1769 1792 1742
f 1757 1744 1641
f 1733 1751 1772
f 1827 1745 1807
f 1713 1784 1746
f 1713 1761 1784
f 1713 1774 1761
f 1713 1775 1774
f 1724 1787 1788
f 1747 1788 1798
f 1726 1752 1727
f 1752 1740 1727
f 1748 1767 1756
f 1779 1754 1738
f 1768 1779 1738
f 1756 1749 1748
f 1739 1749 1769
f 1750 1720 1829
f 1720 1770 1829
f 1720 1743 1770
f 1731 1817 1732
f 1732 1771 1782
f 1721 1783 1807
f 1745 1827 1818
f 1702 1785 1775
f 1726 1735 1789
f 1789 1752 1726
f 1724 1734 1762
f 1762 1787 1724
f 1747 1798 1763
f 1765 1755 1741
f 1753 1754 1779
f 1765 1767 1755
f 1766 1767 1765
f 1766 1756 1767
f 1749 1792 1769
f 1750 1829 1780
f 1792 1793 1742
f 1742 1793 1794
f 1794 1795 1817
f 1781 1758 1759
f 1772 1722 1733
f 1762 1786 1787
f 1776 1735 1763
f 1735 1776 1789
f 1734 1777 1762
f 1763 1798 1800
f 1734 1764 1777
f 1740 1752 1778
f 1778 1741 1740
f 1778 1765 1741
f 1764 1753 1803
f 1768 1812 1779
f 1749 1756 1790
f 1790 1791 1749
f 1768 1750 1780
f 1817 1771 1732
f 1744 1757 1832
f 1757 1781 1832
f 1826 1700 1782
f 1700 1826 1721
f 1773 1808 1840
f 1800 1776 1763
f 1778 1815 1765
f 1779 1803 1753
f 1803 1779 1805
f 1766 1765 1804
f 1805 1779 1812
f 1756 1766 1790
f 1768 1780 1812
f 1749 1791 1792
f 1743 1744 1830
f 1796 1782 1771
f 1806 1839 1722
f 1827 1915 1818
f 1785 1809 1775
f 1777 1814 1762
f 1786 1762 1811
f 1762 1814 1811
f 1787 1786 1797
f 1786 1811 1797
f 1788 1787 1797
f 1788 1797 1798
f 1800 1798 1799
f 1801 1752 1789
f 1777 1764 1802
f 1802 1764 1803
f 1790 1766 1804
f 1770 1743 1825
f 1825 1743 1830
f 1781 1759 1838
f 1782 1796 1826
f 1839 1838 1759
f 1826 1783 1721
f 1773 1856 1760
f 1856 1773 1840
f 1810 1813 1776
f 1789 1776 1822
f 1776 1813 1822
f 1822 1801 1789
f 1798 1797 1799
f 1752 1815 1778
f 1823 1802 1803
f 1844 1804 1765
f 1791 1816 1792
f 1829 1848 1780
f 1831 1795 1794
f 1838 1832 1781
f 1722 1772 1806
f 1800 1810 1776
f 1800 1834 1810
f 1800 1799 1834
f 1799 1821 1834
f 1812 1847 1805
f 1824 1791 1790
f 1792 1853 1793
f 1793 1831 1794
f 1825 1830 1868
f 1817 1849 1771
f 1771 1849 1796
f 1889 1751 1760
f 1760 1856 1889
f 1785 1818 1809
f 1784 1819 1808
f 1761 1819 1784
f 1811 1820 1797
f 1833 1820 1811
f 1797 1821 1799
f 1836 1752 1801
f 1802 1814 1777
f 1752 1836 1815
f 1815 1844 1765
f 1803 1805 1823
f 1823 1805 1845
f 1845 1805 1847
f 1847 1812 1780
f 1824 1816 1791
f 1792 1816 1853
f 1869 1817 1795
f 1832 1830 1744
f 1914 1772 1751
f 1797 1820 1821
f 1833 1811 1814
f 1835 1833 1814
f 1828 1844 1815
f 1829 1770 1848
f 1793 1853 1831
f 1834 1821 1859
f 1822 1842 1801
f 1842 1836 1801
f 1836 1828 1815
f 1846 1790 1804
f 1824 1790 1846
f 1897 1845 1847
f 1780 1852 1847
f 1848 1852 1780
f 1888 1869 1795
f 1817 1869 1849
f 1807 1879 1827
f 1751 1889 1914
f 1818 1906 1809
f 1808 1857 1840
f 1808 1819 1857
f 1774 1775 1870
f 1774 1870 1761
f 1833 1841 1820
f 1851 1859 1821
f 1814 1837 1835
f 1802 1837 1814
f 1828 1843 1844
f 1846 1804 1844
f 1845 1864 1823
f 1875 1853 1816
f 1770 1825 1848
f 1876 1831 1853
f 1795 1831 1888
f 1830 1832 1854
f 1838 1854 1832
f 1839 1855 1838
f 1826 1899 1783
f 1813 1810 1850
f 1810 1881 1850
f 1813 1850 1822
f 1841 1851 1820
f 1820 1851 1821
f 1881 1834 1859
f 1810 1834 1881
f 1836 1842 1862
f 1836 1862 1828
f 1864 1802 1823
f 1846 1866 1824
f 1865 1897 1847
f 1848 1825 1921
f 1876 1867 1831
f 1830 1854 1868
f 1796 1899 1826
f 1839 1806 1855
f 1783 1879 1807
f 1818 1915 1906
f 1775 1858 1870
f 1775 1809 1858
f 1841 1860 1851
f 1850 1872 1822
f 1822 1872 1842
f 1837 1802 1864
f 1846 1844 1874
f 1845 1897 1896
f 1896 1864 1845
f 1824 1866 1816
f 1847 1852 1865
f 1848 1921 1886
f 1831 1867 1888
f 1796 1902 1899
f 1838 1855 1878
f 1903 1879 1783
f 1827 1879 1935
f 1827 1935 1915
f 1761 1870 1819
f 1906 1858 1809
f 1833 1893 1871
f 1871 1841 1833
f 1851 1860 1891
f 1851 1891 1859
f 1872 1861 1842
f 1893 1833 1835
f 1842 1861 1862
f 1837 1893 1835
f 1863 1828 1862
f 1843 1874 1844
f 1895 1846 1874
f 1895 1866 1846
f 1865 1852 1885
f 1848 1885 1852
f 1848 1886 1885
f 1853 1875 1876
f 1921 1825 1868
f 1868 1854 1877
f 1854 1838 1878
f 1806 1904 1855
f 1806 1772 1904
f 1828 1863 1843
f 1894 1837 1864
f 1864 1896 1873
f 1865 1911 1897
f 1910 1866 1909
f 1865 1885 1911
f 1910 1816 1866
f 1912 1888 1867
f 1855 1933 1878
f 1856 1905 1889
f 1856 1840 1905
f 1819 1870 1967
f 1858 1900 1870
f 1870 1900 1944
f 1891 1881 1859
f 1881 1882 1850
f 1882 1892 1850
f 1871 1880 1841
f 1860 1841 1880
f 1850 1892 1872
f 1872 1892 1861
f 1861 1883 1862
f 1837 1894 1893
f 1883 1863 1862
f 1863 1908 1843
f 1894 1864 1873
f 1884 1874 1908
f 1908 1874 1843
f 1895 1874 1884
f 1909 1866 1895
f 1875 1816 1910
f 1875 1920 1876
f 1876 1887 1867
f 1921 1868 1877
f 1888 1951 1869
f 1973 1877 1854
f 1869 1951 1849
f 1796 1849 1902
f 1904 1772 1914
f 1858 1906 1900
f 1860 1880 1907
f 1860 1907 1891
f 1881 1891 1901
f 1901 1890 1881
f 1881 1890 1882
f 1883 1861 1892
f 1908 1927 1884
f 1972 1873 1896
f 1898 1897 1911
f 1885 1886 1919
f 1875 1949 1920
f 1867 1887 1912
f 1888 1912 1951
f 1854 1878 1973
f 1914 1889 1964
f 1905 1964 1889
f 1819 1967 1857
f 1891 1907 1901
f 1927 1928 1884
f 1928 1895 1884
f 1896 1898 1972
f 1898 1896 1897
f 1911 1885 1919
f 1876 1920 1887
f 1887 1923 1912
f 1951 1931 1849
f 1849 1931 1902
f 1903 1783 1899
f 1901 1916 1890
f 1871 1917 1880
f 1917 1907 1880
f 1893 1918 1871
f 1883 1939 1863
f 1898 1988 1972
f 1895 1962 1909
f 1911 1941 1898
f 1910 1949 1875
f 1973 1878 1932
f 1932 1878 1933
f 1913 1899 1902
f 1934 1933 1855
f 1904 1934 1855
f 1870 1944 1967
f 1890 1936 1882
f 1890 1916 1936
f 1907 1937 1901
f 1882 1925 1892
f 1882 1936 1925
f 1918 1917 1871
f 1925 1939 1892
f 1892 1939 1883
f 1863 1927 1908
f 1894 1873 1940
f 1928 1979 1895
f 1941 1988 1898
f 1929 1910 1909
f 1941 1911 1947
f 1911 1919 1948
f 1950 1920 1949
f 1942 1886 1921
f 1887 1920 1922
f 1922 1923 1887
f 1923 1924 1912
f 1930 1877 1973
f 1915 1935 1983
f 1906 1966 1900
f 1906 1983 1966
f 1915 1983 1906
f 1943 1840 1857
f 1937 1916 1901
f 1893 1960 1918
f 1894 1960 1893
f 1939 1926 1863
f 1894 1940 1960
f 1863 1926 1927
f 1926 1928 1927
f 1873 1972 1940
f 1895 1979 1962
f 1948 1947 1911
f 1910 1989 1949
f 1942 1919 1886
f 1950 1922 1920
f 1930 1921 1877
f 1951 1912 1924
f 1913 1902 1931
f 1993 1935 1879
f 1840 1943 1905
f 1954 1936 1916
f 1956 1916 1937
f 1945 1907 1917
f 1937 1907 1945
f 1936 1946 1925
f 1946 1938 1925
f 1958 1917 1918
f 1939 1925 1938
f 1962 1929 1909
f 1962 1997 1929
f 1929 1989 1910
f 1942 1921 1930
f 1923 1981 1924
f 1930 1973 1991
f 1933 1963 1932
f 1933 1934 1963
f 1913 1903 1899
f 1993 1879 1903
f 1983 1935 1965
f 1965 1935 1993
f 1857 1984 1943
f 1857 1967 2013
f 1900 1952 1944
f 1954 1955 1936
f 1955 1946 1936
f 1917 1958 1957
f 1945 1917 1957
f 1970 1937 1945
f 1956 1937 1970
f 1926 1961 1928
f 1961 1979 1928
f 1949 2004 1950
f 1950 2008 1922
f 2008 1980 1922
f 1922 1980 1923
f 1951 1974 1931
f 1904 1914 1992
f 1857 2013 1984
f 1952 1900 1966
f 1953 1916 1956
f 1954 1916 1953
f 1918 1960 1959
f 1918 1959 1958
f 1979 1997 1962
f 1988 1941 2023
f 1989 2004 1949
f 1948 1919 2007
f 1919 1942 2007
f 1998 1942 1930
f 1980 1981 1923
f 1931 1974 1913
f 1992 1934 1904
f 1954 1953 1975
f 1955 1954 1968
f 1954 1975 1968
f 1969 1970 1945
f 1970 1971 1956
f 1953 1956 1971
f 1957 1976 1986
f 1969 1945 1986
f 1986 1945 1957
f 1955 1968 1946
f 1958 1976 1957
f 1995 1938 1946
f 1958 1959 1976
f 1926 1939 1938
f 2030 1947 1948
f 2004 2008 1950
f 2007 1942 1998
f 1930 1991 2009
f 1974 1951 1990
f 1982 1973 1932
f 1932 1963 1982
f 1903 1913 1993
f 1964 1992 1914
f 1967 1985 2013
f 1944 1985 1967
f 1944 1952 1985
f 1953 1971 1975
f 1968 1995 1946
f 1976 1959 1987
f 1938 1995 1996
f 1959 1960 2021
f 1938 1996 1926
f 1960 1940 1977
f 1961 1926 1978
f 1972 1977 1940
f 1972 1988 1977
f 2030 1948 2007
f 1951 1924 1990
f 2017 1913 1974
f 2017 2010 1913
f 2025 2011 1964
f 1964 1943 2025
f 1905 1943 1964
f 1969 1986 1994
f 1970 1969 1994
f 1971 1970 1994
f 2021 1987 1959
f 1996 1978 1926
f 1977 2021 1960
f 1978 2001 1961
f 1961 2001 1979
f 1979 2001 1997
f 1929 2003 1989
f 1989 2003 2004
f 1947 2030 2044
f 1980 2016 1981
f 2016 2046 1981
f 1924 1981 2046
f 1982 1991 1973
f 2011 1992 1964
f 1943 1984 2091
f 1986 1976 1999
f 1999 1976 1987
f 2002 1977 1988
f 2041 2023 1941
f 1947 2044 2041
f 1941 1947 2041
f 2008 2054 1980
f 1924 2046 1990
f 1982 1963 2033
f 1963 1934 2107
f 2098 1934 1992
f 1993 2018 2057
f 1965 1993 2057
f 2005 1968 1975
f 1971 1994 2019
f 2005 1975 1971
f 1968 2005 2027
f 1968 2027 1995
f 1986 1999 2000
f 2000 1994 1986
f 1995 2014 1996
f 2002 2021 1977
f 1997 2001 2015
f 1988 2023 2002
f 1997 2040 1929
f 2042 2003 1929
f 2030 2007 2006
f 2004 2029 2008
f 1980 2054 2016
f 2018 1993 1913
f 1983 2071 1966
f 2013 2012 1984
f 1952 2072 1985
f 2019 1994 2034
f 2019 2005 1971
f 2021 2020 1987
f 1998 2006 2007
f 2031 1998 1930
f 1930 2009 2031
f 1982 2070 1991
f 1990 2063 1974
f 1982 2033 2070
f 1934 2098 2107
f 1983 1965 2071
f 1943 2091 2025
f 1995 2027 2014
f 2051 1996 2014
f 1996 2051 1978
f 2021 2002 2022
f 2042 1929 2040
f 2029 2054 2008
f 1974 2063 2017
f 2018 1913 2010
f 1984 2012 2091
f 1952 1966 2072
f 2026 2034 1994
f 2026 2048 2034
f 2000 2026 1994
f 1987 2020 1999
f 2022 2020 2021
f 2051 2039 1978
f 2039 2001 1978
f 2015 2040 1997
f 2042 2043 2003
f 2004 2003 2029
f 2016 2024 2046
f 2033 1963 2107
f 2005 2019 2036
f 2005 2036 2027
f 2028 2014 2027
f 2000 1999 2038
f 2038 2026 2000
f 2020 2067 1999
f 2014 2028 2051
f 2002 2023 2053
f 2043 2029 2003
f 1998 2031 2032
f 2046 2063 1990
f 1991 2070 2009
f 1965 2057 2082
f 2082 2071 1965
f 2013 2065 2012
f 1985 2065 2013
f 1985 2072 2065
f 1966 2059 2072
f 2019 2034 2035
f 2036 2019 2035
f 2036 2037 2027
f 2037 2028 2027
f 1999 2050 2038
f 1999 2067 2050
f 2039 2051 2062
f 2039 2015 2001
f 2115 2042 2040
f 2043 2132 2029
f 2030 2045 2044
f 2030 2006 2045
f 2055 2045 2006
f 2055 2006 1998
f 2055 1998 2032
f 2031 2009 2032
f 2047 2018 2010
f 2098 1992 2058
f 2011 2058 1992
f 2035 2034 2048
f 2038 2049 2026
f 2038 2050 2049
f 2087 2022 2002
f 2039 2068 2015
f 2053 2052 2087
f 2053 2087 2002
f 2040 2015 2068
f 2023 2041 2053
f 2044 2045 2095
f 2017 2064 2010
f 2010 2064 2047
f 2018 2047 2057
f 2026 2060 2048
f 2060 2026 2049
f 2028 2037 2061
f 2086 2066 2028
f 2051 2028 2066
f 2020 2022 2067
f 2066 2062 2051
f 2106 2039 2062
f 2068 2039 2106
f 2053 2041 2094
f 2115 2043 2042
f 2043 2077 2132
f 2029 2079 2054
f 2079 2088 2054
f 2054 2088 2016
f 2024 2134 2046
f 2032 2009 2056
f 2081 2082 2057
f 2084 2036 2035
f 2048 2060 2074
f 2035 2048 2074
f 2061 2086 2028
f 2040 2069 2115
f 2116 2041 2044
f 2044 2095 2116
f 2134 2063 2046
f 2009 2070 2056
f 2070 2033 2121
f 2063 2080 2017
f 2017 2080 2064
f 2093 2073 2084
f 2035 2074 2084
f 2073 2036 2084
f 2036 2073 2037
f 2050 2060 2049
f 2067 2022 2076
f 2077 2043 2115
f 2116 2094 2041
f 2045 2078 2095
f 2132 2079 2029
f 2063 2134 2097
f 2070 2089 2056
f 2125 2057 2047
f 2125 2081 2057
f 2072 2059 2083
f 1966 2071 2059
f 2083 2065 2072
f 2084 2092 2093
f 2075 2074 2060
f 2061 2085 2086
f 2060 2050 2075
f 2105 2075 2050
f 2050 2067 2105
f 2120 2066 2086
f 2066 2130 2062
f 2130 2106 2062
f 2022 2087 2076
f 2068 2069 2040
f 2045 2055 2078
f 2055 2032 2096
f 2016 2088 2024
f 2098 2058 2090
f 2058 2011 2136
f 2012 2108 2091
f 2012 2065 2108
f 2065 2083 2108
f 2092 2084 2074
f 2037 2102 2061
f 2061 2102 2085
f 2104 2120 2086
f 2088 2193 2024
f 2089 2070 2121
f 2033 2118 2121
f 2107 2118 2033
f 2058 2136 2090
f 2025 2137 2011
f 2074 2112 2092
f 2101 2073 2093
f 2073 2101 2037
f 2037 2101 2102
f 2075 2112 2074
f 2075 2140 2103
f 2140 2075 2105
f 2105 2067 2141
f 2142 2087 2052
f 2096 2032 2056
f 2063 2097 2080
f 2125 2047 2064
f 2011 2137 2136
f 2099 2082 2081
f 2091 2137 2025
f 2099 2100 2082
f 2100 2071 2082
f 2093 2092 2109
f 2110 2093 2109
f 2101 2093 2110
f 2075 2103 2112
f 2085 2104 2086
f 2067 2076 2141
f 2106 2114 2068
f 2154 2068 2114
f 2154 2069 2068
f 2117 2132 2077
f 2132 2192 2079
f 2078 2055 2146
f 2146 2055 2096
f 2064 2080 2124
f 2123 2107 2098
f 2125 2135 2081
f 2135 2099 2081
f 2091 2168 2137
f 2168 2091 2108
f 2059 2071 2100
f 2083 2119 2108
f 2083 2059 2119
f 2092 2112 2127
f 2110 2111 2101
f 2101 2111 2102
f 2120 2130 2066
f 2076 2180 2141
f 2106 2130 2113
f 2153 2076 2087
f 2087 2142 2153
f 2053 2131 2052
f 2053 2094 2131
f 2095 2145 2116
f 2095 2078 2145
f 2079 2164 2088
f 2122 2118 2107
f 2064 2124 2125
f 2123 2098 2090
f 2108 2151 2168
f 2108 2119 2151
f 2126 2138 2109
f 2092 2127 2109
f 2109 2138 2110
f 2110 2138 2111
f 2085 2102 2128
f 2085 2129 2104
f 2104 2129 2120
f 2105 2141 2140
f 2114 2106 2113
f 2131 2142 2052
f 2144 2115 2069
f 2077 2115 2144
f 2116 2145 2155
f 2145 2078 2146
f 2079 2192 2164
f 2193 2088 2164
f 2193 2210 2024
f 2056 2147 2096
f 2147 2056 2089
f 2097 2183 2080
f 2123 2122 2107
f 2124 2157 2125
f 2156 2090 2136
f 2099 2135 2148
f 2149 2099 2148
f 2149 2100 2099
f 2127 2126 2109
f 2161 2127 2112
f 2111 2139 2102
f 2161 2112 2103
f 2102 2139 2128
f 2188 2130 2120
f 2154 2144 2069
f 2117 2077 2144
f 2145 2146 2181
f 2146 2096 2133
f 2080 2183 2124
f 2165 2122 2123
f 2156 2123 2090
f 2125 2157 2135
f 2128 2139 2170
f 2171 2103 2140
f 2128 2129 2085
f 2129 2163 2120
f 2163 2188 2120
f 2114 2113 2175
f 2094 2143 2131
f 2094 2116 2143
f 2192 2132 2117
f 2182 2147 2089
f 2121 2118 2194
f 2135 2157 2166
f 2166 2148 2135
f 2137 2150 2136
f 2100 2149 2158
f 2100 2119 2059
f 2119 2100 2158
f 2169 2126 2127
f 2138 2160 2111
f 2160 2139 2111
f 2161 2103 2171
f 2128 2162 2129
f 2141 2152 2140
f 2180 2076 2153
f 2191 2144 2154
f 2116 2155 2143
f 2146 2133 2222
f 2133 2096 2147
f 2210 2134 2024
f 2124 2183 2177
f 2157 2124 2177
f 2136 2184 2156
f 2136 2150 2184
f 2148 2167 2149
f 2126 2159 2138
f 2138 2159 2160
f 2127 2161 2169
f 2140 2173 2171
f 2173 2140 2152
f 2131 2189 2142
f 2143 2190 2131
f 2143 2155 2209
f 2194 2089 2121
f 2194 2182 2089
f 2156 2184 2195
f 2166 2178 2148
f 2167 2148 2178
f 2137 2168 2150
f 2149 2167 2158
f 2119 2179 2151
f 2119 2158 2179
f 2186 2169 2161
f 2160 2187 2139
f 2187 2170 2139
f 2186 2161 2171
f 2128 2170 2172
f 2128 2172 2162
f 2129 2162 2163
f 2152 2141 2180
f 2188 2113 2130
f 2174 2180 2153
f 2144 2176 2117
f 2155 2145 2181
f 2181 2146 2222
f 2134 2183 2097
f 2118 2122 2194
f 2183 2227 2177
f 2123 2195 2165
f 2157 2177 2203
f 2156 2195 2123
f 2212 2166 2157
f 2178 2166 2212
f 2184 2150 2213
f 2214 2168 2151
f 2151 2179 2214
f 2167 2198 2158
f 2185 2159 2126
f 2185 2126 2169
f 2153 2142 2174
f 2131 2201 2189
f 2131 2190 2201
f 2190 2143 2209
f 2176 2144 2191
f 2117 2202 2192
f 2164 2223 2193
f 2134 2237 2183
f 2224 2122 2165
f 2203 2212 2157
f 2168 2196 2150
f 2214 2196 2168
f 2179 2229 2214
f 2158 2198 2179
f 2199 2186 2171
f 2170 2187 2205
f 2205 2172 2170
f 2163 2207 2188
f 2208 2154 2114
f 2176 2202 2117
f 2164 2192 2243
f 2223 2164 2243
f 2269 2122 2224
f 2165 2195 2224
f 2184 2226 2195
f 2184 2213 2226
f 2197 2167 2178
f 2150 2196 2213
f 2167 2197 2198
f 2198 2215 2179
f 2204 2185 2169
f 2159 2185 2232
f 2159 2235 2160
f 2186 2204 2169
f 2160 2235 2187
f 2171 2241 2199
f 2173 2241 2171
f 2236 2162 2172
f 2207 2163 2162
f 2200 2174 2142
f 2200 2142 2189
f 2154 2208 2191
f 2243 2192 2202
f 2193 2223 2210
f 2134 2210 2237
f 2211 2182 2259
f 2182 2194 2259
f 2237 2268 2183
f 2183 2268 2227
f 2177 2227 2203
f 2212 2249 2178
f 2215 2229 2179
f 2159 2232 2235
f 2204 2186 2199
f 2205 2187 2217
f 2172 2205 2218
f 2236 2172 2218
f 2236 2206 2162
f 2162 2206 2207
f 2207 2113 2188
f 2180 2174 2219
f 2175 2220 2114
f 2155 2242 2209
f 2242 2155 2181
f 2211 2147 2182
f 2194 2280 2259
f 2280 2194 2269
f 2269 2194 2122
f 2203 2246 2212
f 2249 2197 2178
f 2197 2230 2198
f 2204 2216 2185
f 2187 2235 2217
f 2233 2204 2199
f 2199 2241 2233
f 2241 2275 2253
f 2241 2173 2275
f 2173 2152 2254
f 2291 2207 2206
f 2219 2152 2180
f 2291 2113 2207
f 2113 2291 2175
f 2174 2200 2276
f 2220 2208 2114
f 2190 2209 2221
f 2242 2181 2264
f 2202 2257 2243
f 2181 2222 2278
f 2222 2133 2258
f 2133 2147 2258
f 2258 2147 2211
f 2210 2244 2237
f 2211 2259 2267
f 2225 2224 2195
f 2225 2195 2226
f 2227 2238 2203
f 2213 2228 2226
f 2212 2246 2249
f 2196 2248 2213
f 2250 2248 2196
f 2196 2214 2250
f 2198 2231 2215
f 2230 2231 2198
f 2185 2216 2232
f 2204 2233 2234
f 2204 2234 2216
f 2366 2205 2217
f 2173 2254 2275
f 2219 2174 2276
f 2291 2220 2175
f 2191 2208 2299
f 2255 2191 2299
f 2277 2201 2190
f 2255 2176 2191
f 2190 2221 2277
f 2221 2209 2242
f 2264 2181 2278
f 2210 2223 2244
f 2269 2224 2294
f 2225 2294 2224
f 2268 2245 2227
f 2245 2238 2227
f 2226 2228 2225
f 2203 2238 2246
f 2213 2247 2228
f 2248 2247 2213
f 2214 2229 2250
f 2250 2229 2273
f 2261 2230 2197
f 2249 2261 2197
f 2231 2229 2215
f 2230 2239 2231
f 2232 2216 2251
f 2235 2232 2252
f 2232 2251 2252
f 2235 2252 2240
f 2235 2240 2217
f 2233 2263 2234
f 2233 2241 2263
f 2205 2366 2218
f 2289 2236 2297
f 2236 2289 2206
f 2254 2152 2219
f 2299 2208 2220
f 2292 2200 2189
f 2189 2201 2292
f 2176 2256 2202
f 2222 2258 2278
f 2211 2279 2258
f 2244 2293 2237
f 2271 2248 2250
f 2229 2231 2273
f 2230 2262 2239
f 2261 2262 2230
f 2239 2286 2231
f 2241 2253 2263
f 2236 2218 2297
f 2201 2277 2292
f 2256 2176 2255
f 2221 2242 2302
f 2242 2264 2302
f 2202 2256 2257
f 2243 2266 2223
f 2278 2258 2331
f 2223 2266 2244
f 2305 2268 2237
f 2225 2260 2294
f 2225 2228 2260
f 2238 2245 2307
f 2238 2307 2246
f 2228 2247 2260
f 2249 2246 2270
f 2247 2248 2271
f 2270 2261 2249
f 2250 2272 2271
f 2286 2273 2231
f 2216 2234 2288
f 2253 2275 2343
f 2290 2291 2206
f 2257 2265 2243
f 2243 2265 2266
f 2331 2258 2279
f 2267 2279 2211
f 2280 2267 2259
f 2245 2268 2305
f 2307 2270 2246
f 2261 2270 2283
f 2272 2250 2273
f 2239 2262 2287
f 2283 2262 2261
f 2286 2285 2273
f 2239 2287 2286
f 2216 2288 2325
f 2251 2216 2325
f 2251 2325 2274
f 2251 2274 2252
f 2240 2252 2311
f 2327 2220 2291
f 2276 2200 2315
f 2256 2345 2257
f 2244 2266 2293
f 2279 2267 2303
f 2293 2304 2237
f 2237 2304 2305
f 2280 2269 2306
f 2294 2306 2269
f 2321 2294 2260
f 2247 2308 2260
f 2247 2271 2308
f 2271 2281 2308
f 2271 2282 2281
f 2272 2282 2271
f 2262 2283 2287
f 2272 2284 2282
f 2273 2284 2272
f 2273 2285 2284
f 2234 2342 2288
f 2342 2234 2263
f 2218 2366 2380
f 2218 2381 2297
f 2297 2312 2289
f 2298 2343 2275
f 2275 2254 2298
f 2289 2290 2206
f 2254 2219 2298
f 2368 2291 2290
f 2219 2276 2326
f 2299 2220 2327
f 2301 2292 2277
f 2221 2301 2277
f 2264 2278 2330
f 2278 2331 2330
f 2303 2267 2332
f 2267 2280 2332
f 2280 2306 2332
f 2260 2308 2321
f 2309 2287 2283
f 2285 2295 2284
f 2285 2286 2295
f 2380 2381 2218
f 2298 2219 2326
f 2276 2314 2326
f 2368 2327 2291
f 2315 2200 2292
f 2300 2255 2299
f 2255 2316 2256
f 2317 2344 2302
f 2302 2264 2317
f 2346 2317 2264
f 2264 2330 2346
f 2345 2265 2257
f 2331 2279 2318
f 2303 2318 2279
f 2336 2245 2305
f 2245 2336 2307
f 2306 2294 2321
f 2308 2281 2338
f 2282 2310 2281
f 2286 2287 2296
f 2284 2295 2340
f 2286 2296 2295
f 2367 2343 2298
f 2312 2313 2289
f 2313 2290 2289
f 2368 2290 2313
f 2276 2315 2314
f 2315 2292 2329
f 2344 2301 2221
f 2344 2221 2302
f 2256 2316 2345
f 2265 2349 2266
f 2293 2319 2304
f 2304 2319 2320
f 2304 2320 2305
f 2334 2332 2306
f 2334 2306 2321
f 2337 2307 2336
f 2308 2322 2321
f 2308 2338 2322
f 2337 2270 2307
f 2323 2270 2337
f 2283 2323 2309
f 2323 2283 2270
f 2281 2310 2338
f 2287 2309 2296
f 2284 2310 2282
f 2324 2310 2284
f 2240 2311 2365
f 2217 2240 2365
f 2364 2342 2263
f 2217 2365 2366
f 2364 2263 2379
f 2263 2253 2379
f 2343 2379 2253
f 2298 2326 2367
f 2328 2299 2327
f 2328 2300 2299
f 2329 2292 2301
f 2301 2344 2385
f 2255 2300 2316
f 2358 2265 2345
f 2358 2348 2265
f 2265 2348 2349
f 2359 2331 2318
f 2293 2266 2350
f 2293 2350 2319
f 2372 2303 2332
f 2372 2332 2425
f 2320 2333 2305
f 2351 2332 2334
f 2333 2336 2305
f 2352 2336 2333
f 2334 2321 2335
f 2321 2322 2335
f 2322 2338 2353
f 2309 2323 2356
f 2338 2310 2355
f 2310 2324 2339
f 2296 2356 2295
f 2309 2356 2296
f 2284 2340 2324
f 2325 2288 2362
f 2325 2362 2341
f 2325 2341 2274
f 2252 2274 2481
f 2252 2481 2311
f 2314 2408 2326
f 2368 2328 2327
f 2329 2301 2385
f 2316 2357 2345
f 2346 2330 2347
f 2330 2331 2347
f 2347 2331 2359
f 2266 2349 2350
f 2391 2318 2303
f 2350 2392 2319
f 2391 2303 2372
f 2351 2425 2332
f 2353 2335 2322
f 2352 2337 2336
f 2375 2337 2352
f 2337 2354 2323
f 2354 2337 2375
f 2338 2355 2353
f 2354 2356 2323
f 2355 2310 2339
f 2381 2312 2297
f 2384 2328 2368
f 2300 2328 2369
f 2300 2369 2370
f 2300 2370 2316
f 2344 2317 2371
f 2317 2346 2371
f 2371 2346 2420
f 2345 2357 2358
f 2359 2318 2389
f 2318 2391 2389
f 2349 2390 2350
f 2360 2351 2334
f 2360 2334 2335
f 2353 2355 2361
f 2339 2361 2355
f 2361 2339 2376
f 2324 2396 2339
f 2339 2396 2376
f 2378 2295 2356
f 2378 2356 2459
f 2354 2459 2356
f 2324 2377 2396
f 2340 2377 2324
f 2340 2378 2377
f 2378 2340 2295
f 2288 2342 2363
f 2363 2342 2364
f 2343 2367 2379
f 2500 2312 2381
f 2367 2326 2407
f 2326 2408 2407
f 2445 2368 2313
f 2314 2315 2408
f 2414 2315 2329
f 2384 2369 2328
f 2387 2344 2371
f 2370 2388 2316
f 2316 2388 2357
f 2346 2419 2420
f 2347 2419 2346
f 2347 2359 2422
f 2390 2392 2350
f 2373 2374 2319
f 2319 2374 2320
f 2333 2320 2374
f 2425 2351 2579
f 2579 2351 2360
f 2352 2333 2394
f 2393 2335 2353
f 2352 2394 2375
f 2353 2361 2393
f 2395 2361 2376
f 2362 2288 2363
f 2366 2365 2380
f 2381 2380 2405
f 2382 2312 2500
f 2312 2382 2313
f 2368 2445 2383
f 2408 2315 2409
f 2368 2383 2384
f 2413 2415 2369
f 2413 2369 2384
f 2329 2385 2414
f 2369 2415 2386
f 2344 2387 2385
f 2369 2386 2370
f 2386 2388 2370
f 2422 2359 2389
f 2421 2349 2348
f 2319 2392 2373
f 2391 2372 2456
f 2372 2425 2456
f 2457 2333 2374
f 2394 2333 2457
f 2361 2395 2393
f 2375 2394 2430
f 2375 2430 2354
f 2376 2396 2458
f 2397 2399 2398
f 2398 2400 2397
f 2399 2401 2398
f 2438 2436 2432
f 2438 2433 2402
f 2432 2433 2438
f 2403 2400 2398
f 2404 2438 2402
f 2274 2341 2481
f 2363 2364 2598
f 2365 2443 2380
f 2364 2379 2491
f 2406 2381 2405
f 2379 2367 2495
f 2367 2407 2502
f 2502 2495 2367
f 2313 2382 2445
f 2383 2410 2384
f 2409 2315 2414
f 2409 2414 2412
f 2384 2410 2413
f 2411 2413 2410
f 2411 2449 2413
f 2411 2519 2449
f 2414 2385 2412
f 2449 2415 2413
f 2415 2416 2386
f 2449 2416 2415
f 2387 2450 2385
f 2452 2386 2416
f 2452 2417 2386
f 2387 2371 2450
f 2386 2417 2388
f 2417 2418 2388
f 2418 2357 2388
f 2371 2420 2454
f 2418 2525 2357
f 2357 2525 2358
f 2525 2421 2358
f 2419 2347 2422
f 2421 2348 2358
f 2423 2389 2424
f 2389 2391 2424
f 2392 2648 2373
f 2426 2579 2360
f 2360 2427 2426
f 2427 2360 2335
f 2457 2530 2394
f 2427 2335 2393
f 2428 2427 2393
f 2395 2429 2393
f 2430 2459 2354
f 2532 2458 2396
f 2378 2584 2377
f 2378 2460 2584
f 2459 2460 2378
f 2397 2431 2463
f 2397 2463 2399
f 2432 2465 2433
f 2400 2434 2431
f 2400 2431 2397
f 2399 2464 2401
f 2436 2435 2432
f 2402 2433 2466
f 2403 2434 2400
f 2403 2398 2437
f 2403 2437 2439
f 2398 2401 2469
f 2437 2398 2469
f 2401 2464 2469
f 2404 2402 2467
f 2440 2436 2438
f 2404 2440 2438
f 2473 2404 2467
f 2437 2469 2548
f 2404 2477 2440
f 2477 2441 2440
f 2477 2404 2473
f 2478 2437 2548
f 2486 2437 2478
f 2596 2311 2481
f 2483 2486 2479
f 2365 2311 2442
f 2311 2596 2442
f 2598 2364 2491
f 2405 2380 2443
f 2381 2406 2500
f 2382 2500 2444
f 2502 2407 2508
f 2382 2444 2504
f 2445 2382 2504
f 2504 2447 2445
f 2408 2446 2508
f 2408 2508 2407
f 2504 2509 2447
f 2408 2409 2446
f 2383 2445 2447
f 2509 2514 2411
f 2514 2517 2411
f 2410 2383 2447
f 2410 2447 2509
f 2411 2410 2509
f 2412 2448 2512
f 2446 2412 2512
f 2409 2412 2446
f 2517 2519 2411
f 2450 2521 2448
f 2412 2385 2450
f 2448 2412 2450
f 2520 2449 2519
f 2449 2451 2416
f 2520 2451 2449
f 2416 2451 2452
f 2572 2521 2450
f 2450 2453 2572
f 2452 2451 2523
f 2450 2371 2453
f 2371 2454 2453
f 2524 2417 2523
f 2524 2418 2417
f 2454 2420 2455
f 2418 2524 2525
f 2420 2419 2455
f 2525 2528 2421
f 2419 2527 2455
f 2419 2422 2527
f 2528 2606 2421
f 2527 2422 2423
f 2422 2389 2423
f 2421 2606 2349
f 2606 2390 2349
f 2424 2391 2577
f 2391 2456 2577
f 2425 2608 2456
f 2608 2425 2579
f 2578 2457 2374
f 2394 2530 2430
f 2395 2376 2458
f 2430 2534 2459
f 2396 2377 2533
f 2532 2396 2533
f 2377 2584 2533
f 2534 2460 2459
f 2465 2538 2536
f 2431 2462 2463
f 2461 2399 2463
f 2399 2542 2464
f 2399 2461 2542
f 2432 2435 2465
f 2536 2433 2465
f 2466 2433 2536
f 2539 2466 2536
f 2462 2434 2544
f 2431 2434 2462
f 2542 2543 2464
f 2468 2402 2466
f 2468 2466 2539
f 2434 2403 2439
f 2543 2546 2464
f 2435 2436 2470
f 2468 2467 2402
f 2464 2546 2469
f 2468 2473 2467
f 2473 2468 2547
f 2548 2469 2546
f 2436 2440 2470
f 2547 2475 2473
f 2439 2437 2471
f 2472 2470 2474
f 2440 2441 2474
f 2470 2440 2474
f 2437 2486 2471
f 2485 2476 2486
f 2471 2486 2476
f 2474 2441 2482
f 2473 2554 2477
f 2475 2554 2473
f 2479 2478 2480
f 2486 2478 2479
f 2555 2362 2363
f 2441 2484 2482
f 2477 2484 2441
f 2442 2443 2365
f 2482 2484 2488
f 2477 2489 2484
f 2554 2489 2477
f 2487 2489 2554
f 2486 2494 2485
f 2483 2494 2486
f 2496 2488 2484
f 2489 2496 2484
f 2490 2487 2557
f 2489 2492 2496
f 2493 2489 2487
f 2560 2565 2479
f 2489 2493 2492
f 2490 2493 2487
f 2483 2498 2494
f 2479 2565 2483
f 2564 2488 2496
f 2565 2498 2483
f 2379 2495 2491
f 2505 2493 2490
f 2498 2497 2494
f 2501 2498 2565
f 2496 2444 2500
f 2503 2444 2496
f 2492 2503 2496
f 2499 2495 2502
f 2503 2504 2444
f 2493 2503 2492
f 2501 2507 2498
f 2508 2507 2501
f 2508 2501 2502
f 2493 2504 2503
f 2509 2504 2493
f 2505 2509 2493
f 2505 2514 2509
f 2510 2514 2505
f 2512 2515 2513
f 2506 2512 2513
f 2497 2512 2506
f 2498 2446 2497
f 2507 2446 2498
f 2508 2446 2507
f 2514 2510 2511
f 2497 2446 2512
f 2516 2517 2514
f 2515 2448 2518
f 2512 2448 2515
f 2521 2518 2448
f 2451 2520 2522
f 2452 2523 2417
f 2574 2572 2453
f 2453 2454 2574
f 2574 2454 2455
f 2526 2524 2523
f 2574 2455 2575
f 2524 2526 2525
f 2455 2527 2575
f 2525 2526 2528
f 2527 2423 2529
f 2529 2423 2424
f 2529 2424 2577
f 2373 2578 2374
f 2578 2609 2457
f 2428 2683 2427
f 2530 2457 2580
f 2530 2581 2430
f 2581 2530 2580
f 2430 2581 2582
f 2395 2458 2531
f 2430 2582 2534
f 2532 2583 2458
f 2535 2618 2615
f 2538 2535 2615
f 2536 2538 2617
f 2536 2617 2539
f 2461 2586 2537
f 2537 2586 2616
f 2542 2461 2537
f 2465 2541 2535
f 2538 2465 2535
f 2463 2462 2586
f 2586 2462 2587
f 2461 2463 2586
f 2465 2435 2541
f 2547 2539 2540
f 2462 2544 2587
f 2547 2468 2539
f 2434 2439 2545
f 2544 2434 2545
f 2471 2592 2545
f 2545 2439 2471
f 2548 2546 2593
f 2475 2547 2549
f 2471 2476 2592
f 2476 2550 2592
f 2549 2595 2475
f 2630 2548 2593
f 2478 2548 2630
f 2551 2550 2476
f 2475 2595 2554
f 2554 2595 2553
f 2476 2485 2551
f 2480 2478 2630
f 2474 2482 2552
f 2557 2554 2553
f 2482 2488 2552
f 2557 2487 2554
f 2558 2557 2553
f 2479 2480 2560
f 2405 2443 2559
f 2556 2485 2494
f 2641 2560 2480
f 2488 2561 2559
f 2558 2566 2557
f 2491 2600 2598
f 2406 2405 2559
f 2406 2559 2561
f 2566 2490 2557
f 2513 2556 2506
f 2494 2506 2556
f 2565 2560 2562
f 2563 2560 2641
f 2563 2562 2560
f 2563 2600 2491
f 2564 2406 2561
f 2561 2488 2564
f 2563 2495 2562
f 2563 2491 2495
f 2505 2490 2566
f 2494 2497 2506
f 2562 2499 2565
f 2499 2501 2565
f 2495 2499 2562
f 2406 2564 2500
f 2496 2500 2564
f 2505 2603 2510
f 2505 2566 2603
f 2499 2502 2501
f 2511 2510 2603
f 2511 2516 2514
f 2516 2604 2517
f 2567 2515 2518
f 2519 2517 2604
f 2568 2519 2604
f 2521 2605 2518
f 2519 2568 2520
f 2568 2569 2520
f 2569 2571 2522
f 2569 2522 2520
f 2570 2605 2521
f 2521 2572 2570
f 2522 2571 2451
f 2451 2571 2523
f 2571 2573 2523
f 2526 2523 2573
f 2526 2576 2528
f 2576 2606 2528
f 2606 2607 2390
f 2392 2390 2648
f 2608 2577 2456
f 2648 2723 2373
f 2723 2578 2373
f 2427 2683 2426
f 2609 2580 2457
f 2393 2610 2428
f 2429 2610 2393
f 2395 2531 2429
f 2534 2582 2611
f 2460 2534 2612
f 2534 2611 2612
f 2584 2460 2614
f 2657 2614 2460
f 2612 2657 2460
f 2617 2615 2658
f 2617 2538 2615
f 2537 2698 2542
f 2616 2698 2537
f 2698 2619 2542
f 2615 2618 2585
f 2616 2586 2622
f 2618 2535 2541
f 2539 2617 2621
f 2541 2588 2618
f 2621 2540 2539
f 2619 2624 2542
f 2624 2543 2542
f 2435 2588 2541
f 2624 2701 2543
f 2435 2589 2588
f 2540 2590 2547
f 2544 2545 2626
f 2543 2701 2546
f 2435 2470 2591
f 2589 2435 2591
f 2545 2592 2626
f 2546 2701 2593
f 2591 2470 2472
f 2590 2549 2547
f 2590 2629 2549
f 2550 2594 2628
f 2550 2628 2592
f 2549 2629 2595
f 2474 2667 2472
f 2550 2551 2594
f 2632 2594 2551
f 2362 2669 2341
f 2481 2341 2789
f 2341 2669 2789
f 2474 2552 2597
f 2551 2485 2632
f 2481 2789 2596
f 2442 2596 2670
f 2632 2485 2556
f 2636 2480 2630
f 2443 2442 2637
f 2442 2670 2637
f 2638 2597 2552
f 2632 2556 2640
f 2443 2637 2638
f 2443 2638 2559
f 2559 2638 2552
f 2641 2480 2636
f 2599 2639 2598
f 2488 2559 2552
f 2558 2602 2566
f 2599 2600 2641
f 2599 2598 2600
f 2640 2556 2601
f 2600 2563 2641
f 2513 2601 2556
f 2602 2603 2566
f 2513 2515 2601
f 2601 2515 2567
f 2516 2511 2675
f 2518 2676 2567
f 2604 2643 2568
f 2676 2518 2605
f 2645 2570 2572
f 2573 2646 2526
f 2645 2572 2574
f 2574 2575 2645
f 2526 2646 2576
f 2645 2575 2678
f 2575 2527 2678
f 2527 2679 2678
f 2527 2529 2679
f 2679 2529 2680
f 2680 2529 2577
f 2607 2648 2390
f 2648 2759 2723
f 2723 2649 2578
f 2579 2724 2608
f 2682 2579 2426
f 2609 2650 2580
f 2650 2581 2580
f 2531 2610 2429
f 2581 2651 2582
f 2531 2458 2583
f 2611 2582 2651
f 2654 2532 2533
f 2654 2533 2613
f 2533 2584 2613
f 2613 2584 2614
f 2585 2739 2659
f 2658 2615 2659
f 2659 2615 2585
f 2662 2617 2658
f 2660 2619 2698
f 2739 2585 2618
f 2621 2617 2662
f 2620 2619 2660
f 2619 2620 2624
f 2622 2586 2623
f 2588 2739 2618
f 2625 2739 2588
f 2664 2540 2621
f 2586 2587 2623
f 2623 2587 2544
f 2626 2627 2623
f 2626 2623 2544
f 2588 2589 2625
f 2540 2664 2590
f 2664 2665 2590
f 2626 2592 2628
f 2627 2626 2628
f 2591 2472 2705
f 2629 2590 2665
f 2472 2667 2705
f 2629 2668 2595
f 2631 2595 2668
f 2666 2594 2634
f 2633 2667 2474
f 2595 2631 2553
f 2632 2634 2594
f 2597 2633 2474
f 2670 2596 2711
f 2635 2558 2631
f 2631 2558 2553
f 2632 2640 2634
f 2630 2707 2636
f 2598 2715 2363
f 2637 2597 2638
f 2598 2639 2715
f 2635 2602 2558
f 2599 2641 2636
f 2710 2599 2636
f 2601 2672 2640
f 2642 2602 2635
f 2602 2642 2603
f 2601 2674 2672
f 2642 2673 2511
f 2642 2511 2603
f 2567 2674 2601
f 2673 2675 2511
f 2674 2567 2676
f 2604 2516 2643
f 2569 2791 2571
f 2605 2570 2644
f 2571 2721 2573
f 2570 2645 2644
f 2678 2644 2645
f 2646 2722 2576
f 2576 2647 2606
f 2606 2647 2607
f 2680 2577 2758
f 2682 2724 2579
f 2609 2578 2649
f 2684 2609 2649
f 2609 2684 2650
f 2428 2610 2797
f 2581 2650 2651
f 2531 2652 2610
f 2531 2687 2652
f 2531 2583 2687
f 2653 2611 2651
f 2687 2583 2532
f 2654 2687 2532
f 2688 2657 2612
f 2611 2653 2612
f 2653 2688 2612
f 2613 2655 2654
f 2655 2613 2614
f 2614 2657 2656
f 2656 2655 2614
f 2658 2692 2695
f 2658 2659 2691
f 2659 2737 2694
f 2662 2658 2695
f 2696 2698 2616
f 2659 2739 2737
f 2661 2663 2660
f 2696 2622 2697
f 2616 2622 2696
f 2620 2660 2663
f 2700 2697 2622
f 2623 2743 2700
f 2622 2623 2700
f 2739 2625 2780
f 2624 2745 2701
f 2742 2665 2664
f 2703 2625 2589
f 2589 2591 2703
f 2702 2593 2701
f 2591 2705 2703
f 2665 2704 2629
f 2704 2668 2629
f 2627 2628 2666
f 2593 2706 2630
f 2594 2666 2628
f 2633 2597 2712
f 2631 2713 2635
f 2707 2710 2636
f 2555 2363 2715
f 2637 2670 2712
f 2712 2597 2637
f 2640 2671 2634
f 2713 2716 2635
f 2639 2599 2710
f 2642 2635 2716
f 2672 2671 2640
f 2675 2643 2516
f 2677 2568 2643
f 2568 2677 2569
f 2676 2605 2718
f 2605 2644 2718
f 2718 2644 2719
f 2719 2644 2756
f 2571 2720 2721
f 2573 2721 2646
f 2644 2678 2756
f 2678 2679 2793
f 2607 2795 2648
f 2608 2681 2577
f 2608 2724 2681
f 2760 2682 2426
f 2426 2683 2760
f 2650 2684 2726
f 2610 2685 2797
f 2650 2686 2651
f 2650 2726 2686
f 2652 2685 2610
f 2651 2686 2653
f 2687 2831 2652
f 2653 2686 2762
f 2762 2688 2653
f 2654 2728 2687
f 2655 2728 2654
f 2729 2656 2657
f 2729 2657 2688
f 2730 2728 2655
f 2656 2689 2655
f 2655 2689 2730
f 2656 2690 2689
f 2729 2690 2656
f 2733 2692 2691
f 2693 2692 2733
f 2691 2659 2694
f 2692 2658 2691
f 2695 2692 2693
f 2696 2735 2698
f 2695 2699 2662
f 2735 2660 2698
f 2660 2735 2661
f 2699 2621 2662
f 2663 2776 2620
f 2738 2621 2699
f 2620 2745 2624
f 2621 2738 2664
f 2738 2742 2664
f 2745 2782 2701
f 2746 2703 2705
f 2706 2593 2702
f 2627 2666 2747
f 2704 2748 2668
f 2785 2705 2667
f 2708 2785 2667
f 2630 2706 2707
f 2666 2634 2747
f 2708 2667 2633
f 2748 2713 2631
f 2748 2631 2668
f 2709 2747 2634
f 2596 2789 2711
f 2634 2671 2709
f 2711 2712 2670
f 2710 2818 2714
f 2710 2714 2639
f 2639 2714 2715
f 2642 2716 2750
f 2642 2750 2717
f 2673 2642 2717
f 2673 2717 2675
f 2674 2676 2754
f 2754 2676 2718
f 2677 2791 2569
f 2721 2722 2646
f 2825 2647 2722
f 2722 2647 2576
f 2647 2794 2607
f 2795 2759 2648
f 2723 2796 2649
f 2684 2649 2829
f 2683 2872 2760
f 2797 2683 2428
f 2685 2652 2761
f 2687 2727 2831
f 2800 2688 2762
f 2730 2834 2728
f 2690 2763 2689
f 2731 2732 2733
f 2734 2733 2732
f 2733 2691 2731
f 2693 2733 2734
f 2693 2734 2770
f 2767 2771 2735
f 2691 2694 2731
f 2772 2693 2770
f 2767 2735 2766
f 2735 2696 2766
f 2771 2661 2735
f 2771 2736 2661
f 2694 2773 2769
f 2693 2772 2695
f 2696 2775 2774
f 2812 2773 2737
f 2773 2694 2737
f 2695 2772 2699
f 2696 2697 2775
f 2663 2661 2736
f 2778 2812 2737
f 2772 2738 2699
f 2775 2700 2741
f 2697 2700 2775
f 2737 2739 2778
f 2700 2743 2741
f 2776 2745 2620
f 2742 2738 2740
f 2625 2781 2780
f 2743 2623 2744
f 2744 2623 2627
f 2783 2814 2665
f 2742 2783 2665
f 2782 2702 2701
f 2705 2785 2746
f 2708 2633 2856
f 2707 2858 2710
f 2362 2555 2859
f 2362 2859 2669
f 2856 2711 2749
f 2856 2712 2711
f 2633 2712 2856
f 2709 2671 2751
f 2710 2858 2818
f 2862 2716 2713
f 2714 2555 2715
f 2862 2750 2716
f 2672 2751 2671
f 2672 2752 2751
f 2750 2821 2717
f 2672 2674 2752
f 2717 2790 2675
f 2752 2674 2753
f 2675 2790 2643
f 2790 2822 2643
f 2674 2754 2753
f 2865 2718 2755
f 2718 2719 2755
f 2791 2720 2571
f 2719 2756 2757
f 2757 2756 2678
f 2757 2678 2793
f 2679 2680 2793
f 2794 2795 2607
f 2681 2758 2577
f 2759 2828 2723
f 2723 2828 2796
f 2682 2725 2724
f 2682 2760 2725
f 2829 2726 2684
f 2761 2797 2685
f 2652 2798 2761
f 2798 2652 2831
f 2799 2800 2762
f 2687 2728 2727
f 2728 2912 2727
f 2730 2802 2834
f 2689 2802 2730
f 2689 2763 2802
f 2768 2764 2732
f 2734 2732 2765
f 2766 2804 2767
f 2803 2804 2766
f 2805 2768 2731
f 2768 2732 2731
f 2770 2734 2839
f 2803 2766 2774
f 2838 2767 2804
f 2771 2767 2838
f 2769 2805 2694
f 2731 2694 2805
f 2766 2696 2774
f 2773 2841 2769
f 2808 2772 2770
f 2810 2806 2774
f 2736 2771 2807
f 2812 2841 2773
f 2777 2772 2808
f 2775 2810 2774
f 2736 2843 2776
f 2736 2776 2663
f 2772 2777 2738
f 2846 2810 2775
f 2775 2741 2846
f 2740 2738 2777
f 2846 2741 2779
f 2778 2739 2780
f 2740 2783 2742
f 2741 2743 2779
f 2744 2779 2743
f 2703 2746 2781
f 2781 2625 2703
f 2665 2814 2704
f 2747 2744 2627
f 2815 2784 2702
f 2744 2747 2786
f 2784 2706 2702
f 2784 2787 2706
f 2706 2787 2707
f 2747 2709 2855
f 2787 2858 2707
f 2748 2788 2713
f 2855 2709 2861
f 2669 2859 2896
f 2669 2896 2789
f 2788 2857 2713
f 2709 2751 2861
f 2857 2862 2713
f 2790 2717 2821
f 2643 2822 2677
f 2822 2903 2677
f 2791 2677 2903
f 2754 2718 2865
f 2719 2757 2755
f 2721 2792 2722
f 2792 2825 2722
f 2757 2793 3079
f 2825 2945 2647
f 2945 2794 2647
f 2759 2795 2826
f 2759 2827 2828
f 2829 2649 2796
f 2873 2683 2797
f 2797 2761 2873
f 2686 2726 2908
f 2874 2686 2908
f 2874 2762 2686
f 2799 2762 2874
f 2727 2801 2831
f 2800 2992 2688
f 2912 2801 2727
f 2833 2690 2729
f 2729 2992 2833
f 2992 2729 2688
f 2728 2834 2912
f 2834 2802 2950
f 2690 2833 2763
f 2802 2876 2950
f 2765 2732 2764
f 2734 2765 2839
f 2880 2803 2806
f 2803 2774 2806
f 2838 2881 2771
f 2807 2881 2917
f 2807 2771 2881
f 2810 2840 2806
f 2842 2808 2770
f 2736 2807 2918
f 2811 2809 2810
f 2918 2843 2736
f 2846 2811 2810
f 2812 2778 2844
f 2778 2780 2844
f 2776 2848 2745
f 2740 2813 2783
f 2813 2814 2783
f 2745 2848 2782
f 2780 2781 2888
f 2888 2781 2850
f 2781 2746 2926
f 2782 2815 2702
f 2746 2853 2926
f 2744 2892 2972
f 2814 2852 2704
f 2892 2744 2786
f 2854 2853 2746
f 2748 2704 2852
f 2854 2746 2785
f 2854 2785 2895
f 2852 2788 2748
f 2708 2895 2785
f 2747 2855 2786
f 2895 2708 2856
f 2787 3023 2858
f 2816 2857 2788
f 2855 2861 2931
f 2711 2789 2817
f 2856 2749 2932
f 2555 2899 2933
f 2714 2899 2555
f 2749 2711 2817
f 2749 2817 2819
f 2819 2932 2749
f 2714 2818 2899
f 2861 2751 2820
f 2751 2752 2820
f 2864 2790 2821
f 2790 2864 2822
f 2753 2754 2865
f 2865 2755 2985
f 2791 2903 2720
f 2903 2944 2720
f 2944 2823 2720
f 2720 2823 2721
f 2755 2757 2905
f 2823 2792 2721
f 2905 2757 2824
f 2866 3079 2793
f 2680 2866 2793
f 2758 2681 2868
f 2759 2826 2827
f 2681 2724 2869
f 2796 2828 2871
f 2796 2871 2829
f 2873 2872 2683
f 2726 2829 2908
f 2798 2909 2761
f 2798 2830 2909
f 2874 2832 2799
f 2831 2830 2798
f 2799 2832 2800
f 2831 2801 2830
f 2832 2992 2800
f 2763 2876 2802
f 2833 2876 2763
f 2880 2835 2803
f 2836 2837 2838
f 2837 2881 2838
f 2882 2877 2805
f 2877 2768 2805
f 2765 2878 2839
f 2804 2803 2835
f 2836 2804 2835
f 2838 2804 2836
f 2882 2769 2883
f 2805 2769 2882
f 2842 2839 2958
f 2770 2839 2842
f 2883 2769 2841
f 2809 2840 2810
f 2808 2845 2777
f 2962 2812 2844
f 2777 2845 2740
f 2847 2846 2779
f 2844 2780 2887
f 2740 2966 2813
f 2887 2780 2888
f 2779 2972 2924
f 2744 2972 2779
f 2848 2849 2782
f 2782 2849 2815
f 2781 2926 2850
f 2851 2852 2814
f 2925 2784 2815
f 2891 2784 2925
f 2784 2891 2787
f 2789 2896 2934
f 2789 2934 2817
f 2818 2858 2937
f 2859 2555 2933
f 2817 2860 2819
f 2932 2819 2935
f 2862 2857 2940
f 2818 2937 2899
f 2821 2750 2863
f 2820 2752 2900
f 2752 2753 2900
f 2900 2753 2901
f 2864 2902 2822
f 2753 2865 2901
f 2902 2983 2822
f 2822 2983 2903
f 2865 2985 2943
f 2755 2905 2985
f 2680 2907 2866
f 2794 2867 2795
f 2907 2680 2758
f 2795 2867 2826
f 2868 2681 2869
f 2869 2724 2725
f 2827 2870 2828
f 2870 2871 2828
f 2760 3036 2725
f 2760 2872 3036
f 2871 3038 2829
f 2829 3038 2908
f 2909 2873 2761
f 2908 2910 2874
f 2911 2832 2874
f 2832 2911 2992
f 2801 2912 2948
f 2834 2875 2912
f 2875 2834 2950
f 2952 2876 2833
f 2952 2950 2876
f 2837 2913 2881
f 2764 2877 2914
f 2764 2914 2765
f 2765 2955 2878
f 2917 2881 2916
f 2883 2957 2882
f 2877 2764 2768
f 2878 2958 2839
f 2879 2806 2840
f 2880 2806 2879
f 2917 2918 2807
f 2920 2883 2841
f 2809 2919 2840
f 2808 2842 2960
f 2841 2812 2920
f 2811 2921 2809
f 2918 2961 2843
f 2812 2962 2920
f 2884 2845 2808
f 2885 2845 2884
f 2843 2961 2886
f 2843 2886 2776
f 2845 2885 2966
f 2740 2845 2966
f 2776 2886 2848
f 2886 2965 2848
f 2813 2966 2968
f 2814 2813 2889
f 2779 2924 2847
f 2971 2850 2926
f 2889 2851 2814
f 2925 2849 2890
f 2849 2925 2815
f 2851 2929 2852
f 2852 2929 2816
f 2787 2891 2930
f 2854 2895 2893
f 2852 2816 2788
f 2892 2786 2894
f 2786 2855 2894
f 2894 2855 2931
f 2787 2930 3023
f 2816 3022 2857
f 2859 2933 2896
f 2856 2932 2895
f 2857 3022 2940
f 2937 2858 3023
f 2860 2817 2897
f 2935 2819 2860
f 2939 2935 2860
f 2898 2861 2820
f 2862 2940 2750
f 2750 2940 2863
f 2821 2863 3030
f 2821 3030 2864
f 2865 2943 2901
f 2984 2903 2983
f 2944 2904 2823
f 2792 2906 2825
f 2757 3079 2824
f 2906 2945 2825
f 2987 2794 2945
f 2794 2987 2867
f 2907 2758 2868
f 2868 2869 2946
f 2871 3035 3038
f 3036 2872 3037
f 3037 2872 2873
f 2873 2909 3037
f 2874 2910 2911
f 2830 2989 2909
f 2990 2830 2801
f 2912 2949 2948
f 2875 2949 2912
f 2993 2833 2992
f 2994 2875 2950
f 2833 2993 2952
f 2953 2835 2880
f 2955 2765 2914
f 2879 2953 2880
f 2913 2916 2881
f 2877 2882 2997
f 2879 2840 2915
f 2883 2959 2957
f 2915 2840 2919
f 2920 2959 2883
f 2960 2842 2999
f 2921 2919 2809
f 2922 2921 2811
f 3005 2886 2961
f 2811 2846 2922
f 2922 2846 2967
f 2846 2847 2967
f 2844 2887 3007
f 3007 2887 2969
f 2848 2965 2923
f 2887 2888 2969
f 2813 2968 2889
f 2849 2848 2923
f 2888 2850 2969
f 2889 2968 2970
f 2890 2849 2923
f 2971 2969 2850
f 3016 2851 2889
f 2926 2853 2927
f 2892 2973 2972
f 2925 2928 2891
f 2973 2892 2974
f 2892 2894 2974
f 2930 3021 3023
f 2816 3020 3022
f 2893 2895 2975
f 2861 2976 2931
f 2895 2932 2975
f 2898 2976 2861
f 2817 2934 2897
f 2938 2937 2978
f 2938 2899 2937
f 2939 2936 2935
f 2939 2979 2936
f 2979 2980 2936
f 2820 2941 2898
f 2820 2900 2941
f 2900 2901 2941
f 2942 2941 2901
f 2901 2943 2942
f 2943 2985 3031
f 3076 2904 2944
f 2986 2985 2905
f 2823 2904 2792
f 2987 2945 2906
f 3033 2907 2868
f 2908 3038 2988
f 2910 2908 2988
f 2947 2911 2910
f 2989 2830 2990
f 2911 2947 3186
f 2801 2948 2990
f 2992 2911 3040
f 2948 2949 2991
f 2875 2994 2949
f 2952 2993 2995
f 2952 2951 2950
f 2836 2835 3041
f 2836 3042 2837
f 2913 2837 3042
f 2882 2957 2997
f 2877 2997 2954
f 2914 2877 2954
f 2878 2955 3084
f 2915 3045 2879
f 3045 3085 2879
f 3085 2953 2879
f 2916 2956 2917
f 2878 3084 2958
f 2956 2998 2917
f 2958 2999 2842
f 2915 2919 3136
f 3136 2919 3088
f 2998 3046 2918
f 2998 2918 2917
f 2918 3046 2961
f 2808 2960 2964
f 2961 3047 3005
f 2884 2808 2964
f 2967 3002 2922
f 3005 2965 2886
f 3007 2962 2844
f 2963 2966 2885
f 2884 2963 2885
f 3007 2969 3054
f 3010 2967 2847
f 3010 2847 2924
f 3011 2968 3009
f 2970 2968 3011
f 2923 3060 2890
f 2924 2972 3013
f 2890 3060 2925
f 2971 2926 2927
f 2925 3060 2928
f 2973 3013 2972
f 3061 2851 3016
f 2854 2927 2853
f 2929 2851 3061
f 2854 2893 2927
f 3020 2816 2929
f 2894 2931 2976
f 3023 3025 2937
f 2932 2935 2975
f 2975 2935 2936
f 2975 2936 3026
f 2978 2937 3025
f 2933 2899 2977
f 2939 2860 3111
f 2939 3111 2979
f 2936 2980 3026
f 2977 2899 2938
f 2979 3111 3027
f 2980 2979 3027
f 2982 2980 3027
f 2863 2981 3030
f 2863 2940 2981
f 2898 2941 3029
f 3031 2985 2986
f 2905 2824 2986
f 2792 3077 2906
f 2866 2907 3032
f 3032 2907 3033
f 2868 2946 3033
f 2867 3034 2826
f 2826 3034 2827
f 2869 2725 3323
f 2725 3036 3323
f 3039 3037 2909
f 3039 2909 3126
f 2909 2989 3126
f 2911 3186 3040
f 2949 3128 2991
f 2994 3128 2949
f 3040 2993 2992
f 2950 2951 2994
f 3085 2996 2953
f 2835 2953 2996
f 2835 2996 3041
f 3042 2836 3041
f 2913 3042 3291
f 2916 2913 3083
f 2913 3291 3083
f 2957 3043 2997
f 2954 2997 3044
f 2955 2914 3133
f 2955 3133 3188
f 3084 2955 3188
f 3045 3134 3085
f 2956 2916 3083
f 2957 2959 3043
f 2915 3136 3045
f 2959 2920 3087
f 3088 2919 3000
f 2999 3001 2960
f 2919 2921 3000
f 3046 3047 2961
f 2960 3001 2964
f 2921 3002 3000
f 2922 3002 2921
f 2962 3007 3093
f 2884 3003 2963
f 3004 3003 2884
f 2884 2964 3004
f 3050 3002 2967
f 2965 3005 3006
f 3009 2966 2963
f 3009 2963 3096
f 3003 3096 2963
f 2967 3010 3050
f 3007 3054 3008
f 2966 3009 2968
f 2924 3012 3010
f 2965 3006 2923
f 3054 2969 3014
f 2970 3011 3056
f 3057 2923 3055
f 2969 2971 3014
f 3013 3012 2924
f 3060 2923 3057
f 2970 3015 2889
f 2970 3056 3015
f 3014 2971 3017
f 3015 3016 2889
f 2971 2927 3017
f 3013 2973 3018
f 3105 3018 2973
f 3063 2891 2928
f 3019 2929 3061
f 2973 2974 3105
f 2930 2891 3063
f 2927 2893 3108
f 3105 2974 3064
f 2929 3019 3020
f 2974 2894 3064
f 2975 3108 2893
f 3024 3022 3020
f 3108 2975 3066
f 3023 3021 3025
f 2898 3069 2976
f 2933 3171 2896
f 3171 3067 2896
f 2934 2896 3067
f 2934 3067 2897
f 3066 2975 3026
f 2860 2897 3111
f 2940 3022 2981
f 3068 2978 3025
f 3070 3027 3111
f 3024 2981 3022
f 2938 2978 3068
f 2982 3026 2980
f 2982 3028 3026
f 3119 2864 3030
f 2941 2942 3177
f 2902 2984 2983
f 2943 3031 2942
f 2984 3074 2903
f 3074 2944 2903
f 3074 3076 2944
f 3178 2986 2824
f 3076 3280 2904
f 2904 3280 2792
f 3078 2906 3077
f 2906 3078 2987
f 3079 2866 3032
f 2987 3179 2867
f 2870 3035 2871
f 3035 3124 3038
f 3038 3125 2988
f 2910 2988 2947
f 2990 3127 2989
f 2948 3127 2990
f 2991 3127 2948
f 3128 3239 2991
f 2993 3040 3081
f 3081 3040 3289
f 2994 3129 3128
f 2994 2951 3129
f 3041 2996 3131
f 3044 2997 3132
f 2914 2954 3133
f 3135 3043 2959
f 2958 3084 3086
f 2959 3087 3135
f 2958 3086 2999
f 3086 3089 2999
f 2999 3089 3001
f 2920 3091 3087
f 3091 2920 2962
f 3093 3091 2962
f 3000 3141 3090
f 3002 3141 3000
f 3048 3005 3049
f 3049 3005 3047
f 2964 3092 3004
f 3050 3197 3002
f 3048 3051 3006
f 3048 3006 3005
f 3007 3094 3093
f 3007 3008 3094
f 3009 3096 3053
f 3006 3051 3100
f 3008 3054 3052
f 3011 3009 3053
f 3055 3006 3100
f 3006 3055 2923
f 3098 3054 3014
f 3011 3101 3056
f 3056 3101 3059
f 3102 3145 3012
f 3098 3014 3058
f 3103 3102 3012
f 3013 3103 3012
f 3056 3059 3015
f 3058 3014 3017
f 3059 3104 3015
f 3018 3103 3013
f 3159 3103 3018
f 3016 3015 3061
f 2928 3062 3063
f 3105 3159 3018
f 3017 2927 3108
f 3107 3017 3108
f 3063 3021 2930
f 3020 3019 3024
f 2894 2976 3064
f 3065 3025 3021
f 3173 3025 3065
f 3068 3025 3173
f 2981 3024 3115
f 2898 3029 3069
f 2938 3068 3116
f 3027 3070 3071
f 2982 3027 3071
f 3072 3028 3071
f 3028 2982 3071
f 3028 3072 3114
f 2981 3115 3030
f 3030 3115 3119
f 2941 3177 3029
f 3119 2902 2864
f 3073 2902 3119
f 2984 2902 3073
f 2984 3073 3121
f 2984 3121 3074
f 3031 2986 3075
f 3178 2824 3122
f 3280 3077 2792
f 2824 3079 3122
f 3078 3179 2987
f 3032 3033 3123
f 2867 3179 3034
f 2827 3034 3080
f 2946 2869 3285
f 3323 3285 2869
f 2827 3080 2870
f 3036 3037 3234
f 3037 3039 3234
f 3125 3182 2988
f 2988 3183 2947
f 3182 3183 2988
f 3183 3186 2947
f 2991 3239 3127
f 2951 2952 2995
f 2996 3085 3082
f 2996 3082 3131
f 3042 3041 3290
f 3042 3290 3291
f 2997 3043 3132
f 2954 3044 3133
f 2956 3137 2998
f 2998 3139 3046
f 3090 3088 3000
f 3087 3091 3138
f 2964 3001 3092
f 3091 3093 3142
f 3197 3141 3002
f 3143 3048 3049
f 3008 3149 3094
f 3008 3052 3149
f 3096 3003 3154
f 3097 3154 3003
f 3097 3003 3004
f 3050 3010 3145
f 3098 3052 3054
f 3098 3095 3052
f 3151 3095 3101
f 3101 3095 3098
f 3151 3101 3011
f 3053 3151 3011
f 3102 3152 3145
f 3010 3012 3145
f 3099 3157 3055
f 3100 3099 3055
f 3101 3098 3059
f 3098 3058 3059
f 3155 3102 3156
f 3156 3102 3103
f 3157 3062 3055
f 3055 3062 3057
f 3059 3058 3104
f 3062 3060 3057
f 3104 3161 3015
f 3062 2928 3060
f 3160 3104 3058
f 3161 3104 3160
f 3161 3164 3015
f 3015 3164 3061
f 3062 3106 3063
f 3107 3058 3017
f 3105 3064 3165
f 3061 3164 3019
f 3021 3063 3106
f 3165 3064 3167
f 3166 3107 3108
f 3019 3109 3024
f 3167 3064 2976
f 3166 3108 3066
f 3109 3110 3024
f 3166 3066 3112
f 3111 2897 3215
f 3066 3026 3112
f 2933 2977 3171
f 3026 3028 3112
f 3115 3024 3110
f 3170 3115 3110
f 3112 3028 3114
f 3114 3113 3112
f 3116 3068 3173
f 3174 3116 3173
f 2938 3116 3313
f 3070 3219 3071
f 3225 3069 3029
f 3072 3071 3219
f 3114 3072 3219
f 3114 3219 3118
f 3117 3114 3118
f 3031 3120 2942
f 3074 3232 3076
f 2986 3178 3075
f 3079 3032 3122
f 3032 3123 3122
f 3123 3033 3284
f 3033 2946 3284
f 2870 3180 3035
f 3180 3124 3035
f 3323 3036 3234
f 3038 3124 3125
f 3234 3039 3181
f 2989 3184 3126
f 3127 3184 2989
f 3185 3186 3183
f 2995 2993 3081
f 3187 2951 3130
f 2951 2995 3130
f 3041 3131 3241
f 3133 3044 3292
f 3133 3242 3188
f 3045 3189 3134
f 2956 3083 3137
f 3084 3188 3191
f 3086 3084 3191
f 3189 3045 3136
f 3192 3189 3136
f 3135 3087 3138
f 3086 3193 3089
f 3191 3193 3086
f 2998 3137 3139
f 3193 3140 3089
f 3001 3089 3140
f 3046 3139 3047
f 3047 3139 3194
f 3138 3091 3250
f 3001 3140 3092
f 3047 3143 3049
f 3194 3143 3047
f 3091 3142 3250
f 3142 3093 3094
f 3254 3142 3094
f 3197 3196 3141
f 3145 3146 3050
f 3050 3146 3197
f 3048 3200 3051
f 3051 3200 3148
f 3143 3201 3048
f 3094 3202 3254
f 3094 3149 3202
f 3095 3149 3052
f 3095 3150 3149
f 3095 3151 3150
f 3150 3151 3256
f 3053 3096 3153
f 3096 3154 3153
f 3004 3144 3097
f 3004 3092 3144
f 3145 3152 3146
f 3147 3146 3152
f 3099 3147 3152
f 3148 3147 3099
f 3148 3099 3100
f 3051 3148 3100
f 3053 3256 3151
f 3153 3256 3053
f 3155 3152 3102
f 3099 3152 3155
f 3099 3155 3157
f 3157 3155 3156
f 3157 3156 3158
f 3157 3158 3062
f 3103 3159 3156
f 3156 3159 3207
f 3207 3209 3158
f 3207 3158 3156
f 3158 3209 3210
f 3158 3210 3062
f 3159 3105 3207
f 3062 3210 3106
f 3107 3160 3058
f 3105 3165 3207
f 3161 3160 3163
f 3163 3160 3162
f 3164 3161 3163
f 3160 3107 3162
f 3164 3163 3019
f 3163 3162 3168
f 3109 3163 3168
f 3019 3163 3109
f 3167 3208 3165
f 3107 3166 3162
f 3169 3162 3166
f 3168 3162 3169
f 3213 3021 3106
f 3109 3168 3172
f 3109 3172 3110
f 3065 3021 3213
f 2976 3069 3167
f 3216 3167 3069
f 3169 3112 3113
f 3166 3112 3169
f 3220 3169 3113
f 3168 3169 3220
f 3218 3216 3069
f 3213 3173 3065
f 3229 3168 3220
f 3229 3172 3168
f 3110 3172 3170
f 3070 3111 3312
f 3172 3221 3170
f 2977 2938 3217
f 3217 2938 3313
f 3113 3117 3223
f 3114 3117 3113
f 3223 3220 3113
f 3170 3175 3115
f 3069 3225 3218
f 3174 3222 3116
f 3313 3116 3222
f 3119 3175 3230
f 3119 3115 3175
f 3313 3222 3268
f 3118 3219 3176
f 3227 3117 3176
f 3117 3118 3176
f 3117 3227 3223
f 3073 3119 3230
f 2942 3120 3177
f 3121 3073 3231
f 3075 3120 3031
f 3232 3074 3121
f 3280 3076 3232
f 3321 3077 3280
f 3178 3122 3282
f 2946 3285 3284
f 3125 3235 3182
f 3039 3126 3181
f 3286 3181 3126
f 3289 3040 3186
f 3360 3128 3129
f 3129 3327 3360
f 2951 3327 3129
f 3327 2951 3187
f 3041 3241 3290
f 3190 3083 3291
f 3133 3292 3242
f 3137 3083 3190
f 3043 3135 3246
f 3246 3135 3245
f 3132 3043 3246
f 3188 3242 3191
f 3135 3138 3245
f 3136 3088 3192
f 3192 3088 3298
f 3193 3248 3140
f 3088 3090 3298
f 3374 3138 3250
f 3300 3090 3141
f 3140 3195 3092
f 3250 3142 3254
f 3092 3195 3144
f 3146 3147 3198
f 3147 3199 3198
f 3147 3148 3199
f 3148 3252 3199
f 3148 3200 3252
f 3048 3201 3200
f 3149 3150 3204
f 3204 3150 3256
f 3097 3144 3206
f 3197 3203 3196
f 3146 3203 3197
f 3153 3257 3256
f 3153 3205 3257
f 3154 3205 3153
f 3154 3258 3205
f 3097 3206 3154
f 3154 3206 3258
f 3209 3207 3259
f 3165 3208 3207
f 3259 3207 3208
f 3212 3208 3167
f 3212 3259 3208
f 3211 3209 3259
f 3209 3211 3210
f 3210 3211 3106
f 3106 3211 3213
f 3167 3216 3212
f 3213 3214 3173
f 3212 3216 3265
f 3265 3263 3212
f 3171 2977 3217
f 3217 3261 3171
f 3171 3261 3067
f 3341 3067 3311
f 2897 3067 3341
f 3215 2897 3341
f 3215 3312 3111
f 3173 3214 3174
f 3312 3219 3070
f 3172 3229 3221
f 3218 3265 3216
f 3266 3174 3214
f 3221 3175 3170
f 3229 3220 3223
f 3221 3229 3224
f 3175 3221 3224
f 3174 3266 3222
f 3313 3268 3314
f 3176 3219 3342
f 3269 3176 3342
f 3222 3266 3226
f 3226 3268 3222
f 3227 3176 3269
f 3227 3228 3223
f 3229 3223 3228
f 3269 3228 3227
f 3228 3271 3229
f 3224 3230 3175
f 3029 3177 3225
f 3177 3279 3225
f 3120 3279 3177
f 3231 3232 3121
f 3075 3178 3281
f 3281 3178 3282
f 3321 3078 3077
f 3123 3284 3283
f 3080 3180 2870
f 3180 3233 3124
f 3324 3323 3234
f 3124 3233 3125
f 3182 3235 3236
f 3182 3236 3183
f 3286 3126 3184
f 3183 3392 3185
f 3236 3392 3183
f 3238 3237 3127
f 3239 3238 3127
f 3289 3186 3185
f 3128 3360 3359
f 3128 3359 3239
f 3081 3289 3240
f 3361 3240 3289
f 2995 3081 3329
f 3329 3081 3240
f 3329 3130 2995
f 3134 3189 3243
f 3085 3134 3244
f 3134 3243 3244
f 3082 3085 3244
f 3191 3242 3247
f 3249 3137 3190
f 3296 3193 3191
f 3137 3249 3139
f 3245 3138 3374
f 3090 3299 3298
f 3139 3249 3194
f 3248 3195 3140
f 3300 3299 3090
f 3143 3194 3302
f 3141 3306 3300
f 3196 3306 3141
f 3306 3196 3307
f 3196 3203 3307
f 3146 3198 3203
f 3251 3203 3198
f 3199 3255 3251
f 3199 3251 3198
f 3201 3253 3200
f 3200 3253 3252
f 3302 3201 3143
f 3253 3201 3302
f 3251 3308 3203
f 3252 3255 3199
f 3202 3304 3254
f 3149 3309 3202
f 3202 3309 3304
f 3204 3309 3149
f 3256 3310 3204
f 3257 3310 3256
f 3211 3259 3260
f 3259 3212 3263
f 3260 3259 3263
f 3213 3211 3214
f 3211 3260 3214
f 3214 3260 3264
f 3067 3261 3311
f 3215 3341 3262
f 3260 3263 3264
f 3214 3264 3267
f 3214 3267 3266
f 3342 3219 3312
f 3265 3218 3315
f 3315 3218 3270
f 3263 3265 3316
f 3316 3265 3315
f 3264 3263 3316
f 3267 3264 3316
f 3225 3270 3218
f 3266 3267 3226
f 3269 3342 3343
f 3224 3229 3272
f 3272 3229 3271
f 3317 3267 3316
f 3267 3317 3226
f 3226 3274 3268
f 3225 3273 3270
f 3226 3317 3274
f 3228 3269 3275
f 3275 3271 3228
f 3274 3317 3319
f 3275 3276 3271
f 3224 3272 3277
f 3224 3277 3230
f 3279 3273 3225
f 3230 3277 3278
f 3073 3230 3278
f 3073 3278 3351
f 3231 3073 3351
f 3120 3075 3352
f 3075 3281 3352
f 3322 3078 3321
f 3078 3322 3179
f 3323 3324 3355
f 3180 3389 3233
f 3324 3234 3181
f 3125 3233 3235
f 3325 3181 3286
f 3235 3287 3236
f 3326 3286 3184
f 3237 3326 3184
f 3237 3184 3127
f 3288 3238 3239
f 3239 3359 3288
f 3241 3404 3290
f 3331 3291 3290
f 3044 3132 3330
f 3293 3291 3331
f 3190 3291 3293
f 3242 3294 3247
f 3191 3247 3295
f 3296 3191 3295
f 3192 3333 3189
f 3333 3243 3189
f 3190 3293 3249
f 3296 3248 3193
f 3192 3298 3333
f 3248 3296 3297
f 3249 3416 3194
f 3248 3297 3195
f 3194 3416 3302
f 3250 3301 3374
f 3195 3297 3303
f 3301 3250 3254
f 3144 3195 3303
f 3254 3304 3301
f 3205 3258 3418
f 3418 3258 3305
f 3258 3206 3305
f 3303 3206 3144
f 3305 3206 3303
f 3203 3308 3337
f 3309 3377 3304
f 3257 3340 3310
f 3205 3340 3257
f 3312 3215 3262
f 3595 3217 3313
f 3542 3595 3313
f 3316 3315 3318
f 3317 3316 3318
f 3268 3274 3381
f 3315 3270 3344
f 3344 3270 3273
f 3318 3315 3344
f 3317 3318 3319
f 3274 3319 3381
f 3275 3343 3346
f 3275 3269 3343
f 3318 3345 3319
f 3276 3275 3346
f 3276 3272 3271
f 3346 3320 3276
f 3272 3276 3320
f 3277 3272 3350
f 3350 3272 3320
f 3278 3277 3350
f 3273 3279 3347
f 3351 3278 3350
f 3120 3352 3279
f 3352 3347 3279
f 3352 3281 3466
f 3353 3280 3232
f 3321 3280 3353
f 3322 3354 3179
f 3034 3179 3354
f 3284 3388 3283
f 3285 3388 3284
f 3355 3285 3323
f 3355 3324 3604
f 3233 3356 3235
f 3326 3325 3286
f 3235 3356 3287
f 3356 3502 3287
f 3361 3289 3185
f 3478 3240 3361
f 3328 3445 3327
f 3328 3327 3187
f 3362 3365 3364
f 3405 3131 3082
f 3241 3402 3404
f 3332 3132 3246
f 3044 3330 3487
f 3292 3044 3487
f 3294 3242 3292
f 3243 3366 3244
f 3082 3244 3405
f 3290 3404 3331
f 3245 3407 3246
f 3332 3246 3407
f 3247 3294 3368
f 3295 3247 3368
f 3295 3368 3369
f 3369 3296 3295
f 3293 3406 3249
f 3406 3372 3249
f 3245 3370 3407
f 3296 3369 3297
f 3372 3416 3249
f 3370 3245 3374
f 3298 3299 3333
f 3299 3300 3334
f 3374 3301 3375
f 3305 3376 3418
f 3376 3305 3303
f 3300 3306 3335
f 3300 3335 3334
f 3205 3418 3419
f 3307 3336 3306
f 3203 3336 3307
f 3337 3336 3203
f 3255 3252 3378
f 3253 3378 3252
f 3340 3205 3419
f 3251 3338 3308
f 3339 3251 3255
f 3309 3379 3377
f 3204 3379 3309
f 3204 3310 3379
f 3595 3261 3217
f 3542 3313 3314
f 3314 3268 3381
f 3346 3343 3428
f 3318 3344 3382
f 3345 3318 3382
f 3319 3345 3381
f 3346 3428 3348
f 3344 3273 3347
f 3320 3346 3348
f 3384 3350 3320
f 3384 3320 3348
f 3352 3385 3347
f 3349 3347 3385
f 3231 3351 3431
f 3232 3231 3386
f 3353 3232 3386
f 3550 3282 3122
f 3321 3387 3322
f 3123 3550 3122
f 3322 3432 3354
f 3354 3433 3034
f 3034 3433 3080
f 3388 3285 3467
f 3355 3467 3285
f 3080 3433 3180
f 3180 3434 3389
f 3233 3389 3390
f 3233 3390 3356
f 3181 3325 3324
f 3357 3325 3326
f 3326 3237 3357
f 3287 3392 3236
f 3357 3237 3358
f 3237 3238 3358
f 3445 3360 3327
f 3362 3364 3399
f 3365 3362 3398
f 3399 3364 3363
f 3130 3328 3187
f 3329 3480 3130
f 3363 3364 3401
f 3401 3364 3365
f 3402 3131 3405
f 3241 3131 3402
f 3332 3330 3132
f 3405 3244 3366
f 3331 3404 3367
f 3293 3331 3406
f 3243 3333 3454
f 3366 3243 3454
f 3369 3371 3297
f 3369 3368 3371
f 3370 3374 3415
f 3373 3333 3299
f 3376 3303 3371
f 3371 3303 3297
f 3299 3334 3373
f 3416 3417 3302
f 3253 3302 3417
f 3417 3421 3253
f 3301 3304 3422
f 3301 3422 3375
f 3335 3306 3420
f 3306 3336 3420
f 3425 3336 3337
f 3421 3378 3253
f 3304 3377 3422
f 3380 3340 3419
f 3308 3425 3337
f 3308 3338 3425
f 3339 3338 3251
f 3255 3378 3339
f 3310 3380 3379
f 3340 3380 3310
f 3541 3342 3312
f 3381 3345 3464
f 3344 3383 3382
f 3429 3345 3382
f 3464 3345 3429
f 3348 3428 3496
f 3347 3349 3344
f 3349 3383 3344
f 3429 3382 3383
f 3384 3348 3496
f 3350 3384 3430
f 3351 3350 3430
f 3231 3431 3386
f 3466 3385 3352
f 3466 3281 3498
f 3282 3498 3281
f 3387 3321 3353
f 3180 3433 3434
f 3604 3700 3355
f 3325 3391 3324
f 3394 3435 3393
f 3393 3435 3439
f 3392 3443 3185
f 3358 3238 3288
f 3440 3393 3439
f 3394 3396 3395
f 3393 3440 3394
f 3440 3396 3394
f 3440 3442 3396
f 3398 3362 3395
f 3398 3395 3396
f 3398 3396 3442
f 3395 3399 3397
f 3395 3362 3399
f 3442 3400 3398
f 3399 3363 3444
f 3398 3400 3365
f 3447 3476 3363
f 3476 3444 3363
f 3363 3401 3447
f 3365 3400 3448
f 3328 3130 3480
f 3401 3365 3448
f 3404 3402 3403
f 3292 3487 3408
f 3331 3367 3406
f 3450 3332 3407
f 3330 3332 3451
f 3332 3450 3451
f 3294 3292 3408
f 3294 3408 3452
f 3294 3452 3409
f 3409 3368 3294
f 3406 3412 3372
f 3407 3370 3413
f 3413 3450 3407
f 3410 3368 3409
f 3368 3410 3371
f 3454 3333 3411
f 3372 3412 3416
f 3370 3415 3413
f 3333 3373 3411
f 3373 3414 3411
f 3412 3457 3416
f 3415 3374 3375
f 3376 3371 3491
f 3456 3414 3373
f 3376 3491 3418
f 3335 3373 3334
f 3335 3456 3373
f 3418 3491 3419
f 3420 3456 3335
f 3420 3336 3425
f 3427 3378 3421
f 3422 3377 3423
f 3424 3380 3419
f 3338 3461 3425
f 3338 3426 3461
f 3426 3338 3339
f 3426 3339 3427
f 3378 3427 3339
f 3377 3379 3423
f 3423 3379 3380
f 3312 3262 3541
f 3342 3541 3543
f 3543 3343 3342
f 3381 3463 3542
f 3381 3542 3314
f 3429 3383 3497
f 3497 3383 3349
f 3384 3496 3430
f 3431 3351 3430
f 3386 3431 3649
f 3652 3322 3387
f 3432 3322 3652
f 3123 3283 3550
f 3432 3499 3354
f 3283 3388 3551
f 3388 3467 3551
f 3354 3499 3433
f 3433 3468 3434
f 3389 3605 3390
f 3390 3553 3356
f 3553 3502 3356
f 3325 3357 3501
f 3502 3555 3287
f 3469 3471 3436
f 3287 3555 3392
f 3469 3436 3470
f 3438 3470 3435
f 3436 3435 3470
f 3437 3436 3471
f 3439 3435 3436
f 3439 3436 3437
f 3394 3438 3435
f 3394 3395 3438
f 3395 3397 3438
f 3440 3439 3441
f 3440 3441 3474
f 3288 3623 3358
f 3623 3288 3359
f 3440 3474 3442
f 3185 3671 3361
f 3185 3443 3671
f 3399 3444 3506
f 3397 3399 3506
f 3474 3400 3442
f 3445 3475 3359
f 3445 3359 3360
f 3478 3361 3567
f 3567 3361 3671
f 3328 3477 3445
f 3329 3240 3482
f 3240 3478 3482
f 3480 3329 3446
f 3446 3329 3482
f 3448 3481 3401
f 3514 3447 3401
f 3481 3514 3401
f 3402 3405 3483
f 3402 3483 3486
f 3402 3486 3403
f 3449 3404 3403
f 3487 3330 3484
f 3367 3404 3449
f 3367 3449 3517
f 3330 3451 3484
f 3409 3452 3453
f 3366 3454 3485
f 3367 3412 3406
f 3450 3413 3489
f 3409 3453 3410
f 3489 3413 3455
f 3490 3371 3410
f 3455 3413 3415
f 3490 3491 3371
f 3415 3375 3455
f 3416 3457 3417
f 3375 3458 3455
f 3491 3493 3419
f 3375 3422 3458
f 3456 3420 3534
f 3536 3458 3422
f 3493 3424 3419
f 3425 3534 3420
f 3495 3427 3460
f 3460 3427 3421
f 3422 3423 3536
f 3459 3423 3380
f 3424 3459 3380
f 3425 3461 3534
f 3461 3426 3495
f 3495 3426 3427
f 3311 3261 3594
f 3341 3311 3539
f 3311 3594 3539
f 3262 3341 3462
f 3341 3539 3462
f 3262 3462 3541
f 3428 3343 3543
f 3544 3428 3543
f 3496 3428 3544
f 3429 3597 3464
f 3430 3546 3431
f 3349 3385 3497
f 3431 3546 3547
f 3466 3548 3385
f 3386 3649 3465
f 3466 3498 3599
f 3386 3465 3353
f 3353 3600 3387
f 3600 3601 3387
f 3498 3282 3550
f 3468 3433 3499
f 3355 3700 3699
f 3324 3391 3604
f 3391 3325 3501
f 3469 3503 3554
f 3554 3472 3469
f 3503 3469 3470
f 3357 3618 3501
f 3469 3472 3471
f 3471 3472 3473
f 3438 3503 3470
f 3471 3473 3437
f 3473 3441 3437
f 3613 3503 3438
f 3437 3441 3439
f 3358 3557 3357
f 3555 3443 3392
f 3445 3477 3716
f 3448 3400 3674
f 3630 3477 3328
f 3476 3447 3479
f 3328 3571 3630
f 3571 3328 3480
f 3479 3447 3570
f 3448 3674 3481
f 3512 3571 3480
f 3446 3512 3480
f 3447 3513 3570
f 3513 3447 3514
f 3403 3486 3575
f 3366 3485 3516
f 3405 3366 3516
f 3408 3521 3452
f 3453 3452 3488
f 3485 3454 3526
f 3517 3412 3367
f 3453 3525 3410
f 3454 3411 3526
f 3489 3455 3528
f 3525 3490 3410
f 3526 3411 3414
f 3412 3523 3457
f 3458 3528 3455
f 3530 3491 3490
f 3456 3532 3414
f 3456 3534 3532
f 3457 3492 3417
f 3533 3459 3424
f 3493 3533 3424
f 3492 3460 3421
f 3417 3492 3421
f 3458 3536 3589
f 3534 3461 3538
f 3494 3536 3423
f 3459 3494 3423
f 3461 3495 3538
f 3261 3595 3594
f 3463 3381 3464
f 3597 3429 3497
f 3430 3544 3546
f 3430 3496 3544
f 3431 3547 3649
f 3548 3466 3599
f 3549 3498 3550
f 3601 3652 3387
f 3550 3653 3602
f 3550 3283 3653
f 3432 3603 3499
f 3551 3654 3283
f 3499 3500 3468
f 3500 3552 3468
f 3699 3467 3355
f 3468 3552 3434
f 3552 3605 3434
f 3434 3605 3389
f 3472 3554 3608
f 3472 3608 3504
f 3502 3619 3555
f 3473 3707 3441
f 3557 3618 3357
f 3438 3397 3613
f 3443 3555 3505
f 3506 3661 3397
f 3441 3620 3474
f 3507 3622 3508
f 3559 3622 3507
f 3359 3475 3623
f 3444 3510 3506
f 3509 3560 3507
f 3508 3511 3507
f 3511 3509 3507
f 3564 3511 3508
f 3443 3505 3671
f 3716 3475 3445
f 3444 3476 3510
f 3400 3715 3674
f 3476 3479 3510
f 3632 3512 3446
f 3403 3575 3578
f 3449 3403 3578
f 3484 3581 3487
f 3405 3516 3483
f 3575 3486 3681
f 3518 3451 3450
f 3518 3519 3451
f 3520 3451 3519
f 3520 3484 3451
f 3515 3484 3520
f 3484 3515 3580
f 3581 3484 3580
f 3487 3581 3521
f 3408 3487 3521
f 3524 3521 3530
f 3524 3452 3521
f 3524 3488 3452
f 3485 3526 3522
f 3523 3412 3517
f 3450 3489 3518
f 3489 3528 3518
f 3520 3519 3585
f 3488 3524 3525
f 3488 3525 3453
f 3527 3522 3526
f 3526 3532 3527
f 3527 3532 3587
f 3490 3524 3530
f 3525 3524 3490
f 3414 3532 3526
f 3458 3529 3528
f 3530 3531 3491
f 3589 3529 3458
f 3457 3523 3492
f 3533 3592 3459
f 3531 3533 3493
f 3491 3531 3493
f 3537 3532 3534
f 3590 3589 3494
f 3494 3589 3536
f 3592 3590 3494
f 3459 3592 3494
f 3535 3644 3460
f 3492 3535 3460
f 3538 3537 3534
f 3538 3495 3593
f 3593 3495 3644
f 3460 3644 3495
f 3541 3462 3596
f 3542 3540 3595
f 3543 3541 3596
f 3597 3497 3545
f 3497 3385 3598
f 3385 3548 3598
f 3600 3353 3465
f 3498 3549 3599
f 3603 3655 3499
f 3606 3604 3391
f 3553 3660 3502
f 3502 3660 3619
f 3554 3503 3612
f 3612 3503 3613
f 3745 3501 3618
f 3472 3504 3473
f 3504 3707 3473
f 3617 3556 3615
f 3613 3397 3661
f 3707 3620 3441
f 3617 3559 3556
f 3559 3558 3556
f 3358 3623 3557
f 3559 3507 3560
f 3559 3560 3558
f 3620 3562 3474
f 3622 3561 3508
f 3508 3561 3625
f 3400 3474 3562
f 3508 3625 3564
f 3563 3564 3625
f 3509 3565 3560
f 3511 3566 3565
f 3511 3565 3509
f 3511 3564 3566
f 3563 3566 3564
f 3510 3479 3669
f 3478 3567 3568
f 3479 3631 3669
f 3631 3479 3570
f 3630 3571 3569
f 3482 3478 3568
f 3446 3482 3632
f 3678 3482 3568
f 3572 3631 3570
f 3570 3513 3572
f 3481 3674 3573
f 3678 3632 3482
f 3513 3634 3572
f 3513 3514 3574
f 3634 3513 3574
f 3514 3481 3574
f 3574 3481 3573
f 3522 3516 3485
f 3576 3483 3516
f 3577 3483 3576
f 3486 3483 3635
f 3486 3635 3681
f 3449 3578 3579
f 3449 3579 3517
f 3521 3581 3582
f 3521 3582 3530
f 3516 3522 3527
f 3587 3516 3527
f 3587 3576 3516
f 3583 3523 3517
f 3519 3518 3584
f 3584 3518 3528
f 3519 3584 3585
f 3585 3586 3520
f 3640 3530 3582
f 3584 3528 3529
f 3529 3585 3584
f 3586 3585 3529
f 3530 3640 3531
f 3523 3583 3689
f 3589 3586 3529
f 3586 3589 3590
f 3532 3537 3587
f 3537 3588 3587
f 3689 3535 3492
f 3689 3492 3523
f 3533 3591 3592
f 3588 3537 3593
f 3535 3643 3644
f 3537 3538 3593
f 3543 3596 3692
f 3692 3544 3543
f 3464 3691 3463
f 3544 3692 3694
f 3546 3694 3695
f 3546 3544 3694
f 3545 3497 3598
f 3545 3598 3648
f 3546 3695 3547
f 3649 3600 3465
f 3549 3550 3602
f 3735 3652 3601
f 3603 3432 3652
f 3653 3283 3654
f 3698 3551 3467
f 3467 3699 3698
f 3500 3656 3552
f 3656 3657 3552
f 3552 3657 3605
f 3605 3607 3390
f 3390 3607 3553
f 3607 3660 3553
f 3391 3703 3606
f 3501 3703 3391
f 3609 3554 3610
f 3608 3554 3609
f 3554 3612 3610
f 3608 3658 3504
f 3658 3611 3504
f 3616 3614 3615
f 3705 3617 3614
f 3617 3615 3614
f 3615 3659 3616
f 3615 3556 3659
f 3555 3619 3662
f 3556 3558 3659
f 3617 3622 3559
f 3555 3662 3505
f 3659 3558 3621
f 3558 3560 3621
f 3661 3506 3624
f 3506 3510 3624
f 3625 3666 3563
f 3505 3719 3671
f 3621 3560 3565
f 3624 3510 3669
f 3667 3621 3565
f 3666 3668 3563
f 3716 3626 3475
f 3667 3565 3566
f 3566 3563 3668
f 3627 3667 3566
f 3627 3566 3628
f 3628 3566 3672
f 3668 3672 3566
f 3477 3629 3716
f 3567 3671 3675
f 3477 3630 3629
f 3629 3630 3569
f 3569 3571 3726
f 3571 3512 3633
f 3512 3632 3633
f 3633 3632 3678
f 3571 3677 3726
f 3633 3677 3571
f 3575 3636 3578
f 3577 3576 3680
f 3577 3635 3483
f 3636 3575 3681
f 3578 3636 3637
f 3579 3578 3637
f 3682 3579 3637
f 3517 3579 3682
f 3580 3515 3683
f 3580 3638 3581
f 3638 3582 3581
f 3576 3587 3641
f 3687 3577 3680
f 3687 3635 3577
f 3682 3637 3685
f 3517 3682 3583
f 3520 3586 3639
f 3686 3580 3683
f 3638 3580 3591
f 3591 3580 3686
f 3591 3640 3582
f 3638 3591 3582
f 3588 3641 3587
f 3687 3641 3588
f 3590 3639 3586
f 3590 3592 3686
f 3639 3590 3686
f 3591 3686 3592
f 3531 3591 3533
f 3640 3591 3531
f 3593 3687 3588
f 3729 3687 3593
f 3729 3593 3642
f 3689 3643 3535
f 3642 3593 3644
f 3643 3642 3644
f 3594 3646 3539
f 3595 3647 3594
f 3646 3594 3645
f 3646 3462 3539
f 3462 3646 3596
f 3595 3540 3647
f 3596 3646 3690
f 3542 3463 3540
f 3596 3690 3692
f 3540 3463 3731
f 3693 3691 3464
f 3693 3464 3597
f 3597 3545 3733
f 3545 3648 3733
f 3649 3547 3696
f 3697 3649 3696
f 3649 3697 3600
f 3548 3599 3549
f 3602 3650 3549
f 3603 3652 3736
f 3736 3738 3603
f 3738 3655 3603
f 3499 3655 3500
f 3551 3698 3766
f 3700 3604 3769
f 3604 3606 3769
f 3605 3701 3607
f 3609 3658 3608
f 3703 3501 3745
f 3743 3705 3614
f 3613 3744 3612
f 3611 3707 3504
f 3705 3706 3617
f 3706 3708 3617
f 3661 3744 3613
f 3617 3708 3622
f 3661 3775 3744
f 3618 3557 3749
f 3659 3621 3663
f 3622 3708 3561
f 3557 3623 3749
f 3624 3710 3661
f 3662 3664 3505
f 3561 3711 3625
f 3663 3621 3665
f 3475 3843 3623
f 3711 3666 3625
f 3664 3719 3505
f 3624 3669 3782
f 3562 3715 3400
f 3621 3667 3665
f 3666 3713 3668
f 3670 3668 3713
f 3718 3672 3668
f 3675 3671 3719
f 3628 3722 3627
f 3628 3672 3720
f 3628 3720 3722
f 3720 3672 3718
f 3629 3755 3716
f 3669 3631 3673
f 3721 3673 3631
f 3674 3676 3573
f 3567 3675 3568
f 3721 3631 3756
f 3756 3631 3572
f 3725 3678 3568
f 3634 3574 3724
f 3792 3724 3574
f 3573 3792 3574
f 3677 3633 3679
f 3678 3679 3633
f 3515 3520 3639
f 3639 3683 3515
f 3576 3641 3680
f 3680 3641 3687
f 3637 3684 3685
f 3583 3682 3685
f 3683 3639 3686
f 3685 3684 3688
f 3583 3685 3689
f 3729 3642 3728
f 3688 3728 3642
f 3689 3688 3643
f 3689 3685 3688
f 3688 3642 3643
f 3645 3594 3647
f 3647 3540 3731
f 3693 3597 3733
f 3547 3695 3696
f 3548 3549 3763
f 3600 3697 3651
f 3651 3601 3600
f 3735 3736 3652
f 3654 3551 3766
f 3657 3701 3605
f 3609 3610 3702
f 3609 3702 3739
f 3609 3739 3658
f 3607 3836 3660
f 3610 3612 3810
f 3743 3614 3704
f 3614 3616 3704
f 3704 3616 3773
f 3611 3811 3707
f 3616 3659 3773
f 3706 3746 3708
f 3775 3661 3710
f 3620 3709 3562
f 3659 3663 3748
f 3708 3747 3561
f 3624 3750 3710
f 3747 3711 3561
f 3843 3749 3623
f 3624 3782 3750
f 3626 3843 3475
f 3665 3667 3714
f 3711 3712 3666
f 3562 3783 3715
f 3712 3713 3666
f 3782 3669 3673
f 3667 3627 3714
f 3668 3670 3718
f 3716 3785 3626
f 3715 3676 3674
f 3627 3717 3714
f 3717 3627 3722
f 3716 3755 3785
f 3757 3722 3720
f 3723 3757 3720
f 3718 3723 3720
f 3721 3756 3787
f 3676 3788 3573
f 3568 3675 3725
f 3572 3634 3756
f 3758 3629 3569
f 3634 3791 3756
f 3573 3759 3792
f 3726 3758 3569
f 3679 3678 3725
f 3724 3791 3634
f 3726 3795 3758
f 3795 3794 3758
f 3677 3679 3760
f 3677 3795 3726
f 3760 3795 3677
f 3635 3727 3681
f 3636 3681 3727
f 3637 3636 3727
f 3687 3729 3635
f 3635 3729 3727
f 3637 3727 3728
f 3637 3728 3684
f 3688 3684 3728
f 3647 3730 3645
f 3645 3730 3646
f 3646 3797 3690
f 3463 3691 3731
f 3692 3690 3761
f 3694 3761 3732
f 3694 3692 3761
f 3732 3695 3694
f 3801 3648 3598
f 3801 3733 3648
f 3598 3548 3763
f 3763 3549 3650
f 3651 3697 3734
f 3735 3601 3651
f 3654 3737 3653
f 3766 3767 3654
f 3698 3699 3768
f 3699 3832 3768
f 3832 3699 3806
f 3699 3700 3806
f 3700 3769 3806
f 3606 3703 3741
f 3702 3610 3740
f 3610 3810 3740
f 3739 3808 3658
f 3658 3808 3611
f 3742 3705 3743
f 3705 3742 3706
f 3703 3745 3835
f 3612 3744 3772
f 3773 3659 3812
f 3707 3776 3620
f 3660 3814 3619
f 3746 3747 3708
f 3618 3749 3815
f 3619 3778 3662
f 3748 3663 3665
f 3562 3709 3783
f 3664 3781 3719
f 3782 3673 3784
f 3715 3929 3676
f 3670 3820 3718
f 3784 3751 3848
f 3784 3673 3751
f 3887 3717 3722
f 3719 3754 3675
f 3673 3721 3751
f 3752 3887 3722
f 3752 3722 3757
f 3723 3718 3753
f 3721 3787 3751
f 3751 3787 3819
f 3675 3793 3725
f 3675 3754 3793
f 3793 3754 3790
f 3573 3857 3759
f 3573 3788 3857
f 3679 3725 3793
f 3760 3827 3795
f 3728 3727 3729
f 3796 3730 3647
f 3730 3864 3646
f 3762 3731 3691
f 3691 3693 3800
f 3693 3733 3800
f 3800 3733 3801
f 3696 3695 3732
f 3598 3763 3801
f 3696 3734 3697
f 3650 3602 3869
f 3651 3764 3735
f 3735 3764 3736
f 3602 3653 3869
f 3869 3653 3737
f 3654 3767 3737
f 3765 3805 3738
f 3738 3805 3655
f 3655 3805 3500
f 3766 3698 3767
f 3698 3768 3767
f 3500 3805 3656
f 3769 3606 3958
f 3958 3606 3741
f 3702 3740 3770
f 3739 3702 3771
f 3702 3770 3771
f 3808 3739 3771
f 3743 3704 3807
f 3742 3743 3807
f 3809 3706 3742
f 3741 3703 3835
f 3612 3772 3810
f 3704 3773 3876
f 3706 3774 3746
f 3744 3775 3837
f 3660 3960 3814
f 3745 3618 3839
f 3659 3748 3812
f 3814 3778 3619
f 3620 3776 3709
f 3839 3618 3815
f 3813 3842 3747
f 3710 3750 3777
f 3711 3747 3842
f 3778 3963 3662
f 3843 3815 3749
f 3662 3963 3664
f 3709 3928 3783
f 3750 3782 3780
f 3779 3665 3714
f 3712 3817 3713
f 3929 3715 3783
f 3714 3717 3779
f 3713 3817 3670
f 3670 3818 3820
f 3670 3817 3818
f 3719 3781 3847
f 3719 3847 3754
f 3718 3822 3753
f 3718 3820 3822
f 3676 3929 3788
f 3755 3786 3785
f 3755 3629 3786
f 3752 3757 3823
f 3757 3723 3823
f 3629 3758 3858
f 3791 3789 3756
f 3793 3790 3824
f 3859 3791 3724
f 3859 3724 3898
f 3724 3792 3898
f 3861 3898 3759
f 3898 3792 3759
f 3679 3793 3863
f 3863 3793 3824
f 3679 3863 3760
f 3863 3826 3760
f 3864 3797 3646
f 3647 3731 3796
f 3761 3690 3798
f 3691 3800 3762
f 3732 3761 3828
f 3732 3799 3696
f 3696 3799 3802
f 3650 3829 3763
f 3696 3830 3734
f 3830 3803 3734
f 3734 3803 3651
f 3651 3803 3764
f 3831 3764 3803
f 3764 3804 3736
f 3736 3804 3738
f 3804 3765 3738
f 3805 3765 3954
f 3871 3656 3805
f 3656 3871 3657
f 3657 3872 3701
f 3701 3920 3607
f 3740 3810 3874
f 3607 3920 3836
f 3807 3704 3876
f 3611 3808 3811
f 3876 3773 4082
f 3774 3838 3746
f 3838 3813 3746
f 3746 3813 3747
f 3665 3841 3748
f 3777 3750 3840
f 3665 3779 3841
f 3842 3712 3711
f 3750 3780 3840
f 3781 3664 3963
f 3783 3928 3929
f 3782 3784 3780
f 3816 3779 3717
f 3717 3887 3816
f 3785 3851 3626
f 3784 3848 3846
f 3751 3819 3848
f 3887 3752 3821
f 3823 3821 3752
f 3895 3753 3822
f 3855 3819 3787
f 3723 3853 3823
f 3753 3853 3723
f 3895 3853 3753
f 3790 3754 3847
f 3787 3756 3855
f 3786 3629 3858
f 3855 3756 3789
f 3857 3861 3759
f 3824 3790 3825
f 3789 3791 3859
f 3758 3794 3858
f 3794 3860 3858
f 3824 3902 3863
f 3903 3794 3904
f 3795 3904 3794
f 3795 3827 3904
f 3760 3826 3827
f 3943 3797 3864
f 3797 3798 3690
f 3943 3798 3797
f 3731 3909 3796
f 3731 3762 3909
f 3800 3946 3762
f 3761 3798 3828
f 3732 3828 3799
f 3801 3866 3800
f 3763 3867 3801
f 3867 3866 3801
f 3829 3867 3763
f 3696 3802 3830
f 3802 3990 3830
f 3830 3868 3803
f 3803 3868 3831
f 3764 3831 3804
f 3767 3768 3952
f 3952 3768 3916
f 3916 3768 3832
f 3832 3806 3917
f 3872 3657 3871
f 3806 3769 3917
f 3872 3956 3701
f 3917 3769 3958
f 3701 3956 3920
f 3740 3874 3770
f 3834 3808 3771
f 3833 3742 3807
f 3833 3809 3742
f 3809 3774 3706
f 3772 3744 3837
f 3839 3835 3745
f 3836 3960 3660
f 3811 3776 3707
f 3776 3811 3959
f 3773 3812 3879
f 3837 3775 3922
f 3775 3710 3922
f 3922 3710 3777
f 3814 3961 3778
f 3777 3840 3923
f 3880 3842 3813
f 3926 3924 3815
f 3841 3779 3844
f 3840 3780 3925
f 3815 3843 3926
f 3963 3968 3781
f 3779 3816 3844
f 3882 3817 3712
f 3780 3784 3845
f 3882 3884 3817
f 3784 3846 3845
f 3817 3884 3818
f 3884 3886 3818
f 3849 3848 3819
f 3887 3821 3891
f 3822 3820 3850
f 3820 3818 3850
f 3852 3847 3888
f 3849 3819 3888
f 3822 3981 3895
f 3850 3981 3822
f 3854 3852 3888
f 3854 3888 3855
f 3855 3888 3819
f 3929 3890 3788
f 3823 3893 3821
f 3893 3823 3853
f 3786 3851 3785
f 3847 3852 3790
f 3790 3852 3825
f 3896 3825 3852
f 3896 3852 3854
f 3856 3854 3855
f 3788 3890 3857
f 3855 3789 3856
f 3789 3897 3856
f 3861 3857 3899
f 3824 3825 3862
f 3902 3824 3862
f 3904 3827 3939
f 3906 3827 3826
f 3863 3907 3826
f 3796 3942 3730
f 3942 3864 3730
f 3942 3796 3944
f 3864 3908 3943
f 3762 3946 3987
f 3800 3866 3946
f 3802 3799 3865
f 3990 3802 3865
f 3867 3829 3948
f 3990 3868 3830
f 3829 3650 3869
f 3831 3868 3914
f 3804 3870 3765
f 3831 3870 3804
f 3952 3737 3767
f 3954 3765 3870
f 3915 3805 3954
f 3915 3871 3805
f 3770 3874 3918
f 3918 3873 3771
f 3918 3771 3770
f 3873 3834 3771
f 3807 4003 3833
f 3807 3876 4003
f 3957 3809 3833
f 3874 3810 3875
f 3810 3877 3875
f 4047 3876 4082
f 3741 3835 3958
f 3877 3810 3772
f 3919 3811 3808
f 3774 3878 3838
f 3921 3835 3839
f 3813 4050 3880
f 3839 3815 3924
f 3777 3923 3922
f 3776 3881 3709
f 3923 3840 3925
f 3963 3778 3961
f 3709 3881 3928
f 3842 3882 3712
f 3927 3926 3843
f 3925 3780 3845
f 3883 3927 3843
f 3883 3843 3626
f 3968 3885 3781
f 3851 3883 3626
f 3975 3816 3887
f 3886 3933 3818
f 3781 3885 3847
f 3848 3932 3846
f 3885 3888 3847
f 3849 3885 3889
f 3849 3888 3885
f 3931 3889 3885
f 3932 3848 3849
f 3932 3849 3889
f 3821 3934 3891
f 3934 3821 3893
f 3892 3851 3786
f 3982 3893 3853
f 3982 3853 3894
f 3894 3853 3895
f 3896 3854 3856
f 3937 3857 3890
f 3858 3936 3786
f 3856 3897 3896
f 3896 3862 3825
f 3896 3938 3862
f 3938 3896 3897
f 4027 3938 3897
f 3789 4027 3897
f 3859 4027 3789
f 3900 3859 3898
f 3861 3900 3898
f 3901 3900 3861
f 3899 3901 3861
f 3794 3984 3860
f 3794 3903 3984
f 3902 3862 3983
f 3903 3904 3905
f 3907 3863 3902
f 3904 3939 3905
f 3939 3827 3906
f 3906 3826 3907
f 3942 3908 3864
f 3909 3944 3796
f 3798 3943 3910
f 3762 3987 3909
f 3798 3910 3828
f 3828 3911 3799
f 3989 3946 3866
f 3799 3911 3865
f 3867 3912 3866
f 3912 3991 3866
f 3948 3912 3867
f 3992 3868 3990
f 3829 3869 3913
f 3829 3913 3948
f 3949 3913 3869
f 3868 3992 3914
f 3869 3737 3949
f 3949 3737 3996
f 3870 3914 3951
f 3870 3831 3914
f 3737 3952 3996
f 3916 3997 3952
f 3953 3916 3832
f 4042 3953 3832
f 3915 4002 3871
f 3832 3917 4042
f 3918 4079 3873
f 3874 3875 3918
f 3834 3919 3808
f 3958 3835 4006
f 3919 4048 3811
f 3920 4007 3836
f 3877 3772 3837
f 3811 4048 3959
f 3838 4050 3813
f 3921 3839 3924
f 3879 3812 3748
f 3960 3961 3814
f 4008 3922 3923
f 3748 3841 3844
f 3961 4055 3963
f 3844 3816 3930
f 3925 3845 3965
f 3930 3816 3975
f 3845 3846 3974
f 3968 3931 3885
f 3851 3978 3883
f 3846 3932 3974
f 3975 3887 3891
f 3818 3933 3850
f 3851 3892 3978
f 3850 3933 3980
f 3850 3980 3981
f 3892 3786 3936
f 3982 3934 3893
f 3894 3895 3935
f 3895 3981 3935
f 3890 4088 3937
f 3857 3937 3899
f 3860 3936 3858
f 4025 3936 3860
f 4027 3859 3900
f 3938 3983 3862
f 3902 4029 3907
f 3983 4029 3902
f 3903 4030 3984
f 3905 4030 3903
f 3906 3907 3940
f 4029 3940 3907
f 3985 3905 3939
f 3906 3941 3939
f 3940 3941 3906
f 3986 3942 3944
f 3908 3942 3986
f 3943 4032 3910
f 3944 3909 3945
f 4032 3988 3910
f 3987 3945 3909
f 3828 3910 3911
f 3991 3989 3866
f 3991 3912 3947
f 3912 3948 3947
f 3993 3947 3948
f 3948 3913 3993
f 3992 4039 4041
f 3992 4041 3914
f 3950 3951 3914
f 3997 3996 3952
f 3870 3951 3954
f 3997 3916 3953
f 4000 3915 3954
f 4002 3915 4000
f 4043 3871 4002
f 4043 3872 3871
f 3955 3917 3958
f 3918 4004 4079
f 3918 3875 4004
f 3834 3873 4005
f 4003 3876 4047
f 4081 3809 3957
f 3809 3878 3774
f 3835 3921 4006
f 4082 3773 3879
f 3837 3922 4053
f 3836 4007 3960
f 4007 4052 3960
f 3959 4051 3776
f 3879 3748 3844
f 4008 3923 4010
f 3776 4051 3881
f 4010 3923 4012
f 3923 3925 4012
f 3842 3880 4057
f 3924 3926 3962
f 3925 3965 4012
f 3842 4057 3882
f 3926 3927 3964
f 3968 3963 4013
f 3964 3927 3967
f 3969 3968 4013
f 3882 4015 3884
f 3845 3970 3965
f 3928 3966 3929
f 3971 3884 4016
f 3967 3927 3971
f 3845 3974 3970
f 3929 3966 3972
f 3884 3971 3886
f 3927 3973 3971
f 3973 3886 3971
f 3927 3883 3973
f 3968 3969 3931
f 3931 3969 4017
f 3974 3977 3970
f 3933 3886 3973
f 3883 3978 3973
f 3974 3976 3977
f 3974 3932 3976
f 3972 3890 3929
f 3889 3976 3932
f 3973 3979 3933
f 3979 3973 3978
f 3892 4021 3978
f 3933 3979 3980
f 3937 4026 3899
f 4064 3899 4026
f 4065 3901 4064
f 4064 3901 3899
f 3860 3984 4025
f 4028 4027 3900
f 3901 4028 3900
f 3938 4066 3983
f 3905 3985 4030
f 3941 3985 3939
f 3940 4093 3941
f 3945 3986 3944
f 3943 3908 4032
f 3987 4033 3945
f 3987 3946 3989
f 3910 4034 3911
f 3911 4034 3865
f 3865 4035 3990
f 4034 4035 3865
f 3990 4035 3992
f 3991 3947 4036
f 4036 3947 3993
f 4036 3993 3994
f 3994 3993 3913
f 4039 3992 4102
f 3949 3995 3913
f 3995 3994 3913
f 3995 3949 3996
f 3996 4040 3995
f 4040 3996 3997
f 4072 3950 4041
f 3914 4041 3950
f 3951 3950 3998
f 3951 3998 3954
f 3997 3953 3999
f 4001 3999 3953
f 3953 4042 4001
f 3917 3955 4042
f 3833 4003 4044
f 3957 3833 4078
f 3833 4044 4078
f 4079 4005 3873
f 4078 4081 3957
f 4005 3919 3834
f 4081 3878 3809
f 3920 3956 4046
f 4046 4049 3920
f 3958 4006 3955
f 3877 3837 4179
f 3920 4049 4007
f 4006 3921 4114
f 3878 4211 3838
f 4211 4050 3838
f 4053 3922 4008
f 3921 3924 4054
f 3960 4052 3961
f 4008 4010 4009
f 4051 4011 3881
f 4057 3880 4084
f 3881 4011 3928
f 4055 4013 3963
f 3928 4011 3966
f 4057 4015 3882
f 3926 3964 4058
f 4012 3965 4014
f 4014 3965 4018
f 4155 3930 3975
f 4016 3884 4015
f 4016 4015 3964
f 3964 3967 4016
f 3969 4060 4017
f 3970 4018 3965
f 3967 3971 4016
f 4019 4017 4060
f 4019 4018 3970
f 4017 3976 3931
f 4019 3977 4017
f 3977 3976 4017
f 4019 3970 3977
f 3931 3976 3889
f 3975 3891 4020
f 3978 4021 3979
f 3890 3972 4088
f 3979 4021 4022
f 3892 4022 4021
f 3980 3979 4061
f 4022 4061 3979
f 4087 3891 3934
f 3980 4061 3981
f 4022 3892 4023
f 3892 3936 4023
f 3982 4087 3934
f 3981 4061 3935
f 3894 4062 3982
f 3935 4062 3894
f 4088 4024 3937
f 3937 4024 4026
f 4028 3938 4027
f 4066 3938 4028
f 3983 4066 4029
f 4029 4093 3940
f 3985 3941 4094
f 3941 4128 4094
f 4093 4128 3941
f 3986 4031 3908
f 4031 4032 3908
f 3986 3945 4068
f 3945 4033 4068
f 3910 3988 4034
f 3987 3989 4033
f 4098 4033 3989
f 3989 3991 4098
f 3994 4037 4036
f 4035 4102 3992
f 3994 3995 4038
f 4040 4038 3995
f 4073 4040 3997
f 4073 3997 4106
f 4106 3997 3999
f 3998 4074 4000
f 4000 3954 3998
f 4000 4075 4002
f 4043 4002 4075
f 4045 3872 4043
f 4003 4076 4044
f 4045 3956 3872
f 4079 4141 4005
f 4003 4047 4076
f 4005 4108 3919
f 3956 4045 4046
f 3875 3877 4209
f 3877 4179 4209
f 4082 3879 4113
f 4049 4112 4007
f 4112 4052 4007
f 4048 4051 3959
f 4114 3921 4115
f 3921 4054 4115
f 4053 4008 4009
f 4213 3879 3844
f 4052 4083 3961
f 4244 3880 4050
f 3924 3962 4054
f 3880 4244 4084
f 4010 4012 4183
f 3844 3930 4117
f 3962 3926 4058
f 4055 4056 4013
f 3930 4155 4117
f 4059 4015 4057
f 3964 4015 4059
f 4058 3964 4059
f 4060 3969 4013
f 4060 4085 4018
f 4018 4085 4014
f 4018 4019 4060
f 4061 4022 4063
f 4063 4022 4023
f 4063 3935 4061
f 4063 4023 4090
f 4023 3936 4090
f 3936 4025 4090
f 4026 4024 4123
f 4064 4026 4123
f 4065 4064 4160
f 4123 4160 4064
f 4028 3901 4065
f 4025 3984 4124
f 4065 4125 4028
f 4066 4028 4125
f 3984 4030 4124
f 4029 4066 4091
f 4030 4067 4124
f 4029 4091 4093
f 3985 4067 4030
f 4092 4067 3985
f 4095 4092 3985
f 3985 4094 4095
f 4068 4097 3986
f 4097 4031 3986
f 4031 4096 4032
f 4032 4096 4069
f 4032 4069 3988
f 4035 4034 4099
f 4098 3991 4100
f 3991 4036 4100
f 4036 4037 4101
f 4100 4036 4101
f 3994 4038 4037
f 4071 4038 4040
f 4037 4038 4071
f 4101 4037 4070
f 4070 4037 4071
f 4073 4071 4040
f 4104 4072 4041
f 4106 4105 4073
f 3950 4072 4135
f 3998 3950 4135
f 4074 3998 4135
f 4001 4136 3999
f 4000 4074 4075
f 4042 3955 4137
f 4044 4076 4077
f 4044 4077 4078
f 4137 3955 4143
f 4047 4142 4076
f 4078 4080 4081
f 3919 4108 4048
f 3955 4006 4111
f 4111 4006 4114
f 3837 4053 4179
f 4146 4051 4048
f 4113 3879 4213
f 4009 4010 4183
f 4083 4055 3961
f 4083 4056 4055
f 4012 4014 4152
f 3962 4058 4118
f 4013 4056 4085
f 4152 4014 4085
f 4057 4084 4086
f 4059 4057 4086
f 4118 4058 4059
f 4086 4118 4059
f 4085 4060 4013
f 3891 4087 4020
f 3982 4089 4087
f 4121 3935 4063
f 4062 4089 3982
f 3935 4121 4062
f 4119 4121 4063
f 4066 4126 4091
f 4125 4126 4066
f 4067 4127 4124
f 4194 4093 4091
f 4097 4096 4031
f 4033 4098 4068
f 4130 4069 4096
f 4069 4130 3988
f 3988 4130 4034
f 4034 4130 4099
f 4099 4132 4035
f 4098 4100 4131
f 4035 4132 4102
f 4101 4131 4100
f 4103 4101 4070
f 4039 4104 4041
f 4103 4070 4071
f 4167 4103 4071
f 4071 4073 4105
f 4105 4167 4071
f 4072 4134 4135
f 3999 4136 4106
f 4001 4170 4136
f 4075 4074 4207
f 4170 4042 4137
f 4001 4042 4170
f 4175 4043 4075
f 4175 4045 4043
f 4078 4077 4138
f 4045 4175 4176
f 4004 4107 4079
f 4080 4078 4140
f 4176 4109 4045
f 4004 4270 4107
f 3875 4270 4004
f 4005 4141 4108
f 4080 4208 4081
f 4109 4046 4045
f 3875 4209 4270
f 4142 4047 4177
f 4081 4208 3878
f 4208 4144 3878
f 4108 4110 4048
f 4047 4082 4177
f 3955 4111 4143
f 4109 4049 4046
f 4109 4112 4049
f 4110 4146 4048
f 4146 4116 4051
f 4051 4116 4011
f 4182 4056 4083
f 4183 4012 4152
f 4150 4084 4244
f 4054 3962 4118
f 4182 4149 4056
f 4149 4151 4056
f 4056 4151 4085
f 4151 4152 4085
f 4011 4154 3966
f 4158 4088 3972
f 4020 4087 4157
f 4088 4158 4024
f 4062 4120 4089
f 4063 4090 4119
f 4121 4120 4062
f 4189 4120 4121
f 4090 4122 4119
f 4090 4025 4122
f 4124 4122 4025
f 4126 4161 4091
f 4067 4092 4127
f 4161 4194 4091
f 4197 4093 4194
f 4094 4196 4095
f 4094 4128 4196
f 4197 4128 4093
f 4068 4129 4097
f 4068 4098 4131
f 4129 4068 4131
f 4096 4097 4162
f 4162 4097 4129
f 4162 4130 4096
f 4165 4132 4099
f 4131 4101 4164
f 4164 4101 4103
f 4104 4102 4132
f 4102 4104 4039
f 4133 4201 4103
f 4167 4133 4103
f 4134 4072 4104
f 4168 4167 4105
f 4074 4206 4207
f 4075 4207 4175
f 4077 4142 4139
f 4076 4142 4077
f 4139 4138 4077
f 4138 4140 4078
f 4171 4137 4143
f 4107 4174 4079
f 4174 4141 4079
f 4210 4109 4176
f 4109 4210 4178
f 4178 4112 4109
f 4082 4113 4177
f 4053 4242 4179
f 4211 4180 4050
f 4114 4115 4145
f 4147 4052 4112
f 4052 4147 4083
f 4147 4181 4083
f 4115 4054 4148
f 4181 4182 4083
f 4116 4246 4011
f 4148 4054 4118
f 4246 4154 4011
f 4086 4084 4150
f 4118 4086 4153
f 4154 4185 3966
f 4155 3975 4307
f 3966 4185 3972
f 3975 4020 4156
f 4185 4219 3972
f 3972 4219 4158
f 4187 4157 4087
f 4089 4187 4087
f 4024 4158 4159
f 4089 4120 4187
f 4121 4119 4189
f 4119 4223 4189
f 4159 4123 4024
f 4122 4223 4119
f 4159 4160 4123
f 4124 4192 4122
f 4160 4193 4065
f 4065 4226 4125
f 4193 4226 4065
f 4124 4127 4192
f 4226 4126 4125
f 4194 4230 4197
f 4095 4195 4092
f 4196 4195 4095
f 4162 4129 4163
f 4130 4162 4165
f 4130 4165 4099
f 4164 4129 4131
f 4164 4103 4201
f 4132 4232 4104
f 4104 4232 4134
f 4167 4166 4133
f 4135 4134 4203
f 4205 4168 4106
f 4106 4168 4105
f 4136 4205 4106
f 4135 4203 4074
f 4206 4074 4203
f 4169 4207 4206
f 4175 4207 4267
f 4139 4142 4172
f 4138 4139 4173
f 4140 4138 4173
f 4142 4177 4172
f 4177 4113 4212
f 4212 4113 4213
f 4178 4147 4112
f 4114 4145 4111
f 4053 4009 4242
f 4242 4009 4243
f 4145 4115 4245
f 4183 4243 4009
f 4050 4180 4244
f 4115 4148 4245
f 4213 3844 4117
f 4148 4118 4153
f 4183 4152 4214
f 4152 4151 4214
f 4184 4117 4155
f 4150 4216 4086
f 4248 4153 4086
f 4248 4086 4216
f 4185 4154 4218
f 3975 4156 4307
f 4156 4020 4157
f 4158 4186 4159
f 4159 4186 4188
f 4120 4222 4187
f 4120 4190 4222
f 4189 4190 4120
f 4191 4159 4188
f 4159 4191 4160
f 4191 4225 4160
f 4225 4193 4160
f 4126 4226 4161
f 4161 4229 4194
f 4092 4256 4127
f 4092 4195 4256
f 4128 4198 4196
f 4197 4198 4128
f 4163 4165 4162
f 4164 4163 4129
f 4163 4164 4199
f 4199 4164 4201
f 4199 4200 4163
f 4163 4200 4165
f 4132 4165 4200
f 4259 4199 4201
f 4132 4200 4232
f 4133 4259 4201
f 4200 4202 4232
f 4134 4232 4203
f 4167 4204 4166
f 4167 4168 4204
f 4205 4204 4168
f 4343 4206 4203
f 4136 4170 4233
f 4233 4205 4136
f 4170 4235 4233
f 4137 4235 4170
f 4267 4207 4266
f 4171 4235 4137
f 4139 4172 4236
f 4108 4141 4296
f 4108 4296 4110
f 4171 4143 4238
f 4272 4176 4175
f 4210 4176 4272
f 4238 4143 4373
f 4143 4111 4373
f 4209 4179 4273
f 4110 4322 4146
f 4275 4178 4210
f 4180 4301 4244
f 4181 4278 4182
f 4116 4281 4246
f 4241 4149 4182
f 4243 4183 4214
f 4213 4117 4184
f 4149 4241 4215
f 4149 4215 4151
f 4214 4151 4215
f 4150 4247 4216
f 4153 4248 4328
f 4184 4155 4329
f 4248 4216 4217
f 4329 4155 4307
f 4218 4249 4185
f 4185 4249 4219
f 4219 4186 4158
f 4156 4157 4251
f 4221 4251 4157
f 4186 4220 4188
f 4221 4157 4187
f 4187 4222 4221
f 4189 4223 4314
f 4314 4190 4189
f 4253 4225 4191
f 4122 4224 4223
f 4192 4224 4122
f 4225 4227 4193
f 4227 4226 4193
f 4227 4229 4226
f 4127 4228 4192
f 4161 4226 4229
f 4127 4256 4228
f 4257 4230 4194
f 4194 4229 4257
f 4196 4258 4195
f 4198 4258 4196
f 4197 4339 4198
f 4230 4339 4197
f 4199 4259 4231
f 4200 4199 4231
f 4202 4200 4231
f 4133 4166 4259
f 4232 4262 4203
f 4263 4259 4166
f 4166 4204 4263
f 4204 4205 4264
f 4233 4264 4205
f 4206 4345 4169
f 4235 4234 4233
f 4266 4207 4169
f 4139 4236 4173
f 4236 4172 4269
f 4140 4173 4237
f 4296 4141 4174
f 4235 4171 4238
f 4296 4322 4110
f 4272 4175 4267
f 4209 4273 4270
f 3878 4144 4211
f 4144 4401 4211
f 4322 4281 4146
f 4179 4242 4273
f 4242 4279 4273
f 4211 4401 4353
f 4277 4147 4178
f 4281 4116 4146
f 4180 4211 4353
f 4111 4145 4239
f 4212 4213 4240
f 4147 4277 4181
f 4327 4239 4145
f 4245 4327 4145
f 4241 4182 4278
f 4280 4279 4242
f 4243 4280 4242
f 4240 4213 4184
f 4243 4214 4215
f 4148 4153 4245
f 4244 4303 4150
f 4245 4153 4302
f 4302 4153 4328
f 4247 4150 4303
f 4246 4218 4154
f 4217 4216 4247
f 4218 4308 4249
f 4307 4156 4332
f 4249 4250 4219
f 4186 4219 4250
f 4332 4156 4251
f 4186 4250 4283
f 4220 4283 4252
f 4283 4220 4186
f 4188 4220 4252
f 4188 4252 4191
f 4286 4222 4190
f 4286 4221 4222
f 4190 4314 4286
f 4191 4287 4253
f 4225 4253 4255
f 4254 4224 4192
f 4228 4254 4192
f 4255 4227 4225
f 4195 4288 4256
f 4195 4258 4338
f 4202 4231 4260
f 4260 4261 4202
f 4202 4261 4232
f 4262 4232 4261
f 4203 4262 4343
f 4204 4264 4263
f 4264 4290 4263
f 4345 4206 4343
f 4233 4265 4264
f 4233 4234 4265
f 4266 4169 4345
f 4291 4173 4236
f 4291 4237 4173
f 4235 4238 4317
f 4294 4140 4237
f 4174 4107 4268
f 4107 4318 4268
f 4268 4296 4174
f 4294 4080 4140
f 4294 4350 4080
f 4107 4270 4318
f 4080 4350 4208
f 4296 4297 4322
f 4208 4350 4144
f 4272 4267 4271
f 4274 4269 4172
f 4177 4274 4172
f 4210 4272 4275
f 4212 4274 4177
f 4275 4276 4178
f 4276 4277 4178
f 4111 4239 4373
f 4278 4181 4277
f 4280 4243 4282
f 4241 4282 4215
f 4282 4243 4215
f 4281 4355 4246
f 4245 4302 4327
f 4244 4301 4303
f 4328 4248 4304
f 4184 4329 4358
f 4217 4304 4248
f 4218 4360 4308
f 4308 4250 4249
f 4252 4309 4284
f 4283 4309 4252
f 4252 4284 4285
f 4191 4285 4287
f 4252 4285 4191
f 4334 4221 4286
f 4224 4314 4223
f 4253 4287 4255
f 4388 4254 4228
f 4256 4288 4228
f 4195 4338 4288
f 4258 4315 4338
f 4198 4289 4258
f 4258 4289 4315
f 4198 4339 4289
f 4230 4257 4339
f 4259 4263 4316
f 4259 4316 4231
f 4231 4316 4260
f 4262 4342 4343
f 4290 4264 4265
f 4235 4317 4234
f 4293 4266 4345
f 4236 4347 4291
f 4237 4291 4292
f 4293 4267 4266
f 4236 4269 4347
f 4237 4292 4294
f 4267 4293 4271
f 4270 4295 4318
f 4270 4298 4295
f 4319 4269 4274
f 4299 4272 4271
f 4270 4273 4298
f 4275 4272 4299
f 4274 4212 4321
f 4299 4300 4275
f 4300 4276 4275
f 4353 4375 4180
f 4180 4375 4301
f 4323 4279 4280
f 4282 4326 4280
f 4281 4406 4355
f 4240 4184 4358
f 4302 4328 4357
f 4246 4355 4218
f 4247 4356 4305
f 4217 4247 4305
f 4304 4217 4306
f 4306 4217 4305
f 4328 4304 4306
f 4218 4355 4360
f 4308 4330 4250
f 4330 4309 4283
f 4250 4330 4283
f 4310 4284 4309
f 4284 4310 4285
f 4285 4310 4312
f 4251 4221 4334
f 4285 4312 4287
f 4311 4334 4286
f 4314 4313 4286
f 4314 4335 4313
f 4224 4335 4314
f 4255 4287 4364
f 4254 4335 4224
f 4227 4255 4336
f 4227 4336 4337
f 4337 4229 4227
f 4228 4288 4388
f 4288 4414 4388
f 4288 4338 4443
f 4261 4341 4262
f 4290 4391 4263
f 4344 4290 4265
f 4344 4265 4346
f 4234 4346 4265
f 4291 4347 4292
f 4317 4346 4234
f 4347 4269 4368
f 4268 4318 4369
f 4318 4349 4369
f 4369 4296 4268
f 4269 4319 4368
f 4296 4369 4297
f 4319 4274 4351
f 4238 4402 4317
f 4351 4274 4321
f 4402 4238 4373
f 4400 4273 4320
f 4273 4279 4320
f 4276 4352 4277
f 4320 4279 4323
f 4322 4404 4281
f 4240 4321 4212
f 4324 4321 4240
f 4281 4404 4406
f 4241 4278 4325
f 4325 4282 4241
f 4326 4282 4325
f 4302 4357 4327
f 4301 4356 4303
f 4303 4356 4247
f 4305 4361 4306
f 4379 4358 4329
f 4329 4307 4379
f 4379 4307 4381
f 4308 4360 4330
f 4331 4309 4330
f 4307 4332 4381
f 4309 4331 4382
f 4309 4382 4310
f 4382 4333 4310
f 4310 4333 4312
f 4333 4385 4312
f 4313 4311 4286
f 4312 4385 4287
f 4385 4364 4287
f 4336 4413 4337
f 4414 4288 4443
f 4257 4478 4339
f 4315 4443 4338
f 4261 4260 4340
f 4261 4340 4341
f 4367 4260 4316
f 4262 4341 4342
f 4316 4263 4389
f 4389 4367 4316
f 4389 4263 4391
f 4445 4343 4342
f 4290 4344 4391
f 4294 4292 4348
f 4349 4396 4369
f 4395 4350 4294
f 4349 4318 4295
f 4399 4346 4317
f 4398 4271 4293
f 4370 4299 4271
f 4402 4399 4317
f 4450 4298 4400
f 4144 4419 4401
f 4298 4273 4400
f 4297 4371 4322
f 4299 4370 4453
f 4300 4299 4453
f 4371 4404 4322
f 4453 4372 4300
f 4372 4276 4300
f 4372 4352 4276
f 4373 4239 4497
f 4354 4278 4352
f 4352 4278 4277
f 4327 4497 4239
f 4354 4325 4278
f 4323 4280 4405
f 4325 4405 4326
f 4326 4405 4280
f 4324 4240 4358
f 4356 4376 4305
f 4429 4357 4328
f 4359 4429 4328
f 4328 4306 4359
f 4361 4305 4376
f 4306 4361 4359
f 4360 4377 4330
f 4330 4362 4331
f 4331 4380 4382
f 4332 4251 4383
f 4382 4363 4333
f 4384 4334 4311
f 4335 4365 4313
f 4365 4335 4254
f 4255 4364 4336
f 4336 4364 4442
f 4254 4388 4365
f 4229 4366 4257
f 4366 4229 4337
f 4260 4367 4340
f 4341 4390 4342
f 4392 4293 4345
f 4395 4294 4348
f 4396 4349 4295
f 4397 4297 4369
f 4346 4399 4449
f 4293 4392 4398
f 4295 4298 4447
f 4297 4397 4371
f 4350 4419 4144
f 4370 4271 4398
f 4351 4321 4403
f 4402 4373 4497
f 4401 4493 4353
f 4375 4353 4496
f 4325 4354 4374
f 4374 4405 4325
f 4301 4375 4356
f 4356 4428 4376
f 4355 4377 4360
f 4425 4377 4355
f 4362 4427 4378
f 4377 4427 4362
f 4361 4376 4408
f 4359 4361 4409
f 4409 4361 4408
f 4378 4380 4362
f 4330 4377 4362
f 4362 4380 4331
f 4382 4472 4363
f 4383 4251 4334
f 4383 4334 4384
f 4311 4313 4386
f 4311 4386 4384
f 4313 4365 4386
f 4365 4387 4386
f 4387 4365 4411
f 4442 4413 4336
f 4339 4478 4289
f 4367 4389 4415
f 4340 4367 4415
f 4341 4340 4390
f 4344 4483 4391
f 4343 4445 4392
f 4392 4345 4343
f 4292 4347 4394
f 4292 4394 4348
f 4394 4347 4393
f 4347 4368 4393
f 4348 4394 4417
f 4348 4417 4395
f 4368 4319 4393
f 4395 4418 4350
f 4449 4344 4346
f 4396 4295 4487
f 4397 4369 4396
f 4295 4447 4487
f 4319 4351 4420
f 4418 4419 4350
f 4298 4450 4447
f 4351 4403 4420
f 4402 4452 4399
f 4371 4451 4404
f 4452 4402 4456
f 4402 4497 4456
f 4372 4453 4421
f 4321 4324 4403
f 4405 4457 4323
f 4497 4327 4357
f 4375 4428 4356
f 4358 4465 4324
f 4430 4427 4462
f 4358 4379 4465
f 4407 4408 4376
f 4359 4409 4429
f 4427 4430 4378
f 4465 4379 4432
f 4408 4433 4409
f 4409 4433 4468
f 4380 4378 4410
f 4378 4430 4410
f 4379 4381 4432
f 4382 4380 4410
f 4383 4381 4332
f 4383 4384 4437
f 4384 4440 4437
f 4384 4386 4440
f 4385 4477 4364
f 4477 4442 4364
f 4412 4411 4365
f 4388 4412 4365
f 4511 4388 4414
f 4257 4479 4478
f 4366 4479 4257
f 4315 4480 4443
f 4340 4415 4390
f 4391 4483 4389
f 4416 4394 4393
f 4416 4417 4394
f 4395 4417 4482
f 4395 4482 4418
f 4485 4483 4344
f 4319 4420 4393
f 4344 4449 4485
f 4398 4392 4446
f 4397 4396 4487
f 4371 4397 4448
f 4451 4371 4448
f 4399 4452 4449
f 4419 4493 4401
f 4370 4490 4453
f 4400 4320 4494
f 4451 4455 4404
f 4421 4352 4372
f 4493 4496 4353
f 4354 4352 4421
f 4495 4320 4457
f 4320 4323 4457
f 4424 4404 4455
f 4374 4354 4422
f 4405 4374 4423
f 4374 4422 4423
f 4423 4457 4405
f 4357 4498 4497
f 4404 4424 4406
f 4425 4424 4459
f 4460 4425 4459
f 4406 4425 4355
f 4424 4425 4406
f 4428 4375 4496
f 4460 4426 4427
f 4425 4460 4377
f 4357 4429 4464
f 4427 4426 4462
f 4460 4427 4377
f 4428 4407 4376
f 4429 4409 4468
f 4407 4431 4408
f 4408 4431 4433
f 4467 4433 4431
f 4432 4381 4434
f 4435 4433 4467
f 4435 4468 4433
f 4473 4476 4435
f 4471 4435 4476
f 4434 4381 4383
f 4383 4436 4434
f 4539 4363 4472
f 4383 4437 4436
f 4438 4475 4436
f 4438 4436 4437
f 4440 4438 4437
f 4438 4440 4439
f 4363 4385 4333
f 4441 4439 4440
f 4386 4441 4440
f 4387 4441 4386
f 4541 4413 4442
f 4412 4388 4511
f 4337 4413 4510
f 4443 4542 4414
f 4315 4289 4480
f 4483 4444 4389
f 4389 4444 4415
f 4514 4415 4444
f 4390 4415 4514
f 4342 4390 4445
f 4416 4482 4417
f 4392 4445 4481
f 4392 4481 4446
f 4484 4418 4482
f 4393 4420 4416
f 4397 4487 4448
f 4398 4446 4490
f 4398 4490 4370
f 4491 4451 4448
f 4453 4490 4517
f 4450 4400 4494
f 4453 4517 4454
f 4453 4454 4606
f 4494 4320 4495
f 4453 4606 4421
f 4324 4503 4403
f 4354 4421 4422
f 4524 4501 4496
f 4457 4423 4458
f 4503 4324 4465
f 4501 4463 4496
f 4461 4460 4502
f 4459 4502 4460
f 4426 4460 4461
f 4496 4463 4428
f 4463 4407 4428
f 4533 4538 4430
f 4465 4432 4504
f 4407 4466 4431
f 4430 4538 4410
f 4467 4431 4466
f 4538 4472 4410
f 4469 4432 4434
f 4468 4435 4508
f 4410 4472 4382
f 4467 4470 4473
f 4435 4467 4473
f 4470 4469 4475
f 4473 4470 4475
f 4434 4436 4469
f 4475 4469 4436
f 4473 4475 4474
f 4473 4474 4476
f 4472 4613 4539
f 4471 4476 4540
f 4438 4474 4475
f 4476 4474 4438
f 4439 4476 4438
f 4509 4439 4441
f 4387 4566 4441
f 4566 4509 4441
f 4387 4411 4566
f 4411 4412 4589
f 4590 4589 4412
f 4413 4541 4510
f 4337 4510 4366
f 4414 4542 4511
f 4443 4480 4542
f 4289 4570 4480
f 4289 4543 4570
f 4478 4543 4289
f 4445 4514 4481
f 4445 4390 4514
f 4544 4515 4416
f 4515 4482 4416
f 4482 4515 4512
f 4416 4420 4544
f 4512 4484 4482
f 4485 4486 4483
f 4486 4444 4483
f 4447 4489 4487
f 4487 4489 4448
f 4484 4419 4418
f 4484 4492 4419
f 4447 4450 4488
f 4489 4447 4488
f 4489 4491 4448
f 4488 4450 4516
f 4490 4552 4517
f 4420 4403 4547
f 4492 4493 4419
f 4450 4494 4516
f 4521 4451 4491
f 4451 4521 4455
f 4550 4496 4493
f 4606 4522 4421
f 4421 4522 4422
f 4495 4457 4458
f 4521 4424 4455
f 4423 4422 4499
f 4458 4423 4528
f 4423 4499 4528
f 4528 4526 4458
f 4424 4500 4459
f 4459 4500 4502
f 4531 4461 4529
f 4502 4529 4461
f 4503 4465 4504
f 4461 4531 4426
f 4357 4464 4498
f 4426 4531 4462
f 4531 4533 4462
f 4463 4505 4407
f 4462 4533 4430
f 4505 4506 4407
f 4506 4466 4407
f 4432 4469 4504
f 4469 4535 4504
f 4470 4536 4535
f 4469 4470 4535
f 4466 4507 4467
f 4507 4470 4467
f 4435 4471 4508
f 4476 4439 4540
f 4439 4509 4540
f 4587 4540 4509
f 4509 4566 4564
f 4477 4565 4442
f 4412 4511 4590
f 4513 4514 4444
f 4484 4512 4546
f 4420 4547 4544
f 4446 4549 4490
f 4490 4549 4552
f 4488 4554 4489
f 4489 4554 4491
f 4519 4551 4485
f 4516 4518 4488
f 4485 4449 4519
f 4521 4491 4554
f 4492 4550 4493
f 4452 4519 4449
f 4518 4494 4520
f 4516 4494 4518
f 4555 4521 4554
f 4547 4403 4557
f 4494 4495 4520
f 4403 4503 4557
f 4524 4496 4550
f 4456 4598 4452
f 4520 4495 4523
f 4523 4495 4458
f 4555 4525 4521
f 4521 4525 4500
f 4625 4499 4422
f 4458 4526 4523
f 4525 4523 4526
f 4521 4500 4424
f 4524 4559 4501
f 4528 4529 4526
f 4525 4526 4502
f 4502 4526 4529
f 4500 4525 4502
f 4498 4527 4497
f 4528 4530 4529
f 4561 4529 4530
f 4561 4531 4529
f 4503 4504 4532
f 4501 4560 4463
f 4504 4558 4532
f 4560 4505 4463
f 4561 4533 4531
f 4535 4558 4504
f 4534 4538 4533
f 4506 4537 4466
f 4537 4536 4507
f 4466 4537 4507
f 4507 4536 4470
f 4472 4612 4613
f 4471 4540 4508
f 4363 4586 4385
f 4587 4509 4564
f 4477 4385 4586
f 4565 4541 4442
f 4566 4411 4589
f 4602 4366 4510
f 4602 4591 4366
f 4591 4479 4366
f 4480 4569 4542
f 4478 4479 4543
f 4543 4479 4591
f 4480 4570 4569
f 4515 4544 4512
f 4544 4545 4512
f 4512 4545 4546
f 4571 4545 4547
f 4547 4545 4544
f 4546 4548 4484
f 4548 4492 4484
f 4594 4513 4444
f 4573 4514 4513
f 4573 4481 4514
f 4446 4481 4549
f 4486 4594 4444
f 4488 4553 4554
f 4548 4550 4492
f 4485 4551 4486
f 4488 4518 4553
f 4486 4551 4608
f 4517 4552 4576
f 4454 4517 4576
f 4553 4520 4556
f 4518 4520 4553
f 4554 4553 4555
f 4555 4553 4556
f 4550 4559 4524
f 4606 4634 4609
f 4522 4606 4609
f 4520 4523 4556
f 4555 4556 4523
f 4555 4523 4525
f 4503 4532 4557
f 4522 4625 4422
f 4557 4532 4558
f 4456 4497 4527
f 4456 4527 4598
f 4499 4625 4530
f 4530 4528 4499
f 4559 4560 4501
f 4464 4527 4498
f 4582 4558 4536
f 4537 4583 4582
f 4537 4582 4536
f 4560 4562 4505
f 4536 4558 4535
f 4533 4561 4534
f 4562 4537 4506
f 4562 4506 4505
f 4429 4563 4464
f 4585 4538 4534
f 4429 4468 4563
f 4468 4508 4563
f 4563 4508 4628
f 4585 4612 4538
f 4538 4612 4472
f 4508 4540 4638
f 4638 4540 4600
f 4600 4540 4587
f 4363 4539 4586
f 4567 4541 4565
f 4617 4510 4541
f 4568 4590 4511
f 4510 4617 4602
f 4542 4568 4511
f 4542 4569 4568
f 4545 4572 4546
f 4571 4572 4545
f 4546 4572 4548
f 4481 4573 4549
f 4571 4547 4557
f 4557 4596 4571
f 4548 4572 4574
f 4574 4550 4548
f 4595 4573 4594
f 4594 4573 4513
f 4574 4577 4550
f 4608 4575 4486
f 4486 4575 4594
f 4552 4549 4605
f 4608 4551 4519
f 4578 4550 4577
f 4550 4578 4559
f 4578 4584 4559
f 4596 4557 4579
f 4598 4519 4452
f 4557 4558 4579
f 4580 4584 4578
f 4530 4625 4581
f 4579 4558 4582
f 4580 4579 4583
f 4583 4579 4582
f 4584 4580 4583
f 4559 4584 4560
f 4635 4598 4527
f 4581 4561 4530
f 4584 4583 4562
f 4584 4562 4560
f 4599 4635 4527
f 4527 4464 4599
f 4562 4583 4537
f 4508 4638 4628
f 4564 4566 4588
f 4588 4566 4589
f 4541 4567 4601
f 4541 4601 4617
f 4617 4632 4602
f 4592 4543 4593
f 4591 4603 4543
f 4592 4570 4543
f 4571 4596 4572
f 4572 4596 4574
f 4574 4596 4597
f 4574 4597 4577
f 4595 4604 4573
f 4549 4573 4604
f 4620 4549 4604
f 4605 4549 4620
f 4552 4605 4576
f 4595 4594 4575
f 4576 4605 4621
f 4576 4621 4454
f 4577 4597 4578
f 4597 4596 4579
f 4624 4608 4519
f 4597 4579 4580
f 4597 4580 4578
f 4625 4522 4626
f 4522 4609 4626
f 4610 4561 4581
f 4561 4610 4534
f 4610 4585 4534
f 4464 4563 4599
f 4613 4614 4539
f 4615 4539 4614
f 4587 4649 4600
f 4539 4615 4586
f 4477 4586 4639
f 4587 4564 4616
f 4477 4639 4565
f 4564 4588 4616
f 4653 4567 4565
f 4588 4589 4630
f 4653 4654 4567
f 4567 4654 4601
f 4630 4589 4590
f 4591 4602 4603
f 4568 4569 4657
f 4569 4618 4657
f 4570 4618 4569
f 4603 4593 4543
f 4575 4633 4595
f 4642 4604 4633
f 4633 4604 4595
f 4454 4661 4606
f 4607 4575 4608
f 4633 4575 4607
f 4606 4661 4634
f 4607 4608 4624
f 4519 4598 4624
f 4599 4648 4635
f 4599 4563 4648
f 4585 4611 4612
f 4563 4628 4648
f 4565 4639 4653
f 4590 4656 4630
f 4641 4602 4632
f 4590 4568 4656
f 4656 4568 4657
f 4641 4603 4602
f 4570 4592 4618
f 4603 4619 4593
f 4604 4643 4620
f 4605 4620 4622
f 4621 4605 4622
f 4454 4621 4661
f 4609 4634 4623
f 4609 4623 4626
f 4625 4626 4581
f 4598 4635 4624
f 4662 4624 4635
f 4635 4647 4662
f 4610 4611 4585
f 4628 4627 4648
f 4611 4637 4612
f 4612 4637 4613
f 4613 4637 4629
f 4613 4629 4614
f 4586 4615 4651
f 4586 4651 4639
f 4632 4617 4631
f 4631 4617 4601
f 4657 4618 4673
f 4619 4603 4641
f 4642 4643 4604
f 4620 4643 4659
f 4622 4620 4659
f 4633 4644 4642
f 4607 4674 4633
f 4634 4645 4623
f 4626 4623 4698
f 4674 4607 4624
f 4674 4624 4662
f 4646 4663 4581
f 4581 4663 4610
f 4635 4648 4647
f 4610 4636 4611
f 4587 4616 4649
f 4651 4666 4639
f 4588 4652 4616
f 4588 4630 4652
f 4667 4654 4653
f 4631 4601 4655
f 4655 4601 4640
f 4640 4601 4654
f 4630 4669 4668
f 4630 4656 4669
f 4618 4592 4673
f 4621 4622 4660
f 4621 4660 4661
f 4633 4674 4644
f 4634 4661 4645
f 4626 4646 4581
f 4610 4663 4664
f 4610 4664 4636
f 4636 4637 4611
f 4628 4638 4627
f 4629 4665 4614
f 4614 4677 4650
f 4614 4650 4615
f 4615 4650 4651
f 4701 4649 4616
f 4616 4652 4701
f 4639 4679 4653
f 4652 4630 4668
f 4670 4631 4655
f 4641 4670 4672
f 4641 4632 4670
f 4670 4632 4631
f 4656 4657 4671
f 4657 4673 4671
f 4641 4672 4619
f 4592 4658 4673
f 4593 4658 4592
f 4619 4658 4593
f 4659 4660 4622
f 4684 4643 4685
f 4642 4697 4643
f 4643 4697 4685
f 4642 4644 4697
f 4662 4647 4675
f 4627 4638 4714
f 4714 4638 4600
f 4665 4629 4676
f 4665 4677 4614
f 4650 4678 4651
f 4666 4679 4639
f 4679 4667 4653
f 4654 4667 4640
f 4704 4670 4655
f 4671 4669 4656
f 4673 4658 4682
f 4659 4643 4684
f 4696 4661 4660
f 4623 4645 4698
f 4626 4686 4646
f 4662 4675 4674
f 4699 4663 4646
f 4699 4700 4663
f 4663 4700 4664
f 4688 4664 4700
f 4675 4647 4713
f 4664 4688 4636
f 4713 4647 4648
f 4688 4690 4636
f 4636 4690 4637
f 4690 4676 4637
f 4629 4637 4676
f 4665 4691 4677
f 4651 4678 4666
f 4652 4668 4718
f 4679 4694 4667
f 4640 4667 4680
f 4680 4667 4694
f 4640 4680 4655
f 4655 4680 4704
f 4670 4704 4681
f 4669 4671 4705
f 4669 4705 4719
f 4681 4672 4670
f 4705 4671 4682
f 4682 4671 4673
f 4683 4682 4658
f 4619 4683 4658
f 4672 4683 4619
f 4659 4684 4660
f 4696 4645 4661
f 4687 4697 4644
f 4644 4674 4687
f 4698 4686 4626
f 4674 4675 4687
f 4646 4686 4699
f 4648 4689 4713
f 4648 4627 4689
f 4689 4627 4714
f 4691 4665 4676
f 4649 4728 4600
f 4728 4649 4701
f 4650 4702 4678
f 4701 4652 4716
f 4678 4692 4666
f 4666 4692 4693
f 4666 4693 4679
f 4652 4718 4716
f 4694 4679 4693
f 4668 4719 4718
f 4669 4719 4668
f 4730 4705 4682
f 4695 4684 4685
f 4696 4708 4645
f 4645 4708 4698
f 4687 4675 4712
f 4714 4600 4728
f 4726 4650 4677
f 4702 4650 4726
f 4702 4717 4678
f 4742 4678 4717
f 4742 4692 4678
f 4692 4742 4693
f 4742 4703 4693
f 4693 4703 4694
f 4672 4681 4720
f 4730 4682 4683
f 4672 4720 4683
f 4706 4660 4684
f 4706 4696 4660
f 4706 4684 4695
f 4696 4706 4707
f 4708 4696 4707
f 4698 4708 4709
f 4710 4685 4697
f 4723 4685 4710
f 4733 4698 4709
f 4697 4687 4710
f 4686 4698 4733
f 4711 4686 4733
f 4686 4711 4699
f 4711 4724 4699
f 4699 4724 4700
f 4712 4675 4713
f 4676 4690 4715
f 4726 4677 4691
f 4746 4694 4729
f 4729 4694 4703
f 4680 4746 4704
f 4694 4746 4680
f 4719 4705 4747
f 4720 4681 4721
f 4706 4722 4707
f 4723 4695 4685
f 4708 4707 4732
f 4708 4732 4709
f 4734 4710 4687
f 4687 4712 4734
f 4700 4753 4688
f 4724 4753 4700
f 4712 4713 4735
f 4753 4737 4688
f 4735 4713 4736
f 4713 4689 4736
f 4688 4737 4690
f 4737 4715 4690
f 4689 4714 4739
f 4676 4715 4725
f 4739 4714 4728
f 4676 4725 4691
f 4726 4691 4740
f 4701 4716 4728
f 4728 4716 4755
f 4726 4727 4702
f 4755 4716 4756
f 4718 4756 4716
f 4742 4743 4703
f 4743 4729 4703
f 4719 4760 4718
f 4721 4681 4745
f 4681 4704 4745
f 4704 4746 4745
f 4719 4747 4760
f 4705 4730 4747
f 4730 4683 4748
f 4720 4748 4683
f 4706 4750 4731
f 4722 4706 4731
f 4695 4751 4750
f 4750 4706 4695
f 4722 4749 4707
f 4707 4749 4732
f 4751 4695 4723
f 4709 4732 4752
f 4733 4709 4779
f 4733 4764 4711
f 4764 4765 4711
f 4711 4765 4724
f 4783 4766 4712
f 4783 4712 4735
f 4737 4767 4715
f 4736 4689 4738
f 4689 4739 4738
f 4767 4725 4715
f 4728 4788 4739
f 4691 4725 4740
f 4740 4727 4726
f 4728 4755 4788
f 4727 4771 4702
f 4702 4741 4717
f 4771 4741 4702
f 4756 4718 4758
f 4742 4717 4741
f 4718 4760 4758
f 4743 4744 4729
f 4745 4746 4759
f 4759 4746 4744
f 4729 4744 4746
f 4730 4748 4747
f 4762 4776 4722
f 4776 4749 4722
f 4762 4722 4731
f 4723 4710 4763
f 4709 4752 4779
f 4779 4764 4733
f 4763 4710 4734
f 4734 4712 4766
f 4765 4819 4724
f 4819 4753 4724
f 4753 4754 4737
f 4754 4767 4737
f 4736 4738 4735
f 4757 4755 4756
f 4756 4758 4757
f 4743 4741 4773
f 4741 4743 4742
f 4759 4744 4773
f 4743 4773 4744
f 4760 4747 4761
f 4720 4721 4774
f 4750 4796 4731
f 4796 4762 4731
f 4749 4776 4778
f 4732 4749 4778
f 4751 4796 4750
f 4732 4778 4752
f 4780 4764 4779
f 4850 4765 4764
f 4819 4798 4753
f 4798 4754 4753
f 4783 4735 4784
f 4738 4784 4735
f 4738 4787 4784
f 4739 4787 4738
f 4800 4739 4788
f 4740 4725 4768
f 4727 4768 4769
f 4727 4740 4768
f 4788 4755 4802
f 4770 4802 4755
f 4727 4769 4771
f 4770 4755 4757
f 4771 4773 4741
f 4772 4757 4758
f 4773 4810 4759
f 4810 4791 4759
f 4758 4760 4772
f 4791 4721 4745
f 4759 4791 4745
f 4775 4761 4747
f 4748 4775 4747
f 4748 4793 4775
f 4720 4793 4748
f 4720 4774 4793
f 4762 4777 4794
f 4796 4777 4762
f 4762 4794 4776
f 4776 4815 4778
f 4840 4751 4723
f 4752 4859 4779
f 4818 4723 4763
f 4723 4818 4840
f 4779 4797 4780
f 4781 4763 4782
f 4780 4850 4764
f 4763 4734 4782
f 4766 4783 4799
f 4783 4784 4799
f 4767 4754 4786
f 4786 4754 4785
f 4787 4821 4784
f 4787 4739 4800
f 4767 4866 4725
f 4800 4788 4802
f 4804 4768 4725
f 4825 4769 4768
f 4770 4789 4802
f 4789 4770 4805
f 4806 4769 4825
f 4770 4757 4790
f 4790 4805 4770
f 4769 4806 4771
f 4773 4771 4806
f 4790 4772 4808
f 4757 4772 4790
f 4773 4807 4810
f 4791 4810 4792
f 4760 4761 4772
f 4793 4774 4814
f 4792 4814 4774
f 4721 4792 4774
f 4791 4792 4721
f 4815 4776 4795
f 4776 4794 4795
f 4778 4837 4752
f 4796 4751 4817
f 4777 4796 4817
f 4751 4840 4817
f 4779 4859 4797
f 4781 4818 4763
f 4766 4782 4734
f 4820 4782 4766
f 4799 4852 4766
f 4821 4799 4784
f 4786 4866 4767
f 4821 4787 4822
f 4787 4800 4822
f 4822 4800 4801
f 4866 4804 4725
f 4801 4800 4802
f 4803 4801 4802
f 4803 4802 4789
f 4804 4825 4768
f 4803 4789 4805
f 4832 4824 4805
f 4828 4807 4806
f 4806 4807 4773
f 4805 4790 4835
f 4835 4790 4808
f 4807 4809 4810
f 4834 4808 4772
f 4811 4792 4809
f 4810 4809 4792
f 4772 4761 4834
f 4761 4812 4834
f 4811 4814 4792
f 4761 4775 4812
f 4775 4793 4813
f 4812 4775 4813
f 4813 4793 4814
f 4794 4849 4795
f 4778 4815 4837
f 4816 4777 4817
f 4837 4859 4752
f 4797 4838 4780
f 4838 4850 4780
f 4852 4820 4766
f 4798 4785 4754
f 4841 4821 4822
f 4841 4822 4801
f 4803 4823 4801
f 4824 4803 4805
f 4824 4823 4803
f 4843 4823 4824
f 4804 4845 4825
f 4826 4843 4824
f 4854 4843 4826
f 4825 4845 4806
f 4827 4854 4826
f 4827 4829 4854
f 4854 4829 4844
f 4845 4828 4806
f 4826 4824 4832
f 4829 4827 4846
f 4830 4844 4829
f 4832 4827 4826
f 4846 4827 4832
f 4830 4829 4831
f 4807 4830 4831
f 4828 4830 4807
f 4832 4805 4835
f 4831 4829 4833
f 4847 4832 4835
f 4807 4831 4809
f 4834 4835 4808
f 4831 4833 4811
f 4809 4831 4811
f 4848 4835 4834
f 4812 4848 4834
f 4848 4812 4813
f 4836 4813 4814
f 4811 4836 4814
f 4816 4849 4777
f 4849 4794 4777
f 4837 4815 4872
f 4816 4817 4860
f 4838 4839 4850
f 4850 4851 4765
f 4782 4861 4781
f 4765 4851 4819
f 4782 4820 4888
f 4863 4820 4852
f 4821 4852 4799
f 4821 4841 4852
f 4804 4866 4842
f 4853 4801 4823
f 4843 4853 4823
f 4845 4804 4876
f 4830 4856 4844
f 4856 4830 4857
f 4845 4870 4828
f 4870 4857 4828
f 4828 4857 4830
f 4829 4846 4833
f 4846 4832 4847
f 4846 4847 4836
f 4833 4836 4811
f 4833 4846 4836
f 4835 4848 4847
f 4813 4847 4848
f 4836 4847 4813
f 4815 4795 4872
f 4795 4858 4872
f 4849 4816 4873
f 4797 4859 4838
f 4860 4817 4840
f 4838 4879 4839
f 4880 4840 4818
f 4781 4880 4818
f 4851 4850 4839
f 4851 4874 4819
f 4819 4874 4798
f 4863 4862 4820
f 4798 4899 4785
f 4863 4852 4864
f 4864 4852 4841
f 4785 4882 4786
f 4853 4864 4841
f 4841 4801 4853
f 4843 4854 4853
f 4854 4867 4853
f 4804 4842 4855
f 4867 4854 4844
f 4856 4867 4844
f 4804 4855 4876
f 4870 4845 4883
f 4883 4845 4876
f 4795 4849 4858
f 4872 4858 4878
f 4849 4873 4893
f 4893 4858 4849
f 4837 4872 4885
f 4837 4879 4859
f 4873 4816 4860
f 4859 4879 4838
f 4860 4840 4880
f 4880 4781 4861
f 4899 4882 4785
f 4786 4882 4866
f 4865 4864 4853
f 4867 4865 4853
f 4875 4842 4866
f 4855 4842 4875
f 4868 4867 4856
f 4869 4868 4856
f 4869 4856 4857
f 4871 4869 4857
f 4883 4871 4870
f 4870 4871 4857
f 4837 4885 4879
f 4879 4886 4839
f 4861 4782 4888
f 4874 4899 4798
f 4862 4913 4820
f 4863 4889 4862
f 4864 4889 4863
f 4865 4889 4864
f 4882 4891 4866
f 4868 4890 4865
f 4891 4875 4866
f 4867 4868 4865
f 4876 4855 4883
f 4883 4855 4877
f 4871 4883 4900
f 4858 4894 4878
f 4878 4885 4872
f 4860 4880 4896
f 4886 4907 4839
f 4880 4861 4897
f 4897 4861 4887
f 4839 4907 4851
f 4861 4888 4887
f 4820 4913 4888
f 4881 4882 4899
f 4889 4865 4890
f 4900 4869 4871
f 4858 4893 4894
f 4878 4894 4884
f 4885 4878 4884
f 4879 4885 4895
f 4873 4860 4896
f 4879 4895 4886
f 4880 4897 4896
f 4898 4897 4887
f 4862 4889 4915
f 4890 4868 4901
f 4901 4868 4892
f 4910 4875 4891
f 4892 4868 4869
f 4855 4875 4877
f 4892 4869 4900
f 4877 4900 4883
f 4893 4873 4896
f 4895 4906 4886
f 4896 4897 4898
f 4886 4906 4907
f 4887 4888 4913
f 4915 4889 4890
f 4882 4881 4891
f 4877 4918 4900
f 4885 4884 4919
f 4895 4885 4920
f 4885 4919 4920
f 4898 4887 4923
f 4851 4908 4874
f 4913 4862 4914
f 4862 4915 4914
f 4874 4908 4899
f 4899 4908 4881
f 4901 4892 4902
f 4892 4900 4947
f 4918 4877 4903
f 4875 4903 4877
f 4894 4911 4884
f 4884 4911 4919
f 4896 4904 4893
f 4896 4905 4904
f 4895 4920 4906
f 4896 4898 4905
f 4898 4923 4905
f 4922 4907 4906
f 4907 4912 4851
f 4887 4913 4923
f 4912 4908 4851
f 4890 4901 4928
f 4916 4891 4881
f 4909 4891 4916
f 4909 4910 4891
f 4947 4900 4918
f 4875 4910 4903
f 4904 4894 4893
f 4906 4920 4922
f 4922 4912 4907
f 4912 4924 4908
f 4913 4914 4935
f 4915 4890 4928
f 4901 4902 4928
f 4917 4910 4909
f 4917 4903 4910
f 4932 4894 4904
f 4911 4894 4932
f 4919 4911 4930
f 4904 4905 4931
f 4922 4920 4921
f 4922 4927 4912
f 4923 4913 4935
f 4912 4927 4924
f 4915 4928 4914
f 4908 4925 4881
f 4881 4925 4916
f 4928 4902 4946
f 4902 4892 4947
f 4918 4903 4926
f 4903 4917 4926
f 4911 4932 4930
f 4932 4904 4931
f 4920 4919 4957
f 4920 4957 4933
f 4933 4921 4920
f 4905 4923 4939
f 4921 4934 4922
f 4922 4934 4927
f 4914 4928 4942
f 4928 4944 4942
f 4924 4925 4908
f 4925 4929 4916
f 4928 4946 4944
f 4929 4909 4916
f 4918 4955 4947
f 4918 4926 4955
f 4957 4919 4930
f 4905 4939 4931
f 4939 4923 4940
f 4935 4940 4923
f 4927 4941 4924
f 4935 4914 4942
f 4925 4943 4937
f 4943 4925 4924
f 4925 4937 4929
f 4902 4947 4954
f 4902 4954 4946
f 4909 4945 4917
f 4945 4909 4929
f 4955 4926 4948
f 4926 4917 4948
f 4931 4938 4932
f 4939 4938 4931
f 4933 4934 4921
f 4951 4934 4933
f 4934 4951 4927
f 4935 4952 4940
f 4941 4936 4924
f 4936 4943 4924
f 4944 4946 4953
f 4946 4954 4953
f 4945 4929 4937
f 4917 4945 4948
f 4932 4938 4930
f 4956 4930 4938
f 4930 4956 4957
f 4939 4940 4949
f 4933 4957 4959
f 4933 4959 4950
f 4933 4950 4951
f 4941 4927 4951
f 4935 4942 4952
f 4962 4943 4936
f 4972 4945 4937
f 4945 4964 4948
f 4947 4955 4954
f 4938 4939 4958
f 4976 4956 4938
f 4967 4957 4956
f 4959 4957 4967
f 4939 4949 4958
f 4958 4949 4968
f 4940 4952 4949
f 4951 4950 4960
f 4960 4941 4951
f 4952 4942 4961
f 4941 4962 4936
f 4942 4944 4961
f 4963 4961 4944
f 4979 4937 4943
f 4963 4944 4953
f 4972 4937 4979
f 4945 4972 4964
f 4953 4973 4963
f 4954 4973 4953
f 4973 4954 4965
f 4954 4955 4965
f 4948 4966 4955
f 4955 4966 4965
f 4964 4966 4948
f 4958 4976 4938
f 4956 4980 4967
f 4976 4980 4956
f 4977 4976 4958
f 4960 4950 4982
f 4968 4952 4969
f 4949 4952 4968
f 4982 4983 4960
f 4983 4941 4960
f 4952 4961 4969
f 4941 4983 4962
f 4961 4970 4969
f 4943 4962 4979
f 4979 4962 4984
f 4963 4971 4970
f 4963 4970 4961
f 4963 4973 4971
f 4971 4973 4974
f 4965 4974 4973
f 4966 4974 4965
f 4975 4974 4966
f 4964 4975 4966
f 4981 4977 4958
f 4967 4980 4959
f 4968 4981 4958
f 4959 4980 4978
f 4950 4959 4978
f 4969 4981 4968
f 4950 4978 4982
f 4990 4989 4969
f 4970 4990 4969
f 4984 4962 4983
f 4970 4971 4990
f 4993 4972 4979
f 4985 4971 4974
f 4964 4972 4993
f 4974 4975 4985
f 4980 4976 4988
f 4981 4987 4977
f 4981 4969 4989
f 4991 4983 4982
f 4991 4984 4983
f 4990 4971 4985
f 4984 4993 4979
f 4986 4964 4993
f 4986 4985 4975
f 4964 4986 4975
f 4977 4988 4976
f 4987 4988 4977
f 4981 4989 4987
f 4997 4991 4982
f 4990 4996 4989
f 5001 4996 4990
f 4984 4991 4992
f 4984 4992 4993
f 4990 4985 5001
f 5001 4985 4986
f 4988 4994 4980
f 4999 4994 4988
f 4994 4978 4980
f 4987 4999 4988
f 4995 4978 4994
f 4978 4995 4982
f 4989 4996 4987
f 4999 4987 4996
f 4995 4997 4982
f 4997 4998 4992
f 4991 4997 4992
f 5002 4993 4998
f 4992 4998 4993
f 5002 5001 4986
f 4993 5002 4986
f 4994 4999 5000
f 5000 4999 4996
f 4995 4994 5000
f 4995 5000 4997
f 5000 4996 5002
f 4998 5000 5002
f 5000 4998 4997
f 5002 4996 5001
